date,station,temp_mean_c,temp_min_c,temp_max_c,dewpoint_mean_c,relative_humidity_mean,wind_speed_mean_mps,precipitation_mm,latitude,longitude,elevation_m,source_type
2019-01-01,IOW,-2.0991512345679015,-5.611111111111112,1.1111111111111112,-5.017361111111112,80.39166666666667,4.57303773707265,0.0,41.6394,-91.5445,204.0,public observation
2019-01-02,IOW,-4.9234182098765435,-6.722222222222223,-1.569444444444444,-8.016203703703704,79.35968749999999,3.8488137282051285,0.0,41.6394,-91.5445,204.0,public observation
2019-01-03,IOW,-1.703703703703704,-6.722222222222223,7.222222222222222,-5.810185185185186,74.91541666666667,2.1385700897435895,0.0,41.6394,-91.5445,204.0,public observation
2019-01-04,IOW,1.6458333333333333,-5.0,10.0,-2.4583333333333335,75.94916666666667,1.670294141025641,0.0,41.6394,-91.5445,204.0,public observation
2019-01-05,IOW,2.946759259259259,-1.722222222222223,11.666666666666666,-0.12962962962962987,81.89833333333333,1.7890119871794872,0.0,41.6394,-91.5445,204.0,public observation
2019-01-06,IOW,2.076388888888889,-1.1111111111111112,5.0,-0.15509259259259284,85.48833333333333,3.0796063839355092,0.0,41.6394,-91.5445,204.0,public observation
2019-01-07,IOW,7.420910493827161,3.888888888888889,11.11111111111111,5.72337962962963,89.15506944444445,5.942926011732712,11.684,41.6394,-91.5445,204.0,public observation
2019-01-08,IOW,3.2156635802469133,0.0,7.777777777777778,-0.9722222222222222,77.34024305555555,5.1316538481351985,0.0,41.6394,-91.5445,204.0,public observation
2019-01-09,IOW,-5.37962962962963,-8.88888888888889,0.5555555555555556,-12.137345679012347,59.112500000000004,8.085297756410258,0.0,41.6394,-91.5445,204.0,public observation
2019-01-10,IOW,-6.372685185185186,-8.88888888888889,-2.2222222222222223,-12.24074074074074,63.38916666666666,2.895671168803419,0.0,41.6394,-91.5445,204.0,public observation
2019-01-11,IOW,-3.5810185185185186,-6.722222222222223,0.5555555555555556,-8.104166666666666,71.1075,3.398298346153846,0.0,41.6394,-91.5445,204.0,public observation
2019-01-12,IOW,-1.1844907407407417,-1.722222222222225,-0.6111111111111119,-3.4290123456790123,85.13291666666667,4.351697538555807,6.35,41.6394,-91.5445,204.0,public observation
2019-01-13,IOW,-1.0052083333333337,-2.2222222222222223,0.0,-4.4594907407407405,77.68284722222222,4.925818562214053,0.254,41.6394,-91.5445,204.0,public observation
2019-01-14,IOW,-3.655864197530864,-7.4074074074074066,-1.1111111111111112,-5.829089506172839,85.19444444444444,2.711464831766382,0.0,41.6394,-91.5445,204.0,public observation
2019-01-15,IOW,-1.5671296296296298,-2.7777777777777777,1.1111111111111112,-2.7557870370370368,91.61583333333334,3.3315963678929768,0.0,41.6394,-91.5445,204.0,public observation
2019-01-16,IOW,-0.5410628019323673,-2.2222222222222223,1.6666666666666667,-4.277777777777779,76.00630434782609,3.7889976215034964,0.0,41.6394,-91.5445,204.0,public observation
2019-01-17,IOW,-1.043595679012346,-1.722222222222225,0.0,-3.372685185185185,84.54125,2.3923981030100334,0.0,41.6394,-91.5445,204.0,public observation
2019-01-18,IOW,-3.2781635802469133,-5.2037037037037015,-1.1111111111111112,-6.8553240740740735,76.29972222222223,3.6864452850961538,0.0,41.6394,-91.5445,204.0,public observation
2019-01-19,IOW,-6.565779320987654,-10.61111111111111,-3.430555555555554,-10.203510802469136,75.9153125,7.705219077938035,2.794,41.6394,-91.5445,204.0,public observation
2019-01-20,IOW,-14.085648148148147,-16.72222222222222,-9.38888888888889,-19.13888888888889,66.115,3.292084347222222,0.0,41.6394,-91.5445,204.0,public observation
2019-01-21,IOW,-13.773148148148147,-17.77777777777778,-8.277777777777779,-18.70138888888889,66.3425,4.376071717948718,0.0,41.6394,-91.5445,204.0,public observation
2019-01-22,IOW,-5.063657407407407,-9.38888888888889,-0.777777777777777,-7.95679012345679,80.41326388888889,4.527463471314102,1.27,41.6394,-91.5445,204.0,public observation
2019-01-23,IOW,-5.777777777777779,-10.0,-1.1111111111111112,-8.444251543209877,81.65191666666666,5.5694238169369035,3.048,41.6394,-91.5445,204.0,public observation
2019-01-24,IOW,-12.907021604938272,-18.88888888888889,-7.222222222222222,-15.810570987654321,79.536875,4.80072356923077,0.0,41.6394,-91.5445,204.0,public observation
2019-01-25,IOW,-18.76388888888889,-25.0,-13.88888888888889,-22.864583333333332,70.58375,4.0582934091880345,0.0,41.6394,-91.5445,204.0,public observation
2019-01-26,IOW,-18.551851851851854,-23.88888888888889,-11.722222222222221,-20.96720679012346,81.31968055555556,1.9147257064102565,0.508,41.6394,-91.5445,204.0,public observation
2019-01-27,IOW,-15.664351851851853,-22.77777777777778,-11.722222222222221,-18.34722222222222,80.04708333333333,2.559853557692308,0.0,41.6394,-91.5445,204.0,public observation
2019-01-28,IOW,-8.59502314814815,-12.777777777777779,-1.1111111111111112,-11.491319444444445,79.80909722222222,6.81202137542735,1.778,41.6394,-91.5445,204.0,public observation
2019-01-29,IOW,-17.014274691358025,-20.0,-13.88888888888889,-21.641203703703706,67.46527777777777,7.013751419230769,0.0,41.6394,-91.5445,204.0,public observation
2019-01-30,IOW,-26.531635802469136,-30.0,-21.055555555555557,-31.961612654320987,60.2690625,6.705616972542735,0.0,41.6394,-91.5445,204.0,public observation
2019-01-31,IOW,-26.873456790123456,-32.22222222222222,-19.074074074074076,-29.993788580246914,74.99072222222222,1.7973916663053042,0.762,41.6394,-91.5445,204.0,public observation
2019-02-01,IOW,-15.746527777777779,-18.27777777777778,-10.0,-19.050925925925927,75.77375,2.4627868002136752,0.0,41.6394,-91.5445,204.0,public observation
2019-02-02,IOW,-4.983410493827161,-13.88888888888889,5.555555555555555,-6.74729938271605,87.51745833333332,1.7434272857153739,0.0,41.6394,-91.5445,204.0,public observation
2019-02-03,IOW,5.190586419753086,2.7777777777777777,7.777777777777778,4.871527777777778,97.9253125,2.716074147253471,0.0,41.6394,-91.5445,204.0,public observation
2019-02-04,IOW,2.339506172839506,-6.111111111111111,7.222222222222222,0.711033950617284,89.10930555555557,4.446546877059052,0.0,41.6394,-91.5445,204.0,public observation
2019-02-05,IOW,-7.324818121693121,-10.61111111111111,-1.9722222222222225,-11.138839285714285,74.36836607142857,4.297372398842593,2.54,41.6394,-91.5445,204.0,public observation
2019-02-06,IOW,-1.2081404320987656,-2.2222222222222223,0.0,-2.6413194444444446,90.13081249999999,2.4052280599650353,1.016,41.6394,-91.5445,204.0,public observation
2019-02-07,IOW,-3.2067708333333336,-12.851851851851851,0.0,-4.780555555555556,88.92590972222223,5.3429574822618155,6.35,41.6394,-91.5445,204.0,public observation
2019-02-08,IOW,-15.136574074074074,-17.77777777777778,-12.222222222222221,-19.69097222222222,68.21822916666666,8.587928859615385,0.0,41.6394,-91.5445,204.0,public observation
2019-02-09,IOW,-12.368055555555555,-15.555555555555555,-5.611111111111112,-17.16898148148148,68.08125,2.8607703205128203,0.0,41.6394,-91.5445,204.0,public observation
2019-02-10,IOW,-3.94945987654321,-5.0,-2.7777777777777777,-7.719521604938271,75.5592361111111,3.801046337252331,1.27,41.6394,-91.5445,204.0,public observation
2019-02-11,IOW,-2.3275462962962963,-3.277777777777777,-0.6111111111111119,-4.2172067901234565,86.93854166666667,3.59366457948718,4.318,41.6394,-91.5445,204.0,public observation
2019-02-12,IOW,-1.6321373456790125,-7.240740740740741,0.0,-3.5037037037037044,87.13521527777777,6.447846334348291,11.937999999999999,41.6394,-91.5445,204.0,public observation
2019-02-13,IOW,-11.316550925925926,-15.555555555555555,-5.611111111111112,-14.442515432098766,77.66715277777779,5.455349371652422,0.0,41.6394,-91.5445,204.0,public observation
2019-02-14,IOW,0.5324074074074074,-4.388888888888888,6.111111111111111,-2.8981481481481484,78.29166666666667,3.1655736794871796,0.0,41.6394,-91.5445,204.0,public observation
2019-02-15,IOW,-13.407021604938272,-17.22222222222222,-6.111111111111111,-17.87384259259259,69.11021527777778,7.125709636387632,0.0,41.6394,-91.5445,204.0,public observation
2019-02-16,IOW,-10.685185185185185,-15.555555555555555,-3.277777777777777,-15.287808641975309,69.23555555555556,3.0509303946516444,0.0,41.6394,-91.5445,204.0,public observation
2019-02-17,IOW,-3.482445987654321,-4.388888888888888,-2.7777777777777777,-6.0413194444444445,82.62620138888889,4.135858483440171,4.8260000000000005,41.6394,-91.5445,204.0,public observation
2019-02-18,IOW,-5.767746913580247,-8.88888888888889,-3.277777777777777,-8.879243827160494,79.03458333333333,3.5646397542200856,0.254,41.6394,-91.5445,204.0,public observation
2019-02-19,IOW,-11.879629629629628,-17.77777777777778,-4.388888888888888,-14.837962962962962,79.42791666666666,1.7978059017094017,0.0,41.6394,-91.5445,204.0,public observation
2019-02-20,IOW,-1.5119212962962962,-4.388888888888888,1.6666666666666667,-3.747337962962963,85.003,5.361287528792736,2.032,41.6394,-91.5445,204.0,public observation
2019-02-21,IOW,-5.731481481481481,-12.222222222222221,0.5555555555555556,-9.66820987654321,74.69638888888889,2.98938881532634,0.0,41.6394,-91.5445,204.0,public observation
2019-02-22,IOW,-4.562500000000001,-9.38888888888889,1.6666666666666667,-9.9375,66.63291666666667,2.595453921911422,0.0,41.6394,-91.5445,204.0,public observation
2019-02-23,IOW,1.3468364197530864,0.6944444444444444,1.9444444444444444,-0.27469135802469136,89.15236111111112,3.9556535738069805,27.177999999999997,41.6394,-91.5445,204.0,public observation
2019-02-24,IOW,-3.5408399470899474,-9.13888888888889,2.037037037037036,-6.247023809523809,82.01270833333332,10.02552287056624,5.842,41.6394,-91.5445,204.0,public observation
2019-02-25,IOW,-12.854166666666666,-16.11111111111111,-8.88888888888889,-18.68287037037037,62.004999999999995,4.946845189814815,0.0,41.6394,-91.5445,204.0,public observation
2019-02-26,IOW,-8.958333333333334,-10.61111111111111,-5.0,-14.006944444444445,66.90041666666666,5.001154155128205,0.0,41.6394,-91.5445,204.0,public observation
2019-02-27,IOW,-7.339699074074075,-10.61111111111111,-5.611111111111114,-10.645833333333334,77.6971875,5.371832047364673,0.0,41.6394,-91.5445,204.0,public observation
2019-02-28,IOW,-10.472222222222223,-13.277777777777779,-4.388888888888888,-16.48148148148148,61.909166666666664,2.228120619949495,0.0,41.6394,-91.5445,204.0,public observation
2019-03-01,IOW,-4.157407407407407,-6.111111111111111,0.0,-10.358796296296296,62.36916666666667,1.7423043093240096,0.0,41.6394,-91.5445,204.0,public observation
2019-03-02,IOW,-4.210648148148148,-8.277777777777779,0.0,-8.953703703703704,69.91958333333334,4.003643727272727,0.0,41.6394,-91.5445,204.0,public observation
2019-03-03,IOW,-11.745370370370372,-16.11111111111111,-5.611111111111112,-17.278935185185187,63.65729166666667,6.3294985,0.0,41.6394,-91.5445,204.0,public observation
2019-03-04,IOW,-17.125,-20.0,-11.722222222222221,-22.016203703703706,65.808125,6.30111064465812,0.0,41.6394,-91.5445,204.0,public observation
2019-03-05,IOW,-11.269290123456791,-13.277777777777779,-7.777777777777778,-17.016975308641975,62.865,6.592742761111111,0.0,41.6394,-91.5445,204.0,public observation
2019-03-06,IOW,-8.907407407407407,-14.444444444444445,-1.1111111111111112,-13.752314814814815,68.61625,3.785733094871795,0.0,41.6394,-91.5445,204.0,public observation
2019-03-07,IOW,-5.694444444444445,-8.277777777777779,-3.277777777777777,-10.739734299516908,67.74652173913044,3.5068225321289823,0.0,41.6394,-91.5445,204.0,public observation
2019-03-08,IOW,-1.5462962962962958,-3.277777777777777,2.2222222222222223,-4.40162037037037,80.93944444444445,2.5038414852305104,0.0,41.6394,-91.5445,204.0,public observation
2019-03-09,IOW,1.0806327160493827,-1.1111111111111112,2.2222222222222223,-0.3653549382716054,90.06715277777778,4.268326635683761,16.51,41.6394,-91.5445,204.0,public observation
2019-03-10,IOW,0.5578703703703702,-1.722222222222223,2.2222222222222223,-3.3194444444444446,75.85437499999999,9.239852365384616,0.254,41.6394,-91.5445,204.0,public observation
2019-03-11,IOW,-0.5787037037037037,-4.388888888888888,3.888888888888889,-5.958333333333333,67.64,2.5185771213675214,0.0,41.6394,-91.5445,204.0,public observation
2019-03-12,IOW,0.5532407407407406,-5.0,6.111111111111111,-2.7268518518518525,79.54666666666667,2.3874431054131056,0.0,41.6394,-91.5445,204.0,public observation
2019-03-13,IOW,6.85570987654321,3.611111111111111,12.777777777777779,5.618441358024692,92.22847222222224,4.2629957711198525,17.018,41.6394,-91.5445,204.0,public observation
2019-03-14,IOW,8.840663580246913,3.888888888888889,12.777777777777779,6.244212962962963,84.37760416666667,6.417757602457265,0.0,41.6394,-91.5445,204.0,public observation
2019-03-15,IOW,2.7731481481481484,0.0,6.666666666666667,-2.1793981481481484,71.51510416666666,8.870440144910646,0.0,41.6394,-91.5445,204.0,public observation
2019-03-16,IOW,1.0740740740740742,-3.888888888888889,7.777777777777778,-4.520833333333333,68.11166666666666,3.098989756177156,0.0,41.6394,-91.5445,204.0,public observation
2019-03-17,IOW,1.2257495590828922,-3.277777777777777,5.555555555555555,-2.5902557319223987,77.0957380952381,3.3643475623349914,3.048,41.6394,-91.5445,204.0,public observation
2019-03-18,IOW,1.3414351851851853,-3.5833333333333335,7.777777777777778,-3.4293981481481484,73.56125,1.7611062981740482,0.0,41.6394,-91.5445,204.0,public observation
2019-03-19,IOW,2.7870370370370368,-4.388888888888888,10.555555555555555,-3.8287037037037037,66.46208333333334,1.5614694487179488,0.0,41.6394,-91.5445,204.0,public observation
2019-03-20,IOW,6.013888888888889,3.3333333333333335,9.444444444444445,2.4560185185185186,79.33708333333333,2.6654540526029527,3.556,41.6394,-91.5445,204.0,public observation
2019-03-21,IOW,5.9259259259259265,0.5555555555555556,11.666666666666666,-0.18750000000000022,66.30083333333333,4.976837054215229,0.0,41.6394,-91.5445,204.0,public observation
2019-03-22,IOW,6.908212560386473,1.1111111111111112,13.333333333333334,-0.86231884057971,62.77347826086957,4.021179806429681,0.0,41.6394,-91.5445,204.0,public observation
2019-03-23,IOW,4.942129629629629,-2.2222222222222223,12.777777777777779,-1.8935185185185184,64.79916666666666,2.1764938461538463,0.0,41.6394,-91.5445,204.0,public observation
2019-03-24,IOW,8.515046296296296,6.527777777777778,11.38888888888889,4.689814814814814,77.68774305555556,2.627119152136752,3.048,41.6394,-91.5445,204.0,public observation
2019-03-25,IOW,6.601307189542484,0.5555555555555556,10.0,0.48692810457516333,67.16235294117647,4.276919260936286,0.254,41.6394,-91.5445,204.0,public observation
2019-03-26,IOW,4.604166666666667,-3.277777777777777,11.11111111111111,-8.886574074074074,43.300000000000004,2.2177153205128204,0.0,41.6394,-91.5445,204.0,public observation
2019-03-27,IOW,9.375,2.2222222222222223,18.88888888888889,-1.960648148148148,46.08833333333333,5.04756953525641,0.0,41.6394,-91.5445,204.0,public observation
2019-03-28,IOW,13.564814814814815,8.333333333333334,16.666666666666668,4.6990740740740735,56.47208333333333,3.0135645854700854,0.0,41.6394,-91.5445,204.0,public observation
2019-03-29,IOW,9.560185185185185,6.111111111111111,13.333333333333334,-0.178240740740741,51.535,4.233187261978762,4.318,41.6394,-91.5445,204.0,public observation
2019-03-30,IOW,5.625,4.444444444444445,7.222222222222222,-2.857253086419753,56.87583333333333,6.296992423076923,3.048,41.6394,-91.5445,204.0,public observation
2019-03-31,IOW,0.8587962962962964,-5.611111111111112,5.555555555555555,-10.650462962962964,44.30625,3.9297555728438227,0.0,41.6394,-91.5445,204.0,public observation
2019-04-01,IOW,6.388888888888889,1.6666666666666667,13.88888888888889,-4.2384259259259265,47.86333333333334,5.298833158508159,0.0,41.6394,-91.5445,204.0,public observation
2019-04-02,IOW,6.770833333333333,2.7777777777777777,10.555555555555555,-0.38657407407407435,62.16604166666667,4.319570341232841,0.762,41.6394,-91.5445,204.0,public observation
2019-04-03,IOW,6.849537037037037,-1.1111111111111112,13.88888888888889,-1.0115740740740742,60.343333333333334,2.144615905982906,0.0,41.6394,-91.5445,204.0,public observation
2019-04-04,IOW,8.796296296296296,6.666666666666667,11.666666666666666,4.9884259259259265,77.32104166666666,5.248318115384616,2.286,41.6394,-91.5445,204.0,public observation
2019-04-05,IOW,9.88888888888889,7.777777777777778,14.444444444444445,7.343364197530864,85.31972222222223,1.5381076688568376,0.0,41.6394,-91.5445,204.0,public observation
2019-04-06,IOW,12.114748677248677,4.365079365079359,22.22222222222222,7.431106701940035,76.42283730158731,3.2587848344017094,0.0,41.6394,-91.5445,204.0,public observation
2019-04-07,IOW,15.690586419753087,12.222222222222221,20.555555555555557,11.477623456790122,77.02083333333333,3.9866033764957263,3.302,41.6394,-91.5445,204.0,public observation
2019-04-08,IOW,15.799768518518519,4.749999999999998,25.555555555555557,7.414351851851851,64.38479166666666,3.4378709615384615,0.0,41.6394,-91.5445,204.0,public observation
2019-04-09,IOW,15.563271604938272,8.333333333333334,22.77777777777778,2.0108024691358026,43.950694444444444,3.974134861965812,0.0,41.6394,-91.5445,204.0,public observation
2019-04-10,IOW,7.640432098765433,3.888888888888889,16.11111111111111,2.8541666666666665,73.67722222222223,6.3590915927350435,17.018,41.6394,-91.5445,204.0,public observation
2019-04-11,IOW,5.987654320987654,4.444444444444445,11.666666666666666,3.024691358024691,81.48361111111112,8.418516451709403,4.572,41.6394,-91.5445,204.0,public observation
2019-04-12,IOW,5.185185185185185,2.2222222222222223,10.555555555555555,-2.7870370370370368,57.08833333333333,7.691927115384615,0.0,41.6394,-91.5445,204.0,public observation
2019-04-13,IOW,4.393518518518518,-1.722222222222223,11.666666666666666,-3.997685185185185,56.19625,4.5228201666666665,0.0,41.6394,-91.5445,204.0,public observation
2019-04-14,IOW,4.421296296296297,1.6666666666666667,7.222222222222222,-3.763888888888888,55.72625,5.4428834743589745,0.0,41.6394,-91.5445,204.0,public observation
2019-04-15,IOW,5.895833333333333,-1.722222222222223,15.0,-1.284722222222222,62.359166666666674,3.11964117948718,0.0,41.6394,-91.5445,204.0,public observation
2019-04-16,IOW,15.717592592592593,7.777777777777778,25.0,7.430555555555556,60.387499999999996,1.9405446251942502,0.0,41.6394,-91.5445,204.0,public observation
2019-04-17,IOW,18.26388888888889,11.666666666666666,25.0,11.13425925925926,64.39041666666667,4.971309807692308,0.0,41.6394,-91.5445,204.0,public observation
2019-04-18,IOW,10.752314814814815,7.777777777777778,20.0,5.590277777777778,71.29229166666667,6.9963049209401715,5.587999999999999,41.6394,-91.5445,204.0,public observation
2019-04-19,IOW,10.659722222222223,5.555555555555555,17.22222222222222,-0.5231481481481481,51.205625,6.586131621794872,0.0,41.6394,-91.5445,204.0,public observation
2019-04-20,IOW,11.608796296296296,1.1111111111111112,20.555555555555557,-2.1689814814814814,43.43979166666667,1.2651048928710178,0.0,41.6394,-91.5445,204.0,public observation
2019-04-21,IOW,17.337962962962962,6.111111111111111,28.88888888888889,5.162037037037037,48.82125,3.205381846153846,0.0,41.6394,-91.5445,204.0,public observation
2019-04-22,IOW,20.408950617283953,14.444444444444445,26.11111111111111,10.594135802469136,54.327638888888885,4.73481632051282,2.5399999999999996,41.6394,-91.5445,204.0,public observation
2019-04-23,IOW,12.805555555555555,9.444444444444445,17.22222222222222,7.6875,72.97145833333333,5.197517555555556,0.0,41.6394,-91.5445,204.0,public observation
2019-04-24,IOW,11.697530864197532,6.111111111111111,17.22222222222222,6.145833333333333,71.37381944444445,1.78002177991453,0.0,41.6394,-91.5445,204.0,public observation
2019-04-25,IOW,12.224537037037036,7.11111111111111,21.11111111111111,8.280864197530864,78.4551388888889,2.7063860844017094,0.762,41.6394,-91.5445,204.0,public observation
2019-04-26,IOW,11.643518518518519,7.222222222222222,17.22222222222222,1.2268518518518519,54.55833333333334,5.735968157051282,0.0,41.6394,-91.5445,204.0,public observation
2019-04-27,IOW,8.181481481481482,2.2222222222222223,15.0,2.9127314814814813,73.78371527777777,5.070318881784188,14.478,41.6394,-91.5445,204.0,public observation
2019-04-28,IOW,5.39891975308642,-0.6111111111111119,12.777777777777779,-0.926311728395062,67.37152777777779,4.261397502136752,0.0,41.6394,-91.5445,204.0,public observation
2019-04-29,IOW,10.332561728395062,6.666666666666667,15.0,6.888117283950617,80.77972222222222,3.3351230304424333,49.275999999999996,41.6394,-91.5445,204.0,public observation
2019-04-30,IOW,9.74537037037037,8.333333333333334,13.88888888888889,8.132716049382717,89.86326388888888,3.02915808034188,11.937999999999999,41.6394,-91.5445,204.0,public observation
2019-05-01,IOW,9.742283950617283,7.777777777777778,13.88888888888889,7.719135802469136,87.74208333333333,2.6930542387334886,3.3019999999999996,41.6394,-91.5445,204.0,public observation
2019-05-02,IOW,13.00385802469136,10.277777777777779,16.11111111111111,8.761574074074074,76.74659722222222,2.8209464504273503,2.54,41.6394,-91.5445,204.0,public observation
2019-05-03,IOW,10.995370370370372,3.888888888888889,14.444444444444445,5.393518518518519,69.75083333333333,1.7115156153846156,0.0,41.6394,-91.5445,204.0,public observation
2019-05-04,IOW,11.041666666666666,3.3333333333333335,19.444444444444443,5.023148148148148,69.96208333333333,0.7552273756798757,0.0,41.6394,-91.5445,204.0,public observation
2019-05-05,IOW,15.418981481481481,8.333333333333334,24.444444444444443,8.400462962962964,66.7075,2.5651534615384617,0.0,41.6394,-91.5445,204.0,public observation
2019-05-06,IOW,16.58564814814815,12.222222222222221,21.11111111111111,11.724537037037036,74.20166666666667,2.3038289433760686,0.0,41.6394,-91.5445,204.0,public observation
2019-05-07,IOW,13.935185185185185,10.555555555555555,17.77777777777778,8.819444444444445,71.74291666666666,4.0629259177350425,0.254,41.6394,-91.5445,204.0,public observation
2019-05-08,IOW,12.03510802469136,7.222222222222222,20.555555555555557,8.430748456790123,79.10512152777778,5.509587051709402,24.637999999999998,41.6394,-91.5445,204.0,public observation
2019-05-09,IOW,10.916280864197532,6.666666666666667,19.444444444444443,7.704475308641975,80.83892361111111,5.591115896153846,0.508,41.6394,-91.5445,204.0,public observation
2019-05-10,IOW,10.324074074074074,2.2222222222222223,17.22222222222222,2.5462962962962963,62.47625,2.9628621720085473,0.0,41.6394,-91.5445,204.0,public observation
2019-05-11,IOW,10.925925925925926,9.444444444444445,13.88888888888889,5.9259259259259265,72.13625,1.5960954871794872,1.524,41.6394,-91.5445,204.0,public observation
2019-05-12,IOW,8.206018518518519,4.444444444444445,11.11111111111111,4.525462962962963,78.02270833333334,1.6924359615384617,0.254,41.6394,-91.5445,204.0,public observation
2019-05-13,IOW,11.203703703703702,3.3333333333333335,19.444444444444443,3.8657407407407405,66.36791666666666,2.279870225411163,0.0,41.6394,-91.5445,204.0,public observation
2019-05-14,IOW,10.787037037037038,6.111111111111111,16.666666666666668,7.407407407407407,80.75708333333334,1.3436826591880342,3.048,41.6394,-91.5445,204.0,public observation
2019-05-15,IOW,16.44927536231884,7.777777777777778,24.444444444444443,10.845410628019323,72.47391304347826,1.7101965282051284,0.0,41.6394,-91.5445,204.0,public observation
2019-05-16,IOW,21.85185185185185,13.333333333333334,32.77777777777778,15.11574074074074,68.84458333333333,2.654264474465812,0.0,41.6394,-91.5445,204.0,public observation
2019-05-17,IOW,19.816743827160494,16.11111111111111,28.88888888888889,17.518904320987655,87.66302083333333,3.3208795099893162,39.623999999999995,41.6394,-91.5445,204.0,public observation
2019-05-18,IOW,15.891203703703704,10.0,23.77777777777778,13.492283950617285,85.75614583333333,4.580294102155606,21.589999999999996,41.6394,-91.5445,204.0,public observation
2019-05-19,IOW,16.77314814814815,13.333333333333334,18.88888888888889,14.576003086419753,87.09677083333334,5.164501117521367,18.034,41.6394,-91.5445,204.0,public observation
2019-05-20,IOW,10.152777777777777,6.111111111111111,14.444444444444445,5.02391975308642,71.38156944444445,4.733611356040039,0.254,41.6394,-91.5445,204.0,public observation
2019-05-21,IOW,10.401234567901234,8.333333333333334,12.777777777777779,7.3842592592592595,81.87868055555556,5.753627008391608,7.112,41.6394,-91.5445,204.0,public observation
2019-05-22,IOW,17.79513888888889,11.666666666666666,25.555555555555557,12.951388888888891,75.97677083333333,6.7360325318376075,14.223999999999998,41.6394,-91.5445,204.0,public observation
2019-05-23,IOW,17.75462962962963,11.666666666666666,22.77777777777778,10.439814814814815,64.08083333333333,3.4992085153846157,0.0,41.6394,-91.5445,204.0,public observation
2019-05-24,IOW,18.787422839506174,13.88888888888889,27.5,15.145061728395062,80.16894444444445,4.093155287597411,32.258,41.6394,-91.5445,204.0,public observation
2019-05-25,IOW,22.631172839506174,19.444444444444443,25.555555555555557,18.132716049382715,76.22965277777779,4.746189700029137,2.2859999999999996,41.6394,-91.5445,204.0,public observation
2019-05-26,IOW,21.650462962962962,16.666666666666668,25.555555555555557,16.703703703703706,74.53465277777778,2.3870693164594665,6.095999999999999,41.6394,-91.5445,204.0,public observation
2019-05-27,IOW,21.02060185185185,18.333333333333332,26.11111111111111,18.173148148148147,84.60352083333333,3.42915773346969,8.889999999999999,41.6394,-91.5445,204.0,public observation
2019-05-28,IOW,16.430812757201647,12.987654320987652,23.88888888888889,14.035390946502057,86.1413287037037,4.513930032233534,42.672,41.6394,-91.5445,204.0,public observation
2019-05-29,IOW,18.320987654320987,15.555555555555555,23.333333333333332,16.616512345679013,90.23409722222222,3.041483479623155,20.828,41.6394,-91.5445,204.0,public observation
2019-05-30,IOW,19.639274691358025,14.444444444444445,23.333333333333332,15.805555555555555,80.17327083333333,2.27479778670605,5.334,41.6394,-91.5445,204.0,public observation
2019-05-31,IOW,20.771604938271604,15.0,27.77777777777778,14.907407407407407,71.0736111111111,2.2017684987179487,0.0,41.6394,-91.5445,204.0,public observation
2019-06-01,IOW,22.63888888888889,17.77777777777778,26.666666666666668,16.25,68.60708333333334,3.228630757692308,2.5399999999999996,41.6394,-91.5445,204.0,public observation
2019-06-02,IOW,20.37037037037037,13.88888888888889,24.444444444444443,8.49537037037037,50.2425,3.3801608974358976,0.0,41.6394,-91.5445,204.0,public observation
2019-06-03,IOW,19.46759259259259,12.777777777777779,25.555555555555557,9.930555555555555,55.92541666666667,1.2840646297008547,0.0,41.6394,-91.5445,204.0,public observation
2019-06-04,IOW,21.438888888888886,15.555555555555555,27.77777777777778,16.175462962962964,72.61945833333333,3.9582001746309246,7.874,41.6394,-91.5445,204.0,public observation
2019-06-05,IOW,24.365740740740744,18.333333333333332,30.555555555555557,18.27314814814815,71.78341666666667,2.4280256661639017,2.286,41.6394,-91.5445,204.0,public observation
2019-06-06,IOW,24.444444444444443,18.88888888888889,29.444444444444443,18.541666666666668,71.54958333333333,1.223086945868946,0.0,41.6394,-91.5445,204.0,public observation
2019-06-07,IOW,24.74537037037037,19.444444444444443,29.444444444444443,16.59722222222222,62.95333333333334,3.3762785840326344,0.0,41.6394,-91.5445,204.0,public observation
2019-06-08,IOW,24.23611111111111,17.22222222222222,30.0,13.541666666666666,53.19583333333333,3.475519908119658,0.0,41.6394,-91.5445,204.0,public observation
2019-06-09,IOW,24.28240740740741,18.333333333333332,30.0,16.73611111111111,64.32458333333334,2.9153985886752136,0.0,41.6394,-91.5445,204.0,public observation
2019-06-10,IOW,20.85648148148148,14.444444444444445,27.22222222222222,7.361111111111111,45.02875,5.906874888014763,0.0,41.6394,-91.5445,204.0,public observation
2019-06-11,IOW,20.11574074074074,12.222222222222221,27.77777777777778,8.587962962962964,52.40416666666667,1.6554544102564102,0.0,41.6394,-91.5445,204.0,public observation
2019-06-12,IOW,17.93287037037037,15.555555555555555,24.444444444444443,13.008873456790125,74.17479166666666,3.2373010077991453,7.619999999999999,41.6394,-91.5445,204.0,public observation
2019-06-13,IOW,16.59722222222222,11.11111111111111,22.77777777777778,7.12962962962963,59.16354166666667,3.838672174825175,0.254,41.6394,-91.5445,204.0,public observation
2019-06-14,IOW,18.63425925925926,12.222222222222221,26.11111111111111,9.560185185185185,57.31041666666667,4.113903141025641,0.0,41.6394,-91.5445,204.0,public observation
2019-06-15,IOW,20.690586419753085,17.22222222222222,26.666666666666668,16.425154320987655,77.06961111111112,3.2760534659502265,10.413999999999998,41.6394,-91.5445,204.0,public observation
2019-06-16,IOW,19.070216049382715,17.22222222222222,21.11111111111111,16.706349206349206,86.68374007936508,2.8528206956762197,24.892,41.6394,-91.5445,204.0,public observation
2019-06-17,IOW,19.493827160493826,16.666666666666668,23.333333333333332,15.762345679012347,80.09131944444444,2.227924684110334,0.0,41.6394,-91.5445,204.0,public observation
2019-06-18,IOW,20.08101851851852,14.444444444444445,25.555555555555557,15.82175925925926,77.83770833333334,1.1687126686091687,0.0,41.6394,-91.5445,204.0,public observation
2019-06-19,IOW,20.653935185185187,18.88888888888889,23.333333333333332,17.53472222222222,82.69333333333333,3.0545995817307694,4.572,41.6394,-91.5445,204.0,public observation
2019-06-20,IOW,19.925925925925927,14.444444444444445,25.555555555555557,14.337962962962962,73.01708333333333,2.50774318997669,0.0,41.6394,-91.5445,204.0,public observation
2019-06-21,IOW,18.811728395061728,16.11111111111111,23.333333333333332,15.023148148148147,79.28444444444445,3.0079636994301993,6.857999999999999,41.6394,-91.5445,204.0,public observation
2019-06-22,IOW,20.208333333333332,16.666666666666668,26.11111111111111,15.204475308641975,73.00805555555556,4.164782217948718,0.0,41.6394,-91.5445,204.0,public observation
2019-06-23,IOW,22.994598765432098,20.833333333333332,26.11111111111111,19.50462962962963,81.66059027777779,2.984696794391026,12.446,41.6394,-91.5445,204.0,public observation
2019-06-24,IOW,21.89814814814815,19.444444444444443,24.444444444444443,17.53472222222222,77.4775,3.9034419963675213,0.0,41.6394,-91.5445,204.0,public observation
2019-06-25,IOW,23.14814814814815,17.77777777777778,30.0,15.578703703703704,64.31333333333333,3.9012003333333336,0.0,41.6394,-91.5445,204.0,public observation
2019-06-26,IOW,24.058641975308642,19.444444444444443,30.0,18.171296296296294,70.58708333333333,1.8256362856837607,0.508,41.6394,-91.5445,204.0,public observation
2019-06-27,IOW,25.84104938271605,20.0,31.666666666666668,21.15740740740741,76.63638888888889,1.9029206613247862,0.0,41.6394,-91.5445,204.0,public observation
2019-06-28,IOW,24.331790123456788,22.5,27.22222222222222,19.62037037037037,76.03584722222222,3.757128336057692,0.508,41.6394,-91.5445,204.0,public observation
2019-06-29,IOW,26.365740740740744,20.555555555555557,34.44444444444444,21.62037037037037,76.72875,1.3343266336441335,0.0,41.6394,-91.5445,204.0,public observation
2019-06-30,IOW,29.371527777777775,22.694444444444443,34.44444444444444,23.091435185185187,69.81197916666666,2.430477016025641,1.016,41.6394,-91.5445,204.0,public observation
2019-07-01,IOW,27.911616161616163,21.38888888888889,32.22222222222222,21.53030303030303,69.96022727272727,3.464359773892774,4.3180000000000005,41.6394,-91.5445,204.0,public observation
2019-07-02,IOW,28.634259259259256,24.444444444444443,33.888888888888886,21.944444444444443,69.11833333333333,2.8261442820512825,0.0,41.6394,-91.5445,204.0,public observation
2019-07-03,IOW,25.833333333333332,22.77777777777778,30.555555555555557,21.875,79.86274305555555,2.061349509241453,7.873999999999998,41.6394,-91.5445,204.0,public observation
2019-07-04,IOW,26.354166666666668,22.22222222222222,32.22222222222222,21.79398148148148,77.52875,2.3371201912393165,0.0,41.6394,-91.5445,204.0,public observation
2019-07-05,IOW,27.453703703703706,21.666666666666668,32.77777777777778,21.85185185185185,73.19625,1.6867077826340326,0.0,41.6394,-91.5445,204.0,public observation
2019-07-06,IOW,26.597222222222225,23.333333333333332,30.833333333333332,22.12962962962963,77.47354166666666,2.6304011666666667,0.0,41.6394,-91.5445,204.0,public observation
2019-07-07,IOW,24.490740740740744,20.555555555555557,28.88888888888889,17.430555555555554,65.85833333333333,3.7181769871794876,0.0,41.6394,-91.5445,204.0,public observation
2019-07-08,IOW,24.97685185185185,19.444444444444443,30.0,15.532407407407407,57.67875,2.455151012820513,0.0,41.6394,-91.5445,204.0,public observation
2019-07-09,IOW,25.87962962962963,20.555555555555557,32.22222222222222,19.02777777777778,66.42458333333333,3.7742381923076924,0.0,41.6394,-91.5445,204.0,public observation
2019-07-10,IOW,27.708333333333332,22.77777777777778,31.11111111111111,19.953703703703706,65.98458333333333,3.642329474358975,0.0,41.6394,-91.5445,204.0,public observation
2019-07-11,IOW,24.333333333333336,20.0,28.88888888888889,17.72222222222222,67.601,4.041353346153846,0.0,41.6394,-91.5445,204.0,public observation
2019-07-12,IOW,30.666666666666668,27.22222222222222,32.22222222222222,15.944444444444446,41.425,1.5364617542735044,0.0,41.6394,-91.5445,204.0,public observation
2019-07-13,IOW,27.847222222222225,22.22222222222222,33.333333333333336,19.560185185185187,62.248333333333335,1.6966758846153847,0.0,41.6394,-91.5445,204.0,public observation
2019-07-14,IOW,30.09259259259259,25.555555555555557,35.0,21.412037037037038,61.63,1.8158059455128204,0.0,41.6394,-91.5445,204.0,public observation
2019-07-15,IOW,28.26388888888889,24.444444444444443,32.77777777777778,19.88425925925926,61.78375,4.247827131054131,0.0,41.6394,-91.5445,204.0,public observation
2019-07-16,IOW,25.509259259259256,21.11111111111111,32.22222222222222,20.032793209876544,73.28798611111111,2.062552783707265,0.0,41.6394,-91.5445,204.0,public observation
2019-07-17,IOW,25.978395061728396,22.77777777777778,32.22222222222222,21.411265432098762,77.1986111111111,1.8655190435897435,15.748,41.6394,-91.5445,204.0,public observation
2019-07-18,IOW,28.10185185185185,23.333333333333332,35.0,22.391975308641975,72.24722222222222,4.185546063461539,0.0,41.6394,-91.5445,204.0,public observation
2019-07-19,IOW,32.03703703703704,27.22222222222222,36.111111111111114,24.537037037037038,65.07666666666667,4.239216423076923,0.0,41.6394,-91.5445,204.0,public observation
2019-07-20,IOW,30.821759259259256,27.22222222222222,35.55555555555556,24.14351851851852,68.83833333333334,3.600210406857032,0.0,41.6394,-91.5445,204.0,public observation
2019-07-21,IOW,25.520833333333332,22.77777777777778,28.333333333333332,20.27777777777778,73.38375,3.239042124358974,1.27,41.6394,-91.5445,204.0,public observation
2019-07-22,IOW,25.09259259259259,21.666666666666668,28.88888888888889,15.324074074074074,55.489583333333336,4.46840782051282,0.0,41.6394,-91.5445,204.0,public observation
2019-07-23,IOW,22.916666666666668,16.666666666666668,29.444444444444443,12.800925925925926,55.01958333333334,3.4228813344988347,0.0,41.6394,-91.5445,204.0,public observation
2019-07-24,IOW,24.51388888888889,17.77777777777778,30.555555555555557,14.814814814814815,57.91375,1.845135649087024,0.0,41.6394,-91.5445,204.0,public observation
2019-07-25,IOW,24.00462962962963,17.22222222222222,30.0,16.22685185185185,64.65625,1.4989627039627038,0.0,41.6394,-91.5445,204.0,public observation
2019-07-26,IOW,25.833333333333332,21.11111111111111,32.22222222222222,18.125,64.73208333333334,3.8217802927350433,0.254,41.6394,-91.5445,204.0,public observation
2019-07-27,IOW,25.8641975308642,20.555555555555557,31.666666666666668,18.830246913580247,65.99472222222222,3.4991771085470087,0.0,41.6394,-91.5445,204.0,public observation
2019-07-28,IOW,27.10648148148148,21.11111111111111,32.22222222222222,19.51388888888889,64.745,3.225168153846154,0.0,41.6394,-91.5445,204.0,public observation
2019-07-29,IOW,25.87384259259259,21.666666666666668,30.555555555555557,19.31134259259259,69.96541666666667,4.352737419070513,4.572,41.6394,-91.5445,204.0,public observation
2019-07-30,IOW,22.916666666666668,17.22222222222222,27.77777777777778,14.050925925925926,59.96541666666667,3.2852515755633256,0.0,41.6394,-91.5445,204.0,public observation
2019-07-31,IOW,21.597222222222225,14.444444444444445,27.77777777777778,12.962962962962964,60.56666666666666,1.4027667724358974,0.0,41.6394,-91.5445,204.0,public observation
2019-08-01,IOW,22.962962962962962,16.666666666666668,28.88888888888889,14.097222222222223,59.77875,1.6280833512820514,0.0,41.6394,-91.5445,204.0,public observation
2019-08-02,IOW,23.125,16.11111111111111,30.0,13.078703703703704,56.572916666666664,1.3608582735042736,0.0,41.6394,-91.5445,204.0,public observation
2019-08-03,IOW,25.115740740740744,19.444444444444443,31.11111111111111,13.63425925925926,50.225833333333334,1.255763500058275,0.0,41.6394,-91.5445,204.0,public observation
2019-08-04,IOW,25.625,18.333333333333332,32.22222222222222,16.34259259259259,59.90208333333334,1.0400177980769232,0.0,41.6394,-91.5445,204.0,public observation
2019-08-05,IOW,25.76388888888889,18.88888888888889,31.666666666666668,17.98611111111111,64.56916666666667,2.0198522435897437,0.0,41.6394,-91.5445,204.0,public observation
2019-08-06,IOW,24.6141975308642,19.222222222222218,30.0,17.885416666666668,69.22958333333334,2.7149807618055557,13.462,41.6394,-91.5445,204.0,public observation
2019-08-07,IOW,24.722222222222225,17.77777777777778,31.11111111111111,16.944444444444446,64.59625,1.8281349137529137,0.0,41.6394,-91.5445,204.0,public observation
2019-08-08,IOW,25.057971014492754,20.0,29.444444444444443,17.966183574879228,66.58565217391305,2.4713255341880345,3.0479999999999996,41.6394,-91.5445,204.0,public observation
2019-08-09,IOW,22.632850241545892,15.0,27.77777777777778,12.801932367149758,56.850434782608694,2.4099947613636363,0.0,41.6394,-91.5445,204.0,public observation
2019-08-10,IOW,23.333333333333332,19.444444444444443,29.444444444444443,15.138888888888888,60.81916666666666,1.737897358974359,0.0,41.6394,-91.5445,204.0,public observation
2019-08-11,IOW,24.583333333333332,21.11111111111111,28.88888888888889,19.375,73.23375,2.6000150512820515,1.524,41.6394,-91.5445,204.0,public observation
2019-08-12,IOW,24.269753086419755,21.666666666666668,27.22222222222222,21.706635802469137,85.96140277777778,1.310230759192224,3.556,41.6394,-91.5445,204.0,public observation
2019-08-13,IOW,25.3329475308642,22.77777777777778,30.0,20.481095679012345,76.53402777777778,3.322464631557944,3.8099999999999996,41.6394,-91.5445,204.0,public observation
2019-08-14,IOW,22.19212962962963,17.22222222222222,26.666666666666668,16.46682098765432,70.80416666666666,3.5487370982905984,0.0,41.6394,-91.5445,204.0,public observation
2019-08-15,IOW,21.42746913580247,16.11111111111111,26.11111111111111,16.003086419753085,73.03708333333333,1.6699997019230768,0.0,41.6394,-91.5445,204.0,public observation
2019-08-16,IOW,23.3641975308642,18.88888888888889,29.444444444444443,17.1141975308642,70.01875,2.6008865910256413,0.0,41.6394,-91.5445,204.0,public observation
2019-08-17,IOW,24.36728395061728,19.444444444444443,29.444444444444443,17.488425925925927,66.79826388888888,2.065937851923077,0.0,41.6394,-91.5445,204.0,public observation
2019-08-18,IOW,23.877094356261022,19.142857142857142,30.0,19.024801587301585,75.79301587301588,3.365805699786325,28.956,41.6394,-91.5445,204.0,public observation
2019-08-19,IOW,25.17361111111111,21.666666666666668,29.444444444444443,19.82638888888889,73.15020833333334,1.9439565498251747,0.0,41.6394,-91.5445,204.0,public observation
2019-08-20,IOW,24.316396604938273,20.819444444444443,29.444444444444443,19.654282407407408,76.15608333333334,2.5185671772685376,47.244,41.6394,-91.5445,204.0,public observation
2019-08-21,IOW,23.327546296296294,20.555555555555557,26.666666666666668,20.66919191919192,85.24113636363637,1.9752564971153845,2.794,41.6394,-91.5445,204.0,public observation
2019-08-22,IOW,22.569444444444443,17.22222222222222,27.22222222222222,14.120370370370372,60.44375,3.185265766666667,0.0,41.6394,-91.5445,204.0,public observation
2019-08-23,IOW,21.203703703703706,15.555555555555555,26.666666666666668,13.564814814814815,63.10916666666666,2.643120935897436,0.0,41.6394,-91.5445,204.0,public observation
2019-08-24,IOW,20.324074074074073,15.0,25.0,12.986111111111112,63.76916666666667,3.363489101139601,0.0,41.6394,-91.5445,204.0,public observation
2019-08-25,IOW,19.65277777777778,16.11111111111111,23.88888888888889,13.194444444444445,66.62041666666666,3.512069615384615,0.0,41.6394,-91.5445,204.0,public observation
2019-08-26,IOW,20.010416666666668,17.77777777777778,23.333333333333332,16.97685185185185,83.06680555555555,3.129860179273505,17.272,41.6394,-91.5445,204.0,public observation
2019-08-27,IOW,21.296296296296294,16.666666666666668,26.11111111111111,15.069444444444445,71.23083333333334,4.331552525641025,0.0,41.6394,-91.5445,204.0,public observation
2019-08-28,IOW,19.35185185185185,12.777777777777779,26.11111111111111,10.833333333333334,60.099583333333335,4.5426064743589745,0.0,41.6394,-91.5445,204.0,public observation
2019-08-29,IOW,20.97222222222222,14.444444444444445,29.444444444444443,15.648148148148147,72.87166666666667,3.0141142051282053,0.0,41.6394,-91.5445,204.0,public observation
2019-08-30,IOW,20.60185185185185,15.0,26.11111111111111,11.620370370370368,57.20416666666667,3.3493821965811965,0.0,41.6394,-91.5445,204.0,public observation
2019-08-31,IOW,18.194444444444446,13.333333333333334,22.77777777777778,12.060185185185185,68.74125,2.0198522435897437,0.508,41.6394,-91.5445,204.0,public observation
2019-09-01,IOW,19.86111111111111,17.22222222222222,25.0,15.995370370370372,78.93708333333333,1.6316637307692308,1.27,41.6394,-91.5445,204.0,public observation
2019-09-02,IOW,22.32253086419753,16.444444444444443,28.333333333333332,18.18287037037037,78.79300925925925,1.0963263320512822,0.0,41.6394,-91.5445,204.0,public observation
2019-09-03,IOW,25.277777777777775,22.22222222222222,30.0,20.266203703703702,74.55041666666666,4.5085132814491065,0.0,41.6394,-91.5445,204.0,public observation
2019-09-04,IOW,19.930555555555554,14.444444444444445,24.444444444444443,13.333333333333334,66.86958333333332,2.7234278627622377,0.0,41.6394,-91.5445,204.0,public observation
2019-09-05,IOW,18.88888888888889,11.666666666666666,26.666666666666668,13.402777777777779,71.93458333333334,2.4403112820512822,0.0,41.6394,-91.5445,204.0,public observation
2019-09-06,IOW,22.47685185185185,18.88888888888889,27.77777777777778,16.041666666666668,69.27708333333334,3.714879269230769,0.0,41.6394,-91.5445,204.0,public observation
2019-09-07,IOW,19.699074074074073,12.777777777777779,26.666666666666668,13.819444444444445,70.73208333333334,1.4923173026418028,0.254,41.6394,-91.5445,204.0,public observation
2019-09-08,IOW,19.409722222222225,17.22222222222222,21.666666666666668,16.48726851851852,83.5409375,2.862159091613248,15.24,41.6394,-91.5445,204.0,public observation
2019-09-09,IOW,20.73996913580247,17.77777777777778,28.333333333333332,18.030864197530864,84.92333333333333,4.101197112286325,0.508,41.6394,-91.5445,204.0,public observation
2019-09-10,IOW,25.6875,23.333333333333332,28.88888888888889,21.420833333333334,77.71316666666667,2.937853406876457,17.018,41.6394,-91.5445,204.0,public observation
2019-09-11,IOW,25.814814814814813,21.22222222222222,31.666666666666668,21.381172839506174,78.15427083333334,2.4966747779914527,0.0,41.6394,-91.5445,204.0,public observation
2019-09-12,IOW,25.891975308641975,21.666666666666668,32.22222222222222,21.296296296296298,77.05711111111111,2.89983519902075,5.334,41.6394,-91.5445,204.0,public observation
2019-09-13,IOW,20.92631172839506,16.666666666666668,24.444444444444443,16.11304012345679,74.98034722222222,4.543163231934732,12.192,41.6394,-91.5445,204.0,public observation
2019-09-14,IOW,19.46759259259259,13.333333333333334,26.666666666666668,13.518518518518519,70.69166666666666,1.6999736025641026,0.0,41.6394,-91.5445,204.0,public observation
2019-09-15,IOW,24.114583333333332,20.0,30.555555555555557,19.674382716049383,77.15934027777779,3.068624697649573,29.717999999999996,41.6394,-91.5445,204.0,public observation
2019-09-16,IOW,24.71064814814815,20.0,29.444444444444443,19.897376543209877,76.58413194444445,1.8971702656517095,0.0,41.6394,-91.5445,204.0,public observation
2019-09-17,IOW,22.881944444444443,18.88888888888889,27.77777777777778,18.15972222222222,75.651875,3.2637985641025646,0.0,41.6394,-91.5445,204.0,public observation
2019-09-18,IOW,24.061996779388085,19.444444444444443,30.555555555555557,19.593397745571657,77.03166666666667,3.1763305213675217,0.0,41.6394,-91.5445,204.0,public observation
2019-09-19,IOW,23.41087962962963,21.11111111111111,26.11111111111111,19.893904320987655,80.93618055555555,2.6473530072649574,4.318,41.6394,-91.5445,204.0,public observation
2019-09-20,IOW,24.876851851851853,21.11111111111111,31.11111111111111,20.015740740740743,75.83633333333334,2.0996154500754147,16.764,41.6394,-91.5445,204.0,public observation
2019-09-21,IOW,23.80787037037037,22.36111111111111,25.555555555555557,20.943287037037038,84.43885416666667,4.1041743377331,16.002000000000002,41.6394,-91.5445,204.0,public observation
2019-09-22,IOW,21.963734567901238,20.555555555555557,23.88888888888889,19.733796296296298,87.22784722222222,3.003310252991453,14.732,41.6394,-91.5445,204.0,public observation
2019-09-23,IOW,18.125,12.222222222222221,25.0,13.101851851851853,75.27833333333334,2.480570922008547,0.762,41.6394,-91.5445,204.0,public observation
2019-09-24,IOW,21.01851851851852,15.555555555555555,29.444444444444443,14.212962962962962,68.9525,2.7239150256410256,0.0,41.6394,-91.5445,204.0,public observation
2019-09-25,IOW,21.064043209876544,17.22222222222222,24.444444444444443,13.8383487654321,65.98846527777778,3.9034272744123935,10.414,41.6394,-91.5445,204.0,public observation
2019-09-26,IOW,17.73148148148148,10.555555555555555,23.333333333333332,9.143518518518519,60.08708333333333,2.8499153322649575,0.0,41.6394,-91.5445,204.0,public observation
2019-09-27,IOW,19.24074074074074,16.666666666666668,22.148148148148145,14.033179012345679,73.32179166666667,3.0251896500617033,8.382000000000001,41.6394,-91.5445,204.0,public observation
2019-09-28,IOW,18.20601851851852,15.555555555555555,21.666666666666668,15.219907407407407,82.75729166666666,4.456903519690495,0.0,41.6394,-91.5445,204.0,public observation
2019-09-29,IOW,16.253086419753085,13.333333333333334,20.0,14.754243827160494,90.90132638888889,3.310326581620789,38.862,41.6394,-91.5445,204.0,public observation
2019-09-30,IOW,24.15509259259259,19.444444444444443,32.22222222222222,19.675925925925927,78.593125,4.005314,0.0,41.6394,-91.5445,204.0,public observation
2019-10-01,IOW,25.98456790123457,21.666666666666668,30.555555555555557,20.867283950617285,73.9576388888889,3.022688271794872,2.032,41.6394,-91.5445,204.0,public observation
2019-10-02,IOW,20.4883487654321,16.11111111111111,27.77777777777778,18.121604938271606,86.57340277777779,3.7026120124874313,14.224,41.6394,-91.5445,204.0,public observation
2019-10-03,IOW,14.820601851851853,12.222222222222221,16.666666666666668,10.482253086419751,76.31072916666666,5.023626728899573,6.35,41.6394,-91.5445,204.0,public observation
2019-10-04,IOW,11.527777777777779,7.222222222222222,16.666666666666668,5.68287037037037,68.341875,2.90320880982906,0.0,41.6394,-91.5445,204.0,public observation
2019-10-05,IOW,13.152667548500881,11.666666666666666,15.13888888888889,9.649305555555555,79.55251488095239,3.9450341175967822,13.207999999999998,41.6394,-91.5445,204.0,public observation
2019-10-06,IOW,11.97145061728395,6.666666666666667,16.11111111111111,8.765432098765432,81.57253472222222,1.459890902724359,0.0,41.6394,-91.5445,204.0,public observation
2019-10-07,IOW,12.638888888888888,5.555555555555555,21.11111111111111,5.416666666666667,65.90916666666666,1.6925537371794872,0.0,41.6394,-91.5445,204.0,public observation
2019-10-08,IOW,13.121913580246913,6.111111111111111,21.666666666666668,6.038194444444444,66.8651736111111,1.9242184230769233,0.0,41.6394,-91.5445,204.0,public observation
2019-10-09,IOW,14.166666666666666,7.777777777777778,21.11111111111111,7.013888888888889,64.48791666666666,2.2607230587606835,0.0,41.6394,-91.5445,204.0,public observation
2019-10-10,IOW,16.62037037037037,13.88888888888889,20.555555555555557,12.060185185185185,75.21708333333333,3.315855397435897,3.3019999999999996,41.6394,-91.5445,204.0,public observation
2019-10-11,IOW,9.383101851851851,5.0,19.444444444444443,4.637731481481482,73.47378472222222,7.2366791154914525,1.524,41.6394,-91.5445,204.0,public observation
2019-10-12,IOW,6.643518518518519,0.5555555555555556,15.0,-3.449074074074074,51.94958333333333,6.118915653846154,0.0,41.6394,-91.5445,204.0,public observation
2019-10-13,IOW,6.481481481481481,1.6666666666666667,11.11111111111111,-0.22222222222222243,63.77333333333333,4.48654526923077,0.0,41.6394,-91.5445,204.0,public observation
2019-10-14,IOW,7.453703703703703,1.1111111111111112,15.555555555555555,0.8217592592592591,65.30541666666666,1.499674711247086,0.0,41.6394,-91.5445,204.0,public observation
2019-10-15,IOW,11.527777777777779,7.222222222222222,17.77777777777778,5.138888888888888,65.84041666666667,3.957261538461539,0.0,41.6394,-91.5445,204.0,public observation
2019-10-16,IOW,8.819444444444445,7.222222222222222,10.555555555555555,2.0949074074074074,63.20104166666667,5.94095666025641,0.0,41.6394,-91.5445,204.0,public observation
2019-10-17,IOW,7.314814814814814,1.1111111111111112,15.0,2.127314814814815,71.92999999999999,1.0232543985042735,0.0,41.6394,-91.5445,204.0,public observation
2019-10-18,IOW,11.041666666666666,5.0,20.555555555555557,4.375,65.60125000000001,3.981994423076923,0.0,41.6394,-91.5445,204.0,public observation
2019-10-19,IOW,12.523148148148147,10.0,13.88888888888889,7.67554012345679,72.90076388888889,3.0142859612713675,1.524,41.6394,-91.5445,204.0,public observation
2019-10-20,IOW,9.479938271604938,3.888888888888889,17.22222222222222,6.767746913580247,84.70020833333334,1.4108422555555553,0.0,41.6394,-91.5445,204.0,public observation
2019-10-21,IOW,13.658179012345679,10.555555555555555,16.11111111111111,8.17283950617284,70.83340277777778,5.672498864102565,5.334,41.6394,-91.5445,204.0,public observation
2019-10-22,IOW,9.929012345679013,8.166666666666668,12.777777777777779,3.1658950617283943,64.13090277777778,9.497729983119658,0.0,41.6394,-91.5445,204.0,public observation
2019-10-23,IOW,8.26086956521739,2.2222222222222223,15.555555555555555,2.0628019323671496,66.02869565217391,2.392219561965812,1.016,41.6394,-91.5445,204.0,public observation
2019-10-24,IOW,6.481481481481482,1.6666666666666667,9.444444444444445,1.525462962962963,71.79,3.681752193473194,0.0,41.6394,-91.5445,204.0,public observation
2019-10-25,IOW,4.467592592592593,0.0,11.666666666666666,-1.4074074074074077,69.13375,0.6237183811188811,0.0,41.6394,-91.5445,204.0,public observation
2019-10-26,IOW,3.9930555555555554,-1.722222222222223,10.0,-0.2569444444444444,74.42291666666667,1.3800949615384617,0.0,41.6394,-91.5445,204.0,public observation
2019-10-27,IOW,6.4803240740740735,-0.30555555555555597,13.88888888888889,2.236111111111111,75.84270833333333,2.146696608974359,0.0,41.6394,-91.5445,204.0,public observation
2019-10-28,IOW,6.111111111111111,4.444444444444445,7.777777777777778,-1.0601851851851851,60.67583333333334,3.559886525641026,0.0,41.6394,-91.5445,204.0,public observation
2019-10-29,IOW,1.8155864197530862,-2.2222222222222223,6.111111111111111,-2.4056712962962963,75.22496527777777,2.713704918510425,4.064,41.6394,-91.5445,204.0,public observation
2019-10-30,IOW,0.898148148148148,-1.1111111111111112,3.3333333333333335,-3.4930555555555554,73.34125,3.318093134615385,0.0,41.6394,-91.5445,204.0,public observation
2019-10-31,IOW,-0.7468171296296301,-3.277777777777777,1.1111111111111112,-4.546064814814815,76.16365277777778,5.3711601245705545,2.032,41.6394,-91.5445,204.0,public observation
2019-11-01,IOW,-0.260030864197531,-5.611111111111112,5.0,-4.632716049382716,73.04527777777777,1.6228305576923079,0.762,41.6394,-91.5445,204.0,public observation
2019-11-02,IOW,3.877314814814815,0.5555555555555556,8.333333333333334,-0.4328703703703706,75.09104166666667,4.322601576923077,0.508,41.6394,-91.5445,204.0,public observation
2019-11-03,IOW,4.62962962962963,0.0,11.666666666666666,-0.867724867724868,68.96714285714286,1.4146801191989828,0.254,41.6394,-91.5445,204.0,public observation
2019-11-04,IOW,5.543981481481481,1.1111111111111112,9.444444444444445,1.6342592592592593,77.08791666666666,2.75562611698718,0.0,41.6394,-91.5445,204.0,public observation
2019-11-05,IOW,1.7314814814814816,-2.2222222222222223,5.555555555555555,-3.8518518518518516,68.25458333333333,3.038434875,0.0,41.6394,-91.5445,204.0,public observation
2019-11-06,IOW,6.342592592592593,2.7777777777777777,13.333333333333334,-0.9467592592592592,59.975,4.173436943084693,0.0,41.6394,-91.5445,204.0,public observation
2019-11-07,IOW,-2.1504629629629632,-5.611111111111112,1.6666666666666667,-10.399305555555555,54.39458333333334,5.178948262820513,0.0,41.6394,-91.5445,204.0,public observation
2019-11-08,IOW,-4.386574074074074,-8.88888888888889,2.2222222222222223,-10.780092592592593,62.660833333333336,2.4654563814102564,0.0,41.6394,-91.5445,204.0,public observation
2019-11-09,IOW,3.622685185185185,-2.2222222222222223,12.777777777777779,-4.928240740740741,54.918749999999996,3.629138602564103,0.0,41.6394,-91.5445,204.0,public observation
2019-11-10,IOW,4.103395061728395,0.0,7.222222222222222,-0.9398148148148152,70.01854166666666,2.7304869064102566,0.0,41.6394,-91.5445,204.0,public observation
2019-11-11,IOW,-2.61400462962963,-7.777777777777778,3.611111111111111,-7.652006172839506,69.20013888888889,6.626393224679487,1.27,41.6394,-91.5445,204.0,public observation
2019-11-12,IOW,-11.546296296296296,-15.555555555555555,-8.88888888888889,-17.560185185185187,61.74208333333333,3.3860693087606837,0.0,41.6394,-91.5445,204.0,public observation
2019-11-13,IOW,-5.668981481481482,-10.0,0.0,-12.247685185185185,59.88791666666666,4.638927319444444,0.0,41.6394,-91.5445,204.0,public observation
2019-11-14,IOW,-1.1400462962962965,-3.277777777777777,0.0,-5.872685185185186,70.48604166666667,2.6996925021367524,0.0,41.6394,-91.5445,204.0,public observation
2019-11-15,IOW,-1.703703703703704,-7.222222222222222,8.88888888888889,-6.4444444444444455,71.74416666666666,0.7493379729401034,0.0,41.6394,-91.5445,204.0,public observation
2019-11-16,IOW,1.796296296296296,-2.7777777777777777,7.777777777777778,-2.2870370370370368,75.09541666666667,2.824945111888112,0.0,41.6394,-91.5445,204.0,public observation
2019-11-17,IOW,2.800925925925926,1.1111111111111112,5.555555555555555,-0.19444444444444456,80.66125,2.2500065461149963,0.254,41.6394,-91.5445,204.0,public observation
2019-11-18,IOW,3.344907407407407,1.6666666666666667,5.555555555555555,-0.760416666666667,74.52979166666667,2.7817707032634034,0.0,41.6394,-91.5445,204.0,public observation
2019-11-19,IOW,4.837962962962963,3.3333333333333335,10.0,2.2569444444444446,83.9025,1.9287998955128207,2.032,41.6394,-91.5445,204.0,public observation
2019-11-20,IOW,4.950617283950617,-0.6111111111111119,11.666666666666666,2.095293209876543,82.95274305555556,2.3739172273504274,0.0,41.6394,-91.5445,204.0,public observation
2019-11-21,IOW,9.30246913580247,3.888888888888889,13.333333333333334,6.09182098765432,80.69534722222222,6.971352188461538,18.542,41.6394,-91.5445,204.0,public observation
2019-11-22,IOW,0.02662037037037027,-2.7777777777777777,3.888888888888889,-5.190972222222222,68.28895833333333,3.542567617628205,0.0,41.6394,-91.5445,204.0,public observation
2019-11-23,IOW,0.5300925925925927,-3.888888888888889,8.333333333333334,-4.25,71.82333333333334,1.9321879081196578,0.0,41.6394,-91.5445,204.0,public observation
2019-11-24,IOW,4.12037037037037,-1.1111111111111112,13.333333333333334,-0.9074074074074074,71.63083333333334,2.2025258317793317,0.0,41.6394,-91.5445,204.0,public observation
2019-11-25,IOW,4.80787037037037,-0.6111111111111119,13.333333333333334,-0.6203703703703706,70.66250000000001,1.3685529487179489,0.0,41.6394,-91.5445,204.0,public observation
2019-11-26,IOW,3.655092592592593,0.5555555555555556,6.666666666666667,-0.3564814814814816,75.26354166666667,3.6224253910256414,1.7779999999999998,41.6394,-91.5445,204.0,public observation
2019-11-27,IOW,4.2881172839506165,1.1111111111111112,8.333333333333334,1.384336419753086,81.79313541666666,8.088824155395299,8.128,41.6394,-91.5445,204.0,public observation
2019-11-28,IOW,0.41435185185185186,-0.6111111111111119,1.1111111111111112,-4.611111111111111,68.82291666666667,4.153269649038462,0.0,41.6394,-91.5445,204.0,public observation
2019-11-29,IOW,1.7476851851851853,0.5555555555555556,3.888888888888889,-1.488811728395062,79.24402777777777,2.831793586965812,0.0,41.6394,-91.5445,204.0,public observation
2019-11-30,IOW,4.0196759259259265,3.250000000000001,6.111111111111111,2.6724537037037037,91.30992361111112,5.379509787518853,6.35,41.6394,-91.5445,204.0,public observation
2019-12-01,IOW,4.077932098765433,1.3888888888888888,7.9629629629629655,1.1280864197530864,81.55548611111111,4.61722912051282,0.254,41.6394,-91.5445,204.0,public observation
2019-12-02,IOW,-0.2962962962962964,-2.7777777777777777,1.6666666666666667,-4.5405092592592595,73.08562500000001,4.6215083021367525,0.0,41.6394,-91.5445,204.0,public observation
2019-12-03,IOW,2.259259259259259,-2.7777777777777777,10.0,-2.717592592592592,70.6975,3.0042210512820517,0.0,41.6394,-91.5445,204.0,public observation
2019-12-04,IOW,3.9583333333333335,0.5555555555555556,9.444444444444445,-1.263888888888889,69.81166666666667,5.057050474358975,0.0,41.6394,-91.5445,204.0,public observation
2019-12-05,IOW,2.7615740740740744,-3.888888888888889,13.333333333333334,-1.5416666666666667,75.0425,1.170689871794872,0.0,41.6394,-91.5445,204.0,public observation
2019-12-06,IOW,2.6967592592592595,0.5555555555555556,5.0,-3.097222222222222,66.71083333333333,4.415703221153846,0.0,41.6394,-91.5445,204.0,public observation
2019-12-07,IOW,-0.5046296296296297,-6.722222222222223,6.666666666666667,-4.747685185185185,74.23833333333333,2.4567998717948716,0.0,41.6394,-91.5445,204.0,public observation
2019-12-08,IOW,4.131944444444445,1.1111111111111112,8.88888888888889,-0.4583333333333334,72.06395833333333,3.3901182925407927,0.0,41.6394,-91.5445,204.0,public observation
2019-12-09,IOW,4.117746913580247,-6.722222222222223,7.851851851851851,2.490972222222222,89.24954861111111,3.4359786995726496,0.762,41.6394,-91.5445,204.0,public observation
2019-12-10,IOW,-8.664351851851851,-11.722222222222221,-5.805555555555555,-12.568287037037038,73.52062500000001,5.418248736111111,0.0,41.6394,-91.5445,204.0,public observation
2019-12-11,IOW,-7.697337962962963,-12.222222222222221,-4.388888888888888,-10.935570987654321,77.93013888888889,1.7035670682336184,1.016,41.6394,-91.5445,204.0,public observation
2019-12-12,IOW,-1.0671296296296295,-7.777777777777778,7.777777777777778,-6.3865740740740735,68.37375,3.6290011976495724,0.0,41.6394,-91.5445,204.0,public observation
2019-12-13,IOW,-1.349537037037037,-3.888888888888889,3.3333333333333335,-3.890046296296296,82.94416666666667,1.8739743531517095,0.0,41.6394,-91.5445,204.0,public observation
2019-12-14,IOW,-1.9467592592592593,-5.611111111111112,0.5555555555555556,-5.677854938271605,75.89791666666666,4.390220498290598,0.0,41.6394,-91.5445,204.0,public observation
2019-12-15,IOW,-9.018518518518517,-12.222222222222221,-5.0,-13.893518518518519,68.02833333333332,2.8541748846153845,0.0,41.6394,-91.5445,204.0,public observation
2019-12-16,IOW,-3.9429012345679015,-5.74074074074074,0.0,-8.420949074074075,71.48358333333333,1.6967696432629464,0.254,41.6394,-91.5445,204.0,public observation
2019-12-17,IOW,-3.3912037037037037,-5.0,-1.1111111111111112,-6.673611111111111,78.194375,4.131023436480187,0.0,41.6394,-91.5445,204.0,public observation
2019-12-18,IOW,-6.296296296296297,-10.61111111111111,-3.277777777777777,-12.719907407407407,61.80583333333333,3.1245053134615386,0.0,41.6394,-91.5445,204.0,public observation
2019-12-19,IOW,-3.155092592592593,-7.777777777777778,6.666666666666667,-8.36574074074074,68.32666666666667,2.3380820256410257,0.0,41.6394,-91.5445,204.0,public observation
2019-12-20,IOW,0.8472222222222224,-3.277777777777777,8.333333333333334,-3.9768518518518516,71.95791666666666,1.4988128076923077,0.0,41.6394,-91.5445,204.0,public observation
2019-12-21,IOW,0.7916666666666665,-6.166666666666668,10.555555555555555,-3.392361111111111,74.96249999999999,1.2086136282051283,0.0,41.6394,-91.5445,204.0,public observation
2019-12-22,IOW,3.693314594356261,-3.3148148148148158,12.777777777777779,-0.7704750881834214,75.30402281746032,2.174309435167379,0.0,41.6394,-91.5445,204.0,public observation
2019-12-23,IOW,3.8680555555555554,-2.5,10.0,0.39699074074074076,79.17131944444445,1.0148177367521367,0.0,41.6394,-91.5445,204.0,public observation
2019-12-24,IOW,3.610223765432099,-1.8888888888888882,13.88888888888889,-0.07260802469135814,79.28408333333333,1.1202947456876458,0.0,41.6394,-91.5445,204.0,public observation
2019-12-25,IOW,5.630246913580247,-0.777777777777777,16.666666666666668,2.079783950617284,79.99366666666667,1.3661987445156696,0.0,41.6394,-91.5445,204.0,public observation
2019-12-26,IOW,4.4309413580246915,0.5555555555555556,10.555555555555555,1.9081790123456785,84.02944444444445,2.5229318756944443,0.0,41.6394,-91.5445,204.0,public observation
2019-12-27,IOW,1.8188657407407407,-0.6111111111111119,5.0,-3.1591435185185177,69.98864583333334,3.131458002136752,0.0,41.6394,-91.5445,204.0,public observation
2019-12-28,IOW,3.744598765432098,0.0,9.222222222222221,0.7222222222222222,82.11871212121213,3.2459241476495726,11.175999999999998,41.6394,-91.5445,204.0,public observation
2019-12-29,IOW,11.075617283950619,6.388888888888889,13.88888888888889,8.230273752012883,82.98159420289855,5.2567783322649575,20.32,41.6394,-91.5445,204.0,public observation
2019-12-30,IOW,0.20640432098765374,-2.2222222222222223,5.777777777777777,-3.955439814814815,73.79680555555557,7.047427400854701,0.0,41.6394,-91.5445,204.0,public observation
2019-12-31,IOW,-1.2222222222222225,-2.7777777777777777,1.1111111111111112,-5.641203703703703,71.92,8.16268705944056,0.0,41.6394,-91.5445,204.0,public observation
2020-01-01,IOW,-0.375,-7.222222222222222,8.88888888888889,-5.222222222222222,71.91250000000001,3.1768212532051283,0.0,41.6394,-91.5445,204.0,public observation
2020-01-02,IOW,6.296296296296297,2.7777777777777777,10.555555555555555,0.23379629629629603,65.625,3.6439783333333335,0.0,41.6394,-91.5445,204.0,public observation
2020-01-03,IOW,2.119598765432099,0.5555555555555556,5.277777777777778,-1.7075617283950617,75.8490625,3.2728133079594017,0.508,41.6394,-91.5445,204.0,public observation
2020-01-04,IOW,-0.3699845679012346,-2.7777777777777777,1.6666666666666667,-3.076967592592593,81.94388888888888,3.7529917553324537,0.508,41.6394,-91.5445,204.0,public observation
2020-01-05,IOW,1.3530092592592593,-4.388888888888888,8.333333333333334,-3.7106481481481484,70.20375,5.149151025641026,0.0,41.6394,-91.5445,204.0,public observation
2020-01-06,IOW,-0.7910052910052909,-5.0,3.888888888888889,-5.8280423280423275,69.5795238095238,2.5227970582750583,0.0,41.6394,-91.5445,204.0,public observation
2020-01-07,IOW,-0.3078703703703705,-3.888888888888889,2.7777777777777777,-5.148148148148148,70.7475,2.5844490373931626,0.0,41.6394,-91.5445,204.0,public observation
2020-01-08,IOW,-4.930555555555556,-9.38888888888889,1.1111111111111112,-13.5,51.57749999999999,4.930837814685315,0.0,41.6394,-91.5445,204.0,public observation
2020-01-09,IOW,4.979166666666667,-4.388888888888888,15.555555555555555,-2.638888888888889,58.51666666666667,6.234335782051282,0.0,41.6394,-91.5445,204.0,public observation
2020-01-10,IOW,1.6587962962962963,-0.6111111111111119,10.555555555555555,-2.5243055555555554,74.33114583333334,3.637243529594017,8.636000000000001,41.6394,-91.5445,204.0,public observation
2020-01-11,IOW,-2.5787037037037037,-4.388888888888888,0.5555555555555556,-5.861111111111112,78.13798611111112,6.197718353792735,6.35,41.6394,-91.5445,204.0,public observation
2020-01-12,IOW,-3.6350308641975304,-5.0,-2.2222222222222223,-7.141203703703703,76.70715277777778,2.7007474863636367,0.0,41.6394,-91.5445,204.0,public observation
2020-01-13,IOW,-0.7737268518518521,-2.7777777777777777,0.5555555555555556,-3.388310185185185,82.49791666666667,3.6803719878739316,0.254,41.6394,-91.5445,204.0,public observation
2020-01-14,IOW,1.238425925925926,-1.1111111111111112,2.2222222222222223,-1.1111111111111112,84.485,4.4813081790598295,0.0,41.6394,-91.5445,204.0,public observation
2020-01-15,IOW,-1.5601851851851853,-3.888888888888889,0.7037037037037032,-3.793402777777778,84.76822916666667,3.6880813850427354,1.5239999999999998,41.6394,-91.5445,204.0,public observation
2020-01-16,IOW,-12.425925925925926,-16.11111111111111,-5.611111111111112,-17.81365740740741,64.22083333333333,6.048721371794872,0.0,41.6394,-91.5445,204.0,public observation
2020-01-17,IOW,-7.922453703703703,-12.222222222222221,-3.0777777777777775,-11.989891975308643,72.68941666666667,3.9643508815202364,3.81,41.6394,-91.5445,204.0,public observation
2020-01-18,IOW,-3.8325424382716053,-13.583333333333334,1.6666666666666667,-6.784625771604939,80.04438888888889,7.626958413335847,6.35,41.6394,-91.5445,204.0,public observation
2020-01-19,IOW,-15.355324074074074,-17.77777777777778,-12.222222222222221,-20.49537037037037,64.73305555555555,7.411746717094018,0.0,41.6394,-91.5445,204.0,public observation
2020-01-20,IOW,-11.363425925925926,-12.777777777777779,-7.777777777777778,-15.442129629629628,71.81375,2.950279807692308,0.0,41.6394,-91.5445,204.0,public observation
2020-01-21,IOW,-13.181327160493828,-18.27777777777778,-6.722222222222223,-15.932870370370372,79.9317361111111,1.9833025363247865,0.0,41.6394,-91.5445,204.0,public observation
2020-01-22,IOW,-2.7165123456790123,-7.222222222222222,0.0,-6.60679012345679,74.74413888888888,4.295901608169935,0.254,41.6394,-91.5445,204.0,public observation
2020-01-23,IOW,0.4080246913580243,-0.6111111111111138,1.6666666666666667,-1.5221836419753094,86.79950694444445,2.973230412006662,1.524,41.6394,-91.5445,204.0,public observation
2020-01-24,IOW,1.4915123456790125,1.0740740740740722,2.2222222222222223,-0.4891975308641984,86.58819444444445,3.7248578104166667,4.318,41.6394,-91.5445,204.0,public observation
2020-01-25,IOW,0.8016975308641975,-0.6111111111111119,2.7777777777777777,-2.0507246376811596,81.66579710144927,5.767912836752138,0.0,41.6394,-91.5445,204.0,public observation
2020-01-26,IOW,-1.9467592592592593,-5.0,0.0,-5.054398148148148,79.375625,3.457892820512821,0.0,41.6394,-91.5445,204.0,public observation
2020-01-27,IOW,-0.7584876543209881,-2.2222222222222223,0.0,-2.9510030864197527,85.28625000000001,2.4286053647970083,0.0,41.6394,-91.5445,204.0,public observation
2020-01-28,IOW,-3.637278582930757,-4.388888888888888,-1.1111111111111112,-6.332125603864734,81.66057971014493,3.0832563581196584,0.0,41.6394,-91.5445,204.0,public observation
2020-01-29,IOW,-4.484953703703704,-5.611111111111112,-2.7777777777777777,-7.045949074074074,82.35932638888889,1.026728423018648,0.0,41.6394,-91.5445,204.0,public observation
2020-01-30,IOW,-2.6172839506172836,-3.277777777777777,-1.1111111111111112,-5.558063271604937,80.2775,0.9088810459207459,0.0,41.6394,-91.5445,204.0,public observation
2020-01-31,IOW,-0.7140432098765436,-2.7777777777777777,2.2222222222222223,-3.4298611111111117,81.85183333333333,1.7838229887286328,0.0,41.6394,-91.5445,204.0,public observation
2020-02-01,IOW,1.9661835748792271,1.1111111111111112,3.3333333333333335,-0.6560386473429957,82.97960869565217,3.4083720893162393,1.016,41.6394,-91.5445,204.0,public observation
2020-02-02,IOW,5.845410628019324,2.7777777777777777,12.222222222222221,-0.8019323671497588,63.57478260869566,3.9556126794871798,0.0,41.6394,-91.5445,204.0,public observation
2020-02-03,IOW,2.1574074074074074,-1.722222222222223,5.777777777777777,-1.5497685185185188,77.056875,3.735018903846154,0.0,41.6394,-91.5445,204.0,public observation
2020-02-04,IOW,1.287037037037037,-1.1111111111111112,4.444444444444445,-7.777777777777778,51.346666666666664,6.727344615384616,0.0,41.6394,-91.5445,204.0,public observation
2020-02-05,IOW,-2.613425925925926,-4.388888888888888,-1.1111111111111112,-11.127314814814815,52.2225,4.4090488974358975,0.0,41.6394,-91.5445,204.0,public observation
2020-02-06,IOW,-2.3587962962962963,-8.277777777777779,1.6666666666666667,-10.798611111111112,54.08041666666667,2.392494371794872,0.0,41.6394,-91.5445,204.0,public observation
2020-02-07,IOW,-3.3618055555555557,-7.222222222222222,1.1111111111111112,-8.607407407407408,67.92675,0.942116796474359,0.0,41.6394,-91.5445,204.0,public observation
2020-02-08,IOW,-3.748842592592593,-7.222222222222222,-0.6111111111111119,-7.831597222222221,73.72177083333334,3.048810908974359,0.0,41.6394,-91.5445,204.0,public observation
2020-02-09,IOW,-0.17592592592592593,-6.111111111111111,3.888888888888889,-3.489197530864198,78.52763888888889,3.3091029273504273,2.286,41.6394,-91.5445,204.0,public observation
2020-02-10,IOW,-2.6041666666666665,-5.611111111111112,1.1111111111111112,-6.512731481481482,74.73722222222223,3.160220598154623,0.0,41.6394,-91.5445,204.0,public observation
2020-02-11,IOW,-1.6203703703703702,-3.888888888888889,1.6666666666666667,-6.452546296296297,70.68645833333333,2.807064628205128,0.0,41.6394,-91.5445,204.0,public observation
2020-02-12,IOW,-1.6365740740740742,-5.611111111111112,2.7777777777777777,-5.501157407407408,75.32616666666667,1.9191979477124184,1.016,41.6394,-91.5445,204.0,public observation
2020-02-13,IOW,-10.794201940035274,-17.22222222222222,1.1111111111111112,-15.029596560846562,71.10093253968255,6.917261687257187,0.762,41.6394,-91.5445,204.0,public observation
2020-02-14,IOW,-16.63425925925926,-21.11111111111111,-10.0,-23.125,57.875,3.2597941923076923,0.0,41.6394,-91.5445,204.0,public observation
2020-02-15,IOW,-3.5694444444444446,-12.222222222222221,5.0,-9.726851851851853,62.43875,5.534159596153846,0.0,41.6394,-91.5445,204.0,public observation
2020-02-16,IOW,-0.7523148148148149,-6.111111111111111,6.666666666666667,-3.9953703703703702,79.353125,1.5192272521367522,0.0,41.6394,-91.5445,204.0,public observation
2020-02-17,IOW,2.1296296296296298,0.5555555555555556,4.166666666666667,-0.9409722222222222,80.2334375,2.654600135042735,2.032,41.6394,-91.5445,204.0,public observation
2020-02-18,IOW,0.25887345679012347,-3.277777777777777,2.7777777777777777,-4.183256172839506,73.05576388888889,6.185007417735043,0.0,41.6394,-91.5445,204.0,public observation
2020-02-19,IOW,-5.701388888888889,-8.88888888888889,-2.2222222222222223,-12.202932098765432,60.64548611111112,3.6649224112665113,0.0,41.6394,-91.5445,204.0,public observation
2020-02-20,IOW,-9.111111111111112,-14.444444444444445,-5.0,-18.07638888888889,49.12958333333333,3.714791829739705,0.0,41.6394,-91.5445,204.0,public observation
2020-02-21,IOW,-5.097222222222222,-11.11111111111111,5.555555555555555,-12.798611111111112,57.91166666666667,2.966297294871795,0.0,41.6394,-91.5445,204.0,public observation
2020-02-22,IOW,3.159722222222222,-1.722222222222223,12.222222222222221,-6.145833333333333,51.62916666666666,3.7610473205128208,0.0,41.6394,-91.5445,204.0,public observation
2020-02-23,IOW,5.736111111111111,-1.722222222222223,14.444444444444445,-1.4930555555555556,62.15875,2.306753705128205,0.0,41.6394,-91.5445,204.0,public observation
2020-02-24,IOW,4.606481481481482,1.6666666666666667,9.444444444444445,-2.381944444444444,60.84708333333333,4.270894501554002,0.0,41.6394,-91.5445,204.0,public observation
2020-02-25,IOW,3.0092592592592595,1.6666666666666667,5.0,-4.143518518518518,59.56125,6.30111457051282,0.0,41.6394,-91.5445,204.0,public observation
2020-02-26,IOW,0.986111111111111,-0.6111111111111119,2.7777777777777777,-7.587962962962963,53.05416666666667,6.109022500000001,0.0,41.6394,-91.5445,204.0,public observation
2020-02-27,IOW,-1.611111111111111,-5.611111111111112,2.2222222222222223,-8.100694444444445,62.316875,2.898113228875291,0.0,41.6394,-91.5445,204.0,public observation
2020-02-28,IOW,-2.093287037037037,-3.888888888888889,0.0,-7.303240740740741,68.05545833333333,2.9709847653846153,0.254,41.6394,-91.5445,204.0,public observation
2020-02-29,IOW,-2.511574074074074,-9.38888888888889,7.777777777777778,-9.171296296296296,62.22875,2.7911060288461536,0.0,41.6394,-91.5445,204.0,public observation
2020-03-01,IOW,7.592592592592593,0.5555555555555556,17.22222222222222,-0.5023148148148147,58.8475,3.9318416292735043,0.0,41.6394,-91.5445,204.0,public observation
2020-03-02,IOW,3.3564814814814814,0.0,11.666666666666666,-2.0578703703703702,68.04833333333333,4.035657287878788,0.0,41.6394,-91.5445,204.0,public observation
2020-03-03,IOW,4.099537037037037,-1.722222222222223,11.666666666666666,-2.7939814814814814,64.22145833333333,4.306654755128205,0.0,41.6394,-91.5445,204.0,public observation
2020-03-04,IOW,5.543981481481481,0.5555555555555556,11.11111111111111,-3.034722222222222,56.95770833333333,3.158610640831391,0.0,41.6394,-91.5445,204.0,public observation
2020-03-05,IOW,5.763888888888889,1.1111111111111112,11.11111111111111,-2.5949074074074074,55.81333333333333,5.841247802564102,0.0,41.6394,-91.5445,204.0,public observation
2020-03-06,IOW,4.0717592592592595,-0.6111111111111119,8.88888888888889,-6.215277777777778,49.9375,6.158900483974359,0.0,41.6394,-91.5445,204.0,public observation
2020-03-07,IOW,5.106481481481482,-2.2222222222222223,16.666666666666668,-6.407407407407407,47.45458333333334,3.9946906371794877,0.0,41.6394,-91.5445,204.0,public observation
2020-03-08,IOW,12.847222222222221,6.666666666666667,22.77777777777778,-2.449074074074074,36.74583333333333,6.31842758974359,0.0,41.6394,-91.5445,204.0,public observation
2020-03-09,IOW,11.475694444444445,7.592592592592587,17.22222222222222,5.128747795414462,71.61956349206349,3.9582989455662396,28.448,41.6394,-91.5445,204.0,public observation
2020-03-10,IOW,4.98070987654321,0.5555555555555556,10.555555555555555,0.6003086419753085,74.36861111111112,3.9678791909479414,0.254,41.6394,-91.5445,204.0,public observation
2020-03-11,IOW,7.301697530864197,5.277777777777778,10.555555555555555,3.3055555555555554,76.1504861111111,2.7629183920940172,0.0,41.6394,-91.5445,204.0,public observation
2020-03-12,IOW,8.26195987654321,3.888888888888889,18.333333333333332,4.849537037037037,80.4271875,4.60664001969697,0.0,41.6394,-91.5445,204.0,public observation
2020-03-13,IOW,5.347222222222222,-1.1111111111111112,10.0,-4.652777777777778,51.197916666666664,6.2409312179487175,0.0,41.6394,-91.5445,204.0,public observation
2020-03-14,IOW,3.1712962962962963,0.5555555555555556,7.222222222222222,-3.7845679012345683,62.10066666666666,4.3888435047542735,1.524,41.6394,-91.5445,204.0,public observation
2020-03-15,IOW,1.108796296296296,-1.722222222222223,3.888888888888889,-3.766203703703703,70.35895833333333,3.5508178012820513,0.0,41.6394,-91.5445,204.0,public observation
2020-03-16,IOW,3.5100308641975313,1.6666666666666667,7.222222222222222,-1.414351851851852,70.44958333333334,2.135272371794872,0.0,41.6394,-91.5445,204.0,public observation
2020-03-17,IOW,5.159722222222222,-0.6111111111111119,9.444444444444445,-2.4120370370370368,59.49,2.6067910764957265,0.0,41.6394,-91.5445,204.0,public observation
2020-03-18,IOW,6.979166666666667,5.0,9.444444444444445,2.738425925925926,75.33083333333333,2.9578838313519817,13.461999999999998,41.6394,-91.5445,204.0,public observation
2020-03-19,IOW,9.640432098765432,7.777777777777778,14.86111111111111,8.515817901234568,93.0598611111111,3.5690583036858974,4.572,41.6394,-91.5445,204.0,public observation
2020-03-20,IOW,4.505529835390946,1.0555555555555547,13.333333333333334,0.39519032921810676,75.5641550925926,6.4201495418614885,29.718,41.6394,-91.5445,204.0,public observation
2020-03-21,IOW,1.9212962962962965,0.0,4.444444444444445,-5.604166666666667,57.6775,3.433036806818182,0.0,41.6394,-91.5445,204.0,public observation
2020-03-22,IOW,0.5262345679012342,-0.6111111111111119,2.7777777777777777,-3.9438271604938273,72.32727777777778,4.4507856402243595,1.524,41.6394,-91.5445,204.0,public observation
2020-03-23,IOW,2.2245370370370368,0.0,6.111111111111111,0.06249999999999983,85.72497222222222,2.1632853080128207,1.016,41.6394,-91.5445,204.0,public observation
2020-03-24,IOW,5.474537037037037,3.3333333333333335,10.0,1.6396604938271606,77.15194444444445,3.426084118142968,0.0,41.6394,-91.5445,204.0,public observation
2020-03-25,IOW,6.110532407407407,-0.013888888888888099,12.777777777777779,3.453125,83.71239583333333,3.2601946294871795,0.0,41.6394,-91.5445,204.0,public observation
2020-03-26,IOW,10.281635802469136,7.222222222222222,12.222222222222221,6.6859567901234565,78.89715277777778,3.5110803,0.254,41.6394,-91.5445,204.0,public observation
2020-03-27,IOW,9.19212962962963,6.111111111111111,12.222222222222221,5.677469135802469,78.68444444444445,4.578834261538462,1.016,41.6394,-91.5445,204.0,public observation
2020-03-28,IOW,12.783179012345679,9.81481481481481,21.944444444444443,10.70949074074074,87.49819444444444,4.466925156054131,20.573999999999998,41.6394,-91.5445,204.0,public observation
2020-03-29,IOW,10.150462962962964,5.0,18.88888888888889,3.055555555555556,59.75857142857143,9.859116685897437,0.254,41.6394,-91.5445,204.0,public observation
2020-03-30,IOW,8.657407407407407,0.5555555555555556,17.22222222222222,-0.43055555555555575,57.911249999999995,2.927411704059829,0.0,41.6394,-91.5445,204.0,public observation
2020-03-31,IOW,9.328703703703704,3.888888888888889,13.88888888888889,0.21759259259259242,54.190416666666664,3.4130131633644134,0.0,41.6394,-91.5445,204.0,public observation
2020-04-01,IOW,7.013888888888889,2.7777777777777777,15.0,0.921296296296296,66.934375,3.616536608974359,0.254,41.6394,-91.5445,204.0,public observation
2020-04-02,IOW,11.690821256038648,7.777777777777778,17.77777777777778,3.3816425120772946,57.60695652173913,4.985599918803419,0.0,41.6394,-91.5445,204.0,public observation
2020-04-03,IOW,9.094202898550725,1.1111111111111112,14.444444444444445,4.475845410628019,73.44413043478261,4.5271909515669515,3.5559999999999996,41.6394,-91.5445,204.0,public observation
2020-04-04,IOW,3.372685185185185,-0.6111111111111119,11.666666666666666,-3.0081018518518516,66.63666666666667,4.967139836208236,0.508,41.6394,-91.5445,204.0,public observation
2020-04-05,IOW,9.768518518518519,5.555555555555555,15.555555555555555,-1.3912037037037035,46.51708333333334,2.9154025145299145,0.0,41.6394,-91.5445,204.0,public observation
2020-04-06,IOW,11.319444444444445,5.555555555555555,18.333333333333332,4.108796296296296,62.11875,3.036013336441336,0.0,41.6394,-91.5445,204.0,public observation
2020-04-07,IOW,17.959104938271604,10.277777777777779,26.11111111111111,13.695987654320987,78.12111111111112,3.2311011017628206,0.0,41.6394,-91.5445,204.0,public observation
2020-04-08,IOW,15.457561728395062,8.333333333333334,23.88888888888889,10.551311728395062,75.06899305555557,2.770958542521368,3.302,41.6394,-91.5445,204.0,public observation
2020-04-09,IOW,6.9907407407407405,1.1111111111111112,12.222222222222221,-3.6342592592592595,48.22333333333333,6.680846792307693,0.0,41.6394,-91.5445,204.0,public observation
2020-04-10,IOW,4.925925925925926,-0.6111111111111119,12.222222222222221,-6.143518518518519,46.91291666666667,5.186211094017094,0.0,41.6394,-91.5445,204.0,public observation
2020-04-11,IOW,9.606481481481481,4.444444444444445,15.555555555555555,1.3101851851851851,57.901875,2.0211477756410257,2.54,41.6394,-91.5445,204.0,public observation
2020-04-12,IOW,12.564484126984127,5.555555555555555,21.11111111111111,9.204144620811288,81.02965277777777,3.2408113762108264,8.128,41.6394,-91.5445,204.0,public observation
2020-04-13,IOW,2.5478395061728394,-1.1111111111111112,6.111111111111111,-5.190586419753087,59.03388888888889,8.854117511752138,3.556,41.6394,-91.5445,204.0,public observation
2020-04-14,IOW,1.2291666666666667,-3.277777777777777,6.111111111111111,-8.26388888888889,52.03625,6.0678010256410255,0.0,41.6394,-91.5445,204.0,public observation
2020-04-15,IOW,0.7503858024691358,-2.7777777777777777,3.888888888888889,-5.2953317901234565,65.91399305555557,3.9035470129807694,2.794,41.6394,-91.5445,204.0,public observation
2020-04-16,IOW,1.597222222222222,-4.388888888888888,6.666666666666667,-7.085648148148149,54.39833333333333,1.9543100993589746,0.0,41.6394,-91.5445,204.0,public observation
2020-04-17,IOW,3.473611111111111,1.0740740740740722,9.444444444444445,-0.9531250000000003,74.3446388888889,3.0984988931278283,5.334,41.6394,-91.5445,204.0,public observation
2020-04-18,IOW,7.8009259259259265,1.1111111111111112,16.666666666666668,-0.14583333333333343,59.59583333333333,5.761113256410257,0.0,41.6394,-91.5445,204.0,public observation
2020-04-19,IOW,12.337962962962962,5.0,16.666666666666668,0.1342592592592592,46.80833333333334,4.769324583333334,0.0,41.6394,-91.5445,204.0,public observation
2020-04-20,IOW,9.907407407407407,1.6666666666666667,18.88888888888889,-0.8587962962962963,49.71208333333333,3.477443576923077,0.0,41.6394,-91.5445,204.0,public observation
2020-04-21,IOW,10.717592592592593,2.7777777777777777,17.77777777777778,-3.719907407407407,37.82875,5.848502782051281,0.0,41.6394,-91.5445,204.0,public observation
2020-04-22,IOW,12.754629629629628,3.888888888888889,25.555555555555557,2.497685185185185,53.230625,2.9257039572649575,0.0,41.6394,-91.5445,204.0,public observation
2020-04-23,IOW,16.08101851851852,8.88888888888889,22.22222222222222,10.246913580246913,69.81659722222223,2.7994131373931626,0.0,41.6394,-91.5445,204.0,public observation
2020-04-24,IOW,11.668595679012347,9.027777777777779,16.11111111111111,8.595679012345679,81.4738888888889,3.5644387850992962,6.35,41.6394,-91.5445,204.0,public observation
2020-04-25,IOW,12.152777777777779,8.88888888888889,16.11111111111111,5.833333333333333,66.53708333333334,4.479125403846154,0.254,41.6394,-91.5445,204.0,public observation
2020-04-26,IOW,12.199074074074074,2.7777777777777777,20.555555555555557,3.252314814814815,60.39083333333334,0.9949900291375292,0.0,41.6394,-91.5445,204.0,public observation
2020-04-27,IOW,16.59722222222222,10.0,24.444444444444443,6.087962962962963,50.30625,4.8209638484848485,0.0,41.6394,-91.5445,204.0,public observation
2020-04-28,IOW,18.314043209876544,12.222222222222221,23.333333333333332,12.704475308641975,70.69423611111111,3.1999671110576924,9.906,41.6394,-91.5445,204.0,public observation
2020-04-29,IOW,12.361111111111112,10.0,17.22222222222222,6.701388888888889,68.81104166666667,7.635159256410257,0.0,41.6394,-91.5445,204.0,public observation
2020-04-30,IOW,14.722222222222221,8.333333333333334,22.22222222222222,2.451388888888889,46.762499999999996,5.708349769230769,0.0,41.6394,-91.5445,204.0,public observation
2020-05-01,IOW,14.560185185185185,5.555555555555555,23.88888888888889,4.398148148148148,53.872083333333336,2.9514575641025638,0.0,41.6394,-91.5445,204.0,public observation
2020-05-02,IOW,18.84259259259259,11.666666666666666,23.88888888888889,8.287037037037036,52.129583333333336,3.3216264038461536,0.0,41.6394,-91.5445,204.0,public observation
2020-05-03,IOW,17.40740740740741,9.444444444444445,25.0,5.208333333333333,47.03,2.1859747852564104,0.0,41.6394,-91.5445,204.0,public observation
2020-05-04,IOW,13.611111111111112,8.333333333333334,20.555555555555557,3.1018518518518516,49.541666666666664,3.973566921652422,0.0,41.6394,-91.5445,204.0,public observation
2020-05-05,IOW,8.115942028985506,5.555555555555555,13.333333333333334,5.108695652173913,81.9791304347826,3.138076993162393,20.066,41.6394,-91.5445,204.0,public observation
2020-05-06,IOW,11.331018518518519,5.0,18.88888888888889,5.243055555555555,70.09479166666667,3.7763581538461537,1.27,41.6394,-91.5445,204.0,public observation
2020-05-07,IOW,13.101851851851853,7.222222222222222,20.0,4.375,59.05125,3.667062358974359,0.0,41.6394,-91.5445,204.0,public observation
2020-05-08,IOW,10.995370370370372,7.222222222222222,13.88888888888889,-2.0810185185185186,42.88458333333333,6.277206115384615,0.0,41.6394,-91.5445,204.0,public observation
2020-05-09,IOW,9.372685185185185,-0.6111111111111119,18.88888888888889,-4.284722222222222,41.870416666666664,2.7508963543123546,0.0,41.6394,-91.5445,204.0,public observation
2020-05-10,IOW,10.003858024691358,7.037037037037032,16.666666666666668,2.766975308641975,62.726111111111116,6.4519616115384615,0.762,41.6394,-91.5445,204.0,public observation
2020-05-11,IOW,9.282407407407407,7.222222222222222,12.777777777777779,-0.6319444444444445,51.52125,4.199918617521368,0.0,41.6394,-91.5445,204.0,public observation
2020-05-12,IOW,9.51388888888889,0.5555555555555556,17.77777777777778,-1.465277777777778,52.25083333333333,0.9854255763986014,0.0,41.6394,-91.5445,204.0,public observation
2020-05-13,IOW,12.07175925925926,6.111111111111111,16.11111111111111,4.328703703703703,60.26145833333334,3.9246912202797204,0.0,41.6394,-91.5445,204.0,public observation
2020-05-14,IOW,15.99074074074074,12.777777777777779,21.29629629629629,13.696373456790122,86.71226041666667,3.164625585576923,23.875999999999998,41.6394,-91.5445,204.0,public observation
2020-05-15,IOW,18.97067901234568,16.11111111111111,22.77777777777778,11.830632716049381,67.57215972222222,3.2813013627185317,11.938,41.6394,-91.5445,204.0,public observation
2020-05-16,IOW,17.55787037037037,9.444444444444445,23.88888888888889,12.175925925925926,71.83854166666667,2.390845512820513,0.0,41.6394,-91.5445,204.0,public observation
2020-05-17,IOW,16.674537037037037,15.0,19.244444444444444,12.941534391534391,79.09191071428572,4.054063270361991,23.114,41.6394,-91.5445,204.0,public observation
2020-05-18,IOW,13.828703703703704,12.222222222222221,16.11111111111111,11.073578042328043,83.8124007936508,4.015582881234288,2.032,41.6394,-91.5445,204.0,public observation
2020-05-19,IOW,14.020061728395062,12.222222222222221,16.666666666666668,10.470679012345679,79.3417361111111,5.275516436752137,0.0,41.6394,-91.5445,204.0,public observation
2020-05-20,IOW,15.485507246376812,14.444444444444445,17.22222222222222,12.402173913043478,82.07971014492753,4.512216254671718,0.0,41.6394,-91.5445,204.0,public observation
2020-05-21,IOW,14.881172839506172,12.777777777777779,16.833333333333332,11.934413580246913,83.00027777777778,2.896636929059829,0.254,41.6394,-91.5445,204.0,public observation
2020-05-22,IOW,16.741512345679013,13.88888888888889,21.666666666666668,12.918981481481481,79.09402777777778,2.8343414666666664,0.254,41.6394,-91.5445,204.0,public observation
2020-05-23,IOW,19.411651234567902,17.0,22.22222222222222,15.460648148148147,78.27908333333333,4.103339532023002,23.114,41.6394,-91.5445,204.0,public observation
2020-05-24,IOW,20.31442901234568,13.333333333333334,27.77777777777778,16.606867283950617,80.80777777777779,2.011961275641026,0.0,41.6394,-91.5445,204.0,public observation
2020-05-25,IOW,22.912037037037038,17.77777777777778,30.0,18.01851851851852,75.555625,2.9653315346153843,6.8580000000000005,41.6394,-91.5445,204.0,public observation
2020-05-26,IOW,23.553240740740744,18.88888888888889,29.444444444444443,18.90817901234568,76.32347222222222,4.435022352136753,2.032,41.6394,-91.5445,204.0,public observation
2020-05-27,IOW,22.78935185185185,19.444444444444443,26.11111111111111,19.247685185185187,80.93104166666667,3.5564710320512822,0.0,41.6394,-91.5445,204.0,public observation
2020-05-28,IOW,20.225694444444446,18.70370370370371,22.592592592592595,18.94521604938272,92.43989583333332,1.7396764254629629,15.239999999999998,41.6394,-91.5445,204.0,public observation
2020-05-29,IOW,16.89814814814815,12.222222222222221,20.0,10.949074074074074,70.75208333333333,4.265598166666667,0.0,41.6394,-91.5445,204.0,public observation
2020-05-30,IOW,16.38888888888889,10.0,22.77777777777778,8.518518518518519,63.475,2.113012775641026,0.0,41.6394,-91.5445,204.0,public observation
2020-05-31,IOW,16.944444444444446,9.444444444444445,23.333333333333332,8.587962962962964,61.19125,1.352064358974359,0.0,41.6394,-91.5445,204.0,public observation
2020-06-01,IOW,20.76388888888889,16.666666666666668,27.77777777777778,13.032407407407407,62.18666666666667,4.310117358974359,0.254,41.6394,-91.5445,204.0,public observation
2020-06-02,IOW,25.60185185185185,20.0,32.22222222222222,17.824074074074073,63.44083333333333,4.592072243589744,0.0,41.6394,-91.5445,204.0,public observation
2020-06-03,IOW,24.988425925925924,20.833333333333332,30.0,19.511959876543212,72.61739583333333,2.2516190017094018,3.0479999999999996,41.6394,-91.5445,204.0,public observation
2020-06-04,IOW,24.444444444444443,19.444444444444443,31.11111111111111,19.189814814814813,74.60416666666667,1.1542012820512821,0.0,41.6394,-91.5445,204.0,public observation
2020-06-05,IOW,24.565972222222225,18.88888888888889,31.11111111111111,18.854166666666668,72.35892361111111,3.53460759032634,5.842,41.6394,-91.5445,204.0,public observation
2020-06-06,IOW,24.814814814814813,19.444444444444443,29.444444444444443,13.587962962962962,51.29458333333333,2.982511074786325,0.0,41.6394,-91.5445,204.0,public observation
2020-06-07,IOW,24.28240740740741,17.22222222222222,30.555555555555557,13.125,50.418749999999996,4.590423384615385,0.0,41.6394,-91.5445,204.0,public observation
2020-06-08,IOW,26.15740740740741,19.444444444444443,32.22222222222222,14.88425925925926,52.53583333333333,4.329903666666667,0.0,41.6394,-91.5445,204.0,public observation
2020-06-09,IOW,23.11298500881834,21.074074074074076,28.88888888888889,16.20408950617284,69.01375,3.654659671385328,88.392,41.6394,-91.5445,204.0,public observation
2020-06-10,IOW,20.489583333333332,16.296296296296298,22.22222222222222,17.503086419753085,84.20096527777777,5.1672845485042735,7.366,41.6394,-91.5445,204.0,public observation
2020-06-11,IOW,19.76851851851852,12.222222222222221,27.77777777777778,10.879629629629628,60.69125,4.458514666666667,0.0,41.6394,-91.5445,204.0,public observation
2020-06-12,IOW,21.689814814814813,12.777777777777779,29.444444444444443,11.435185185185185,57.49625,1.1359539094017095,0.0,41.6394,-91.5445,204.0,public observation
2020-06-13,IOW,19.502314814814813,14.444444444444445,27.22222222222222,9.155092592592593,52.66083333333333,3.716057025641026,0.0,41.6394,-91.5445,204.0,public observation
2020-06-14,IOW,18.819444444444446,13.333333333333334,24.444444444444443,8.958333333333334,53.84,5.058699333333334,0.0,41.6394,-91.5445,204.0,public observation
2020-06-15,IOW,20.324074074074073,13.88888888888889,26.11111111111111,8.819444444444445,48.47083333333333,4.48654526923077,0.0,41.6394,-91.5445,204.0,public observation
2020-06-16,IOW,21.62037037037037,14.444444444444445,27.22222222222222,10.856481481481481,51.387499999999996,3.1724046666666665,0.0,41.6394,-91.5445,204.0,public observation
2020-06-17,IOW,22.40740740740741,15.0,28.333333333333332,14.305555555555557,62.624583333333334,2.8291422074592076,0.0,41.6394,-91.5445,204.0,public observation
2020-06-18,IOW,23.310185185185187,15.555555555555555,30.0,15.138888888888891,61.57666666666666,2.674449256410256,0.0,41.6394,-91.5445,204.0,public observation
2020-06-19,IOW,22.685185185185187,21.11111111111111,27.22222222222222,18.49537037037037,78.01708333333333,1.8533174871794873,3.048,41.6394,-91.5445,204.0,public observation
2020-06-20,IOW,22.69753086419753,19.444444444444443,27.77777777777778,19.603395061728396,84.15188888888889,3.006817195902464,0.762,41.6394,-91.5445,204.0,public observation
2020-06-21,IOW,24.03240740740741,17.88888888888889,30.0,19.37962962962963,77.57145833333333,1.9362119091880343,2.5399999999999996,41.6394,-91.5445,204.0,public observation
2020-06-22,IOW,21.04243827160494,18.055555555555557,26.666666666666668,18.733024691358025,86.85996527777779,3.720196839423077,17.779999999999998,41.6394,-91.5445,204.0,public observation
2020-06-23,IOW,17.055555555555557,14.444444444444445,20.555555555555557,14.0,82.398,3.513482923076923,0.0,41.6394,-91.5445,204.0,public observation
2020-06-24,IOW,24.02777777777778,23.333333333333332,25.0,13.194444444444445,50.94,3.835465822222222,0.0,41.6394,-91.5445,204.0,public observation
2020-06-25,IOW,21.38888888888889,15.555555555555555,29.444444444444443,14.444444444444446,68.454,1.6265993782051282,0.0,41.6394,-91.5445,204.0,public observation
2020-06-26,IOW,24.290123456790123,21.11111111111111,28.61111111111111,19.560185185185187,75.50659722222223,2.64290893974359,4.572,41.6394,-91.5445,204.0,public observation
2020-06-27,IOW,24.504243827160494,20.555555555555557,29.444444444444443,20.64621913580247,79.535,2.194435002136752,0.508,41.6394,-91.5445,204.0,public observation
2020-06-28,IOW,24.13888888888889,19.333333333333332,29.444444444444443,21.212962962962965,84.82966666666667,2.310031793803419,0.0,41.6394,-91.5445,204.0,public observation
2020-06-29,IOW,26.738425925925924,22.77777777777778,31.666666666666668,22.631944444444443,79.32104166666666,3.9253050811965813,0.0,41.6394,-91.5445,204.0,public observation
2020-06-30,IOW,24.876543209876544,22.22222222222222,29.444444444444443,21.72067901234568,83.06819444444444,3.8519622636752135,0.0,41.6394,-91.5445,204.0,public observation
2020-07-01,IOW,22.97067901234568,20.555555555555557,27.77777777777778,20.408950617283953,85.90993055555555,2.3409243444444443,9.398,41.6394,-91.5445,204.0,public observation
2020-07-02,IOW,26.18287037037037,22.22222222222222,31.11111111111111,20.90972222222222,74.97812499999999,2.3008863368298367,0.0,41.6394,-91.5445,204.0,public observation
2020-07-03,IOW,26.50462962962963,21.11111111111111,31.11111111111111,18.75,64.07958333333333,2.0378522873931626,0.0,41.6394,-91.5445,204.0,public observation
2020-07-04,IOW,26.203703703703706,19.444444444444443,31.666666666666668,19.14351851851852,67.75666666666667,1.078471187975913,0.0,41.6394,-91.5445,204.0,public observation
2020-07-05,IOW,26.550925925925927,20.555555555555557,31.666666666666668,20.09259259259259,69.92458333333333,0.9674680032051283,0.0,41.6394,-91.5445,204.0,public observation
2020-07-06,IOW,27.384259259259263,21.11111111111111,32.77777777777778,20.76388888888889,69.70625,1.104433222008547,0.0,41.6394,-91.5445,204.0,public observation
2020-07-07,IOW,27.89351851851852,21.666666666666668,32.77777777777778,21.64351851851852,70.8225,1.9163039,0.0,41.6394,-91.5445,204.0,public observation
2020-07-08,IOW,27.777777777777775,21.666666666666668,33.333333333333336,21.712962962962962,71.16708333333334,2.594117346833722,0.0,41.6394,-91.5445,204.0,public observation
2020-07-09,IOW,26.844135802469136,22.77777777777778,32.22222222222222,22.974537037037038,80.76333333333334,3.5297114249465813,18.542,41.6394,-91.5445,204.0,public observation
2020-07-10,IOW,24.29398148148148,18.333333333333332,30.555555555555557,18.522376543209877,73.44125000000001,4.397619663714064,0.254,41.6394,-91.5445,204.0,public observation
2020-07-11,IOW,25.565972222222225,21.11111111111111,31.666666666666668,20.61574074074074,75.74697916666666,1.597831785644911,7.619999999999999,41.6394,-91.5445,204.0,public observation
2020-07-12,IOW,23.090277777777775,18.333333333333332,29.444444444444443,17.47685185185185,73.52062500000001,3.0773548170405984,2.2859999999999996,41.6394,-91.5445,204.0,public observation
2020-07-13,IOW,23.75,18.333333333333332,28.88888888888889,18.10185185185185,72.81541666666666,2.2045244487179487,0.0,41.6394,-91.5445,204.0,public observation
2020-07-14,IOW,24.166666666666668,18.333333333333332,30.0,19.166666666666668,74.59791666666666,4.023215897435898,0.0,41.6394,-91.5445,204.0,public observation
2020-07-15,IOW,23.81057098765432,21.11111111111111,26.666666666666668,21.27391975308642,86.40954861111112,2.1632450680021367,8.128,41.6394,-91.5445,204.0,public observation
2020-07-16,IOW,23.3858024691358,20.555555555555557,27.77777777777778,18.58179012345679,75.86763888888889,1.5335016598290598,0.0,41.6394,-91.5445,204.0,public observation
2020-07-17,IOW,24.641203703703706,18.88888888888889,31.11111111111111,21.03009259259259,81.55708333333332,2.454004663247863,0.0,41.6394,-91.5445,204.0,public observation
2020-07-18,IOW,27.73148148148148,23.333333333333332,32.77777777777778,24.259259259259256,82.3225,4.425537487179487,0.0,41.6394,-91.5445,204.0,public observation
2020-07-19,IOW,27.604166666666668,25.0,30.555555555555557,20.613425925925927,67.09333333333333,4.253938378205128,0.0,41.6394,-91.5445,204.0,public observation
2020-07-20,IOW,22.453703703703706,18.333333333333332,26.11111111111111,18.541666666666668,79.19083333333333,0.7271468076923077,0.762,41.6394,-91.5445,204.0,public observation
2020-07-21,IOW,22.555555555555557,20.0,25.555555555555557,19.84027777777778,84.76229166666667,1.8554963365384616,2.54,41.6394,-91.5445,204.0,public observation
2020-07-22,IOW,23.537808641975307,19.444444444444443,27.77777777777778,19.089506172839506,78.75243055555556,2.4420308064102563,0.0,41.6394,-91.5445,204.0,public observation
2020-07-23,IOW,22.615740740740744,16.666666666666668,27.77777777777778,16.574074074074073,70.31291666666667,1.9280382797008546,0.0,41.6394,-91.5445,204.0,public observation
2020-07-24,IOW,24.259259259259256,17.77777777777778,30.555555555555557,19.39814814814815,75.255,2.62003691025641,0.0,41.6394,-91.5445,204.0,public observation
2020-07-25,IOW,27.083333333333332,21.666666666666668,33.333333333333336,22.87037037037037,79.38291666666667,3.1097480256410255,0.0,41.6394,-91.5445,204.0,public observation
2020-07-26,IOW,28.295370370370367,23.333333333333332,33.888888888888886,23.66141975308642,77.31349999999999,3.800066390384616,6.604,41.6394,-91.5445,204.0,public observation
2020-07-27,IOW,25.412808641975307,23.333333333333332,29.444444444444443,20.096450617283953,76.31041666666667,3.0762856566993464,15.748,41.6394,-91.5445,204.0,public observation
2020-07-28,IOW,23.449074074074073,16.666666666666668,30.0,16.944444444444446,69.53583333333333,2.8080068333333337,0.0,41.6394,-91.5445,204.0,public observation
2020-07-29,IOW,25.625,20.555555555555557,30.555555555555557,20.39351851851852,73.57708333333333,1.8065998162393164,0.0,41.6394,-91.5445,204.0,public observation
2020-07-30,IOW,24.675925925925924,21.666666666666668,27.77777777777778,20.933641975308642,80.59069444444445,3.539860740811966,2.794,41.6394,-91.5445,204.0,public observation
2020-07-31,IOW,23.055555555555557,18.333333333333332,27.22222222222222,16.041666666666668,66.27458333333333,3.601108,0.0,41.6394,-91.5445,204.0,public observation
2020-08-01,IOW,22.47685185185185,17.22222222222222,27.22222222222222,16.50462962962963,70.41958333333334,1.2542320598290597,0.0,41.6394,-91.5445,204.0,public observation
2020-08-02,IOW,22.708333333333332,17.22222222222222,27.22222222222222,16.921296296296294,71.715,2.5359451025641024,0.0,41.6394,-91.5445,204.0,public observation
2020-08-03,IOW,19.53240740740741,15.777777777777779,24.444444444444443,12.824074074074074,67.0575,4.623282788461538,0.0,41.6394,-91.5445,204.0,public observation
2020-08-04,IOW,18.65740740740741,12.777777777777779,24.444444444444443,10.856481481481481,63.36625,1.9524239046231546,0.0,41.6394,-91.5445,204.0,public observation
2020-08-05,IOW,18.26388888888889,11.666666666666666,24.444444444444443,11.944444444444445,69.65916666666666,1.3285681185897436,0.0,41.6394,-91.5445,204.0,public observation
2020-08-06,IOW,20.439814814814813,16.11111111111111,26.666666666666668,14.629629629629628,70.98166666666667,2.4157158023504275,0.508,41.6394,-91.5445,204.0,public observation
2020-08-07,IOW,22.168209876543212,16.11111111111111,28.88888888888889,16.48148148148148,71.93833333333333,3.8770170683760683,0.0,41.6394,-91.5445,204.0,public observation
2020-08-08,IOW,24.953703703703706,19.444444444444443,31.666666666666668,19.675925925925927,73.75500000000001,3.855032282051282,0.0,41.6394,-91.5445,204.0,public observation
2020-08-09,IOW,25.520833333333332,21.11111111111111,31.11111111111111,21.85185185185185,81.47791666666667,3.0503891025641026,0.0,41.6394,-91.5445,204.0,public observation
2020-08-10,IOW,25.524691358024693,22.77777777777778,30.555555555555557,22.34567901234568,83.44055555555556,3.379428071225071,0.0,41.6394,-91.5445,204.0,public observation
2020-08-11,IOW,20.833333333333336,14.444444444444445,27.77777777777778,14.61111111111111,71.273,1.5368968927141238,0.0,41.6394,-91.5445,204.0,public observation
2020-08-12,IOW,28.333333333333332,27.22222222222222,28.88888888888889,20.27777777777778,61.919999999999995,4.487294750582751,0.0,41.6394,-91.5445,204.0,public observation
2020-08-13,IOW,24.560185185185187,20.0,30.0,18.796296296296294,70.76916666666666,2.445257858974359,0.0,41.6394,-91.5445,204.0,public observation
2020-08-14,IOW,24.78009259259259,20.0,30.0,19.131944444444446,72.70916666666666,2.149535715714841,0.0,41.6394,-91.5445,204.0,public observation
2020-08-15,IOW,24.050925925925924,20.0,28.88888888888889,16.516203703703702,67.60791666666667,3.3473014935897436,0.0,41.6394,-91.5445,204.0,public observation
2020-08-16,IOW,22.10648148148148,13.333333333333334,31.11111111111111,14.537037037037038,65.93041666666666,2.709075294871795,0.0,41.6394,-91.5445,204.0,public observation
2020-08-17,IOW,23.49537037037037,17.22222222222222,29.444444444444443,16.96759259259259,68.64333333333333,2.5116244326923076,0.0,41.6394,-91.5445,204.0,public observation
2020-08-18,IOW,22.037037037037038,16.11111111111111,27.22222222222222,12.453703703703702,55.98208333333333,3.791688616452992,0.0,41.6394,-91.5445,204.0,public observation
2020-08-19,IOW,20.23148148148148,12.222222222222221,27.22222222222222,12.5,64.85333333333334,1.553919673232323,0.0,41.6394,-91.5445,204.0,public observation
2020-08-20,IOW,20.87962962962963,13.333333333333334,28.88888888888889,13.310185185185185,66.20125,2.0000659358974358,0.0,41.6394,-91.5445,204.0,public observation
2020-08-21,IOW,21.25,13.333333333333334,30.0,14.652777777777779,70.02958333333333,1.6133335582750583,0.0,41.6394,-91.5445,204.0,public observation
2020-08-22,IOW,22.037037037037038,15.555555555555555,29.444444444444443,17.40740740740741,76.49708333333334,2.0253484401709403,0.0,41.6394,-91.5445,204.0,public observation
2020-08-23,IOW,25.684413580246915,20.27777777777778,33.888888888888886,19.462191358024693,71.05541666666666,1.9418262383061382,0.0,41.6394,-91.5445,204.0,public observation
2020-08-24,IOW,27.175925925925924,20.0,35.55555555555556,20.625,70.57416666666667,1.2363444382284383,0.0,41.6394,-91.5445,204.0,public observation
2020-08-25,IOW,27.314814814814813,20.0,34.44444444444444,20.208333333333332,68.08333333333333,1.6801872948717949,0.0,41.6394,-91.5445,204.0,public observation
2020-08-26,IOW,27.59259259259259,21.11111111111111,35.0,19.65277777777778,65.82541666666667,2.5557314102564104,0.0,41.6394,-91.5445,204.0,public observation
2020-08-27,IOW,27.453703703703706,21.666666666666668,33.888888888888886,20.694444444444446,68.75875,2.5404794647435898,0.0,41.6394,-91.5445,204.0,public observation
2020-08-28,IOW,27.01388888888889,20.555555555555557,33.888888888888886,20.439814814814813,69.76041666666667,2.4489677916666666,0.0,41.6394,-91.5445,204.0,public observation
2020-08-29,IOW,23.680555555555557,18.333333333333332,28.333333333333332,15.185185185185185,62.42250000000001,4.310941788461538,0.0,41.6394,-91.5445,204.0,public observation
2020-08-30,IOW,20.0,13.333333333333334,27.22222222222222,11.944444444444445,62.70666666666667,2.5649100585470084,0.0,41.6394,-91.5445,204.0,public observation
2020-08-31,IOW,20.187114197530864,15.555555555555555,26.666666666666668,15.320216049382715,75.09006944444444,2.760394067521368,0.0,41.6394,-91.5445,204.0,public observation
2020-09-01,IOW,19.232253086419753,15.555555555555555,22.77777777777778,12.685185185185185,66.28381944444445,2.9018190572649574,0.0,41.6394,-91.5445,204.0,public observation
2020-09-02,IOW,23.056944444444444,15.555555555555555,31.11111111111111,15.72091049382716,72.11525,2.999029108440171,0.0,41.6394,-91.5445,204.0,public observation
2020-09-03,IOW,21.458333333333332,16.11111111111111,26.666666666666668,12.5,61.69416666666667,4.0116738846153845,0.0,41.6394,-91.5445,204.0,public observation
2020-09-04,IOW,18.51851851851852,9.444444444444445,27.77777777777778,7.731481481481481,54.49583333333334,2.374356923076923,0.0,41.6394,-91.5445,204.0,public observation
2020-09-05,IOW,21.34259259259259,13.88888888888889,29.444444444444443,11.018518518518519,55.900416666666665,1.5984188793706293,0.0,41.6394,-91.5445,204.0,public observation
2020-09-06,IOW,23.088734567901238,17.77777777777778,32.77777777777778,17.29835390946502,71.60824074074074,5.452318611823362,23.622,41.6394,-91.5445,204.0,public observation
2020-09-07,IOW,22.5,17.77777777777778,28.88888888888889,12.430555555555555,53.602916666666665,4.427186346153847,0.0,41.6394,-91.5445,204.0,public observation
2020-09-08,IOW,12.450462962962964,10.555555555555555,18.88888888888889,10.558256172839506,89.2227986111111,6.426702662393162,41.402,41.6394,-91.5445,204.0,public observation
2020-09-09,IOW,10.488007054673721,9.222222222222221,12.06666666666667,9.98128306878307,96.73788591269842,4.955786747272499,8.128,41.6394,-91.5445,204.0,public observation
2020-09-10,IOW,10.916280864197532,10.0,13.333333333333334,10.1195987654321,94.74555555555555,4.522836851549145,21.59,41.6394,-91.5445,204.0,public observation
2020-09-11,IOW,13.61033950617284,12.222222222222221,16.11111111111111,13.326774691358025,98.20663194444444,3.1692394463141027,30.988,41.6394,-91.5445,204.0,public observation
2020-09-12,IOW,18.131172839506174,16.666666666666668,19.444444444444443,16.83101851851852,92.69784722222222,2.898953183333333,17.525999999999996,41.6394,-91.5445,204.0,public observation
2020-09-13,IOW,17.295524691358025,10.370370370370365,23.88888888888889,13.661265432098766,81.82083333333334,1.7607722436285937,0.254,41.6394,-91.5445,204.0,public observation
2020-09-14,IOW,17.780864197530864,10.814814814814817,25.0,14.339506172839506,82.47208333333333,1.0988271014957265,0.0,41.6394,-91.5445,204.0,public observation
2020-09-15,IOW,18.794720017636685,10.793650793650794,27.77777777777778,13.81108906525573,77.42586904761905,1.9154637670940173,0.0,41.6394,-91.5445,204.0,public observation
2020-09-16,IOW,19.956790123456788,12.222222222222221,28.333333333333332,15.270254629629628,77.17663194444445,2.6290114141025644,0.0,41.6394,-91.5445,204.0,public observation
2020-09-17,IOW,17.314814814814813,12.222222222222221,21.666666666666668,10.694444444444445,66.52833333333332,4.162407075854701,0.0,41.6394,-91.5445,204.0,public observation
2020-09-18,IOW,14.328703703703704,8.88888888888889,18.88888888888889,7.1990740740740735,62.92291666666667,3.4070137435897436,0.0,41.6394,-91.5445,204.0,public observation
2020-09-19,IOW,13.263888888888888,7.222222222222222,19.444444444444443,6.226851851851852,65.15166666666666,2.437425778846154,0.0,41.6394,-91.5445,204.0,public observation
2020-09-20,IOW,14.120370370370372,7.777777777777778,21.666666666666668,6.689814814814814,64.50583333333334,2.5903574487179486,0.0,41.6394,-91.5445,204.0,public observation
2020-09-21,IOW,15.277777777777779,7.222222222222222,24.444444444444443,8.425925925925926,66.34958333333333,2.1418678076923077,0.0,41.6394,-91.5445,204.0,public observation
2020-09-22,IOW,17.26851851851852,10.555555555555555,26.11111111111111,11.921296296296296,74.22916666666667,1.4988128076923077,0.0,41.6394,-91.5445,204.0,public observation
2020-09-23,IOW,17.349537037037038,10.0,25.555555555555557,13.232253086419753,79.42084722222222,1.3599356976495727,0.0,41.6394,-91.5445,204.0,public observation
2020-09-24,IOW,17.858796296296294,11.527777777777779,25.0,13.856481481481481,80.06666666666666,2.200299247596154,0.0,41.6394,-91.5445,204.0,public observation
2020-09-25,IOW,20.416666666666668,14.444444444444445,27.77777777777778,14.861111111111112,72.63041666666668,3.8058413226495724,0.0,41.6394,-91.5445,204.0,public observation
2020-09-26,IOW,20.87962962962963,16.11111111111111,27.22222222222222,16.435185185185187,77.22666666666667,3.884711743589744,0.0,41.6394,-91.5445,204.0,public observation
2020-09-27,IOW,18.038194444444446,12.222222222222221,25.555555555555557,14.056712962962962,78.6796875,3.150086182692308,11.176,41.6394,-91.5445,204.0,public observation
2020-09-28,IOW,12.310185185185185,8.88888888888889,16.11111111111111,9.031635802469136,82.23097222222222,4.120914717521368,0.508,41.6394,-91.5445,204.0,public observation
2020-09-29,IOW,11.336805555555555,5.555555555555555,16.666666666666668,7.450231481481482,79.246875,3.7672010977564105,0.508,41.6394,-91.5445,204.0,public observation
2020-09-30,IOW,14.143518518518519,10.0,19.444444444444443,6.689814814814816,64.08708333333333,5.066943628205128,1.27,41.6394,-91.5445,204.0,public observation
2020-10-01,IOW,10.949074074074074,7.777777777777778,15.0,4.282407407407407,63.80041666666667,4.456865807692307,0.0,41.6394,-91.5445,204.0,public observation
2020-10-02,IOW,8.796296296296296,3.3333333333333335,13.333333333333334,3.2407407407407405,70.45041666666667,1.6485841645299146,0.0,41.6394,-91.5445,204.0,public observation
2020-10-03,IOW,8.518518518518519,6.666666666666667,10.555555555555555,5.601851851851852,82.11333333333333,0.602583006993007,1.016,41.6394,-91.5445,204.0,public observation
2020-10-04,IOW,8.564814814814815,3.3333333333333335,13.333333333333334,3.215277777777778,72.86708333333333,2.340442891899767,0.0,41.6394,-91.5445,204.0,public observation
2020-10-05,IOW,8.703703703703704,1.6666666666666667,18.88888888888889,2.615740740740741,69.71249999999999,3.5379017393162395,0.0,41.6394,-91.5445,204.0,public observation
2020-10-06,IOW,15.393518518518519,8.333333333333334,25.555555555555557,7.060185185185186,62.32749999999999,2.6084948974358975,0.0,41.6394,-91.5445,204.0,public observation
2020-10-07,IOW,18.86574074074074,11.11111111111111,26.11111111111111,8.287037037037036,53.810833333333335,3.0932594358974357,0.0,41.6394,-91.5445,204.0,public observation
2020-10-08,IOW,15.162037037037038,8.333333333333334,23.333333333333332,6.041666666666667,58.975,1.5765839893162392,0.0,41.6394,-91.5445,204.0,public observation
2020-10-09,IOW,18.26388888888889,10.555555555555555,28.333333333333332,10.208333333333334,60.805416666666666,3.411489217948718,0.0,41.6394,-91.5445,204.0,public observation
2020-10-10,IOW,19.984567901234566,12.777777777777779,25.555555555555557,14.564043209876543,73.4263888888889,2.2782834068376068,0.0,41.6394,-91.5445,204.0,public observation
2020-10-11,IOW,18.14814814814815,12.222222222222221,26.11111111111111,11.203703703703704,64.54875,4.3084685,0.0,41.6394,-91.5445,204.0,public observation
2020-10-12,IOW,17.16820987654321,11.666666666666666,21.666666666666668,9.864197530864198,66.77444444444444,6.036939881837607,0.7619999999999999,41.6394,-91.5445,204.0,public observation
2020-10-13,IOW,12.013888888888888,4.444444444444445,21.11111111111111,2.3125,56.0275,3.142575308857809,0.0,41.6394,-91.5445,204.0,public observation
2020-10-14,IOW,13.217592592592593,5.0,23.88888888888889,4.12037037037037,56.90541666666667,4.363025745881896,0.0,41.6394,-91.5445,204.0,public observation
2020-10-15,IOW,10.13888888888889,4.444444444444445,18.333333333333332,-1.453703703703704,46.57208333333333,7.1343929341880346,0.0,41.6394,-91.5445,204.0,public observation
2020-10-16,IOW,5.3009259259259265,0.5555555555555556,11.666666666666666,-3.4907407407407405,54.969166666666666,3.5308940886752143,0.0,41.6394,-91.5445,204.0,public observation
2020-10-17,IOW,10.069444444444445,2.7777777777777777,17.77777777777778,-0.7569444444444446,48.61333333333334,4.712438948717948,0.0,41.6394,-91.5445,204.0,public observation
2020-10-18,IOW,6.766203703703703,2.5,12.777777777777779,1.6134259259259258,71.180625,3.851106427350427,5.08,41.6394,-91.5445,204.0,public observation
2020-10-19,IOW,1.4820601851851851,-0.6111111111111119,3.888888888888889,-3.84375,69.20402777777778,3.5169651561965813,2.286,41.6394,-91.5445,204.0,public observation
2020-10-20,IOW,2.2289737654320985,-1.1111111111111112,7.222222222222222,0.6905864197530863,89.63210069444445,2.7983060463675216,0.762,41.6394,-91.5445,204.0,public observation
2020-10-21,IOW,7.0,2.1481481481481484,11.11111111111111,4.949074074074074,87.54715277777778,2.289187468269231,1.016,41.6394,-91.5445,204.0,public observation
2020-10-22,IOW,11.463734567901234,7.222222222222222,23.333333333333332,10.22800925925926,92.66395833333333,3.3873969019586894,24.638,41.6394,-91.5445,204.0,public observation
2020-10-23,IOW,6.72145061728395,3.888888888888889,22.22222222222222,4.560570987654321,86.64328472222222,5.716650546374853,30.733999999999998,41.6394,-91.5445,204.0,public observation
2020-10-24,IOW,3.1712962962962963,1.1111111111111112,5.555555555555555,-1.6087962962962967,71.12416666666667,2.9825503333333336,0.0,41.6394,-91.5445,204.0,public observation
2020-10-25,IOW,2.372685185185185,1.1111111111111112,3.888888888888889,-2.4039351851851856,70.94041666666666,4.060433000000001,0.0,41.6394,-91.5445,204.0,public observation
2020-10-26,IOW,-0.07349537037037072,-2.2222222222222223,2.7777777777777777,-3.9325810185185186,75.7846701388889,4.459325355662393,0.254,41.6394,-91.5445,204.0,public observation
2020-10-27,IOW,0.08333333333333322,-1.722222222222223,1.6666666666666667,-6.416666666666667,61.9,2.4567998717948716,0.0,41.6394,-91.5445,204.0,public observation
2020-10-28,IOW,1.6018518518518519,-3.888888888888889,10.555555555555555,-4.895833333333333,64.14999999999999,2.1022951923076927,0.0,41.6394,-91.5445,204.0,public observation
2020-10-29,IOW,5.717592592592593,3.888888888888889,7.222222222222222,-0.5104166666666669,64.674375,4.401950238344988,0.0,41.6394,-91.5445,204.0,public observation
2020-10-30,IOW,4.12037037037037,1.1111111111111112,8.88888888888889,-1.7384259259259263,67.16791666666667,2.291301897921523,0.0,41.6394,-91.5445,204.0,public observation
2020-10-31,IOW,7.152777777777778,0.0,18.88888888888889,0.6967592592592594,66.12291666666667,4.691003782051282,0.0,41.6394,-91.5445,204.0,public observation
2020-11-01,IOW,5.092592592592593,0.0,13.88888888888889,-4.888888888888888,49.86208333333334,8.488326,0.0,41.6394,-91.5445,204.0,public observation
2020-11-02,IOW,1.775462962962963,-6.722222222222223,15.0,-6.344907407407407,58.57750000000001,2.7673349786324786,0.0,41.6394,-91.5445,204.0,public observation
2020-11-03,IOW,9.04861111111111,-1.1111111111111112,22.22222222222222,1.631944444444444,63.76416666666666,1.856615205128205,0.0,41.6394,-91.5445,204.0,public observation
2020-11-04,IOW,12.38425925925926,3.3333333333333335,21.666666666666668,5.393518518518519,65.26583333333333,2.6183880512820514,0.0,41.6394,-91.5445,204.0,public observation
2020-11-05,IOW,11.805555555555555,3.888888888888889,21.11111111111111,6.712962962962963,73.3325,1.0668117564102564,0.0,41.6394,-91.5445,204.0,public observation
2020-11-06,IOW,11.097116785522582,3.4126984126984143,23.333333333333332,7.288244766505636,80.53841131815045,1.7716204508547009,0.0,41.6394,-91.5445,204.0,public observation
2020-11-07,IOW,14.9375,8.333333333333334,21.666666666666668,9.29513888888889,71.99489583333333,4.1798575,0.0,41.6394,-91.5445,204.0,public observation
2020-11-08,IOW,15.902777777777779,10.555555555555555,23.333333333333332,11.458333333333334,75.77208333333333,4.629996,0.0,41.6394,-91.5445,204.0,public observation
2020-11-09,IOW,19.252314814814813,16.11111111111111,23.88888888888889,15.166666666666666,78.15479166666667,5.803571375,0.0,41.6394,-91.5445,204.0,public observation
2020-11-10,IOW,12.260196208112875,5.0,20.0,10.17824074074074,87.71444940476191,5.216145736111112,19.558,41.6394,-91.5445,204.0,public observation
2020-11-11,IOW,2.199074074074074,-3.277777777777777,8.88888888888889,-1.810185185185185,75.85791666666667,4.747889416666667,0.0,41.6394,-91.5445,204.0,public observation
2020-11-12,IOW,4.326388888888888,-1.1111111111111112,11.666666666666666,0.4236111111111109,78.11541666666666,1.6921415224358975,0.0,41.6394,-91.5445,204.0,public observation
2020-11-13,IOW,-0.6759259259259259,-6.111111111111111,8.88888888888889,-6.268518518518519,67.26583333333333,4.264086712606837,0.0,41.6394,-91.5445,204.0,public observation
2020-11-14,IOW,1.4699074074074074,-3.277777777777777,10.0,-2.6243386243386246,78.54190476190476,4.401605476923077,0.0,41.6394,-91.5445,204.0,public observation
2020-11-15,IOW,6.049382716049383,3.3333333333333335,10.555555555555555,2.5714285714285716,77.83190476190477,8.66695238888889,1.27,41.6394,-91.5445,204.0,public observation
2020-11-16,IOW,3.002314814814815,-2.7777777777777777,12.222222222222221,-2.611111111111111,69.54208333333334,3.9226355,0.0,41.6394,-91.5445,204.0,public observation
2020-11-17,IOW,1.1342592592592593,-4.388888888888888,7.222222222222222,-3.486111111111111,72.66708333333334,3.6868486666666667,0.0,41.6394,-91.5445,204.0,public observation
2020-11-18,IOW,3.780092592592592,-2.2222222222222223,13.333333333333334,-3.5972222222222228,60.89166666666667,4.7586070000000005,0.0,41.6394,-91.5445,204.0,public observation
2020-11-19,IOW,12.175925925925926,6.111111111111111,21.11111111111111,2.863425925925926,53.747083333333336,5.649215690559441,0.0,41.6394,-91.5445,204.0,public observation
2020-11-20,IOW,8.842592592592593,5.555555555555555,11.666666666666666,4.143518518518518,73.73125,3.002755398860399,0.0,41.6394,-91.5445,204.0,public observation
2020-11-21,IOW,4.537037037037037,0.5555555555555556,7.777777777777778,-0.41203703703703726,70.65791666666667,2.801823612179487,0.0,41.6394,-91.5445,204.0,public observation
2020-11-22,IOW,3.8171296296296298,-2.2222222222222223,10.0,-1.25462962962963,70.60270833333333,2.5293496666666666,0.0,41.6394,-91.5445,204.0,public observation
2020-11-23,IOW,0.4675925925925926,-4.388888888888888,3.3333333333333335,-3.074074074074074,77.49666666666667,2.1534098205128207,0.0,41.6394,-91.5445,204.0,public observation
2020-11-24,IOW,2.934027777777778,0.0,5.777777777777777,0.17806267806267798,89.97365384615385,3.9922730244755247,18.796,41.6394,-91.5445,204.0,public observation
2020-11-25,IOW,5.967978395061728,4.444444444444445,6.749999999999999,5.687389770723104,98.29920634920634,3.0378852553418803,24.384,41.6394,-91.5445,204.0,public observation
2020-11-26,IOW,4.990354938271605,2.7777777777777777,8.88888888888889,2.8213734567901234,86.7934375,3.444905111698718,0.0,41.6394,-91.5445,204.0,public observation
2020-11-27,IOW,2.303240740740741,0.0,6.666666666666667,-0.9679783950617286,81.23604166666667,3.4329243846153847,0.0,41.6394,-91.5445,204.0,public observation
2020-11-28,IOW,2.157407407407408,-5.0,12.777777777777779,-2.7453703703703702,72.49833333333333,2.057776,0.0,41.6394,-91.5445,204.0,public observation
2020-11-29,IOW,2.7546296296296298,-2.7777777777777777,7.777777777777778,-1.7812500000000002,72.96479166666667,4.040528916666667,0.0,41.6394,-91.5445,204.0,public observation
2020-11-30,IOW,-1.9016203703703705,-6.111111111111111,1.6666666666666667,-8.0,63.506875,6.280503833333333,0.0,41.6394,-91.5445,204.0,public observation
2020-12-01,IOW,-4.106481481481482,-8.88888888888889,2.7777777777777777,-8.967592592592593,71.0825,1.1113309487179486,0.0,41.6394,-91.5445,204.0,public observation
2020-12-02,IOW,-3.175925925925926,-9.38888888888889,7.222222222222222,-8.699074074074074,69.45416666666667,0.44052015598290595,0.0,41.6394,-91.5445,204.0,public observation
2020-12-03,IOW,-1.806712962962963,-6.722222222222223,5.0,-5.679012345679013,75.625625,2.2249284242165244,0.0,41.6394,-91.5445,204.0,public observation
2020-12-04,IOW,0.8935185185185185,-5.0,8.333333333333334,-3.722222222222222,73.14125,2.5474871153846155,0.0,41.6394,-91.5445,204.0,public observation
2020-12-05,IOW,0.3703703703703704,-5.611111111111112,7.777777777777778,-3.530092592592593,76.40666666666667,0.42870333333333327,0.0,41.6394,-91.5445,204.0,public observation
2020-12-06,IOW,0.930941358024691,-2.2222222222222223,5.0,-1.8491512345679013,82.04208333333334,1.2682473611111111,0.0,41.6394,-91.5445,204.0,public observation
2020-12-07,IOW,0.15586419753086422,-2.2222222222222223,1.1111111111111112,-2.287037037037037,83.55305555555556,2.4364639444444443,0.0,41.6394,-91.5445,204.0,public observation
2020-12-08,IOW,-0.1527777777777781,-0.6111111111111138,0.0,-1.7546296296296302,88.995,2.2453337083333333,0.0,41.6394,-91.5445,204.0,public observation
2020-12-09,IOW,4.927083333333333,-2.7777777777777777,12.777777777777779,-1.0451388888888888,68.960625,1.257254967948718,0.0,41.6394,-91.5445,204.0,public observation
2020-12-10,IOW,2.840277777777778,-3.888888888888889,15.555555555555555,-1.2662037037037035,77.61541666666666,0.7502308333333333,0.0,41.6394,-91.5445,204.0,public observation
2020-12-11,IOW,4.4907407407407405,2.2222222222222223,6.666666666666667,1.3016975308641976,80.49763888888889,4.477138921367522,14.478,41.6394,-91.5445,204.0,public observation
2020-12-12,IOW,0.5489969135802469,-0.30555555555555597,1.6666666666666667,-0.7961033950617286,90.7639375,6.3399871713643785,13.716,41.6394,-91.5445,204.0,public observation
2020-12-13,IOW,-4.349537037037037,-7.777777777777778,-0.6111111111111119,-6.083333333333333,87.88583333333334,2.3793035000000002,0.254,41.6394,-91.5445,204.0,public observation
2020-12-14,IOW,-6.1157407407407405,-8.88888888888889,-3.277777777777777,-9.064814814814815,79.81208333333333,3.879765166666667,0.0,41.6394,-91.5445,204.0,public observation
2020-12-15,IOW,-5.74537037037037,-7.222222222222222,-3.277777777777777,-10.715277777777779,68.37708333333333,3.0220711988150737,0.0,41.6394,-91.5445,204.0,public observation
2020-12-16,IOW,-4.90625,-7.222222222222222,-1.9722222222222225,-8.751157407407407,74.68166666666666,3.0535494155982907,0.0,41.6394,-91.5445,204.0,public observation
2020-12-17,IOW,-7.070987654320988,-10.61111111111111,-1.722222222222223,-8.748842592592593,87.9982638888889,1.0940728914529914,0.0,41.6394,-91.5445,204.0,public observation
2020-12-18,IOW,-0.570601851851852,-3.277777777777777,2.7777777777777777,-3.1643518518518516,82.6725,3.8791858056850557,0.0,41.6394,-91.5445,204.0,public observation
2020-12-19,IOW,1.173611111111111,-1.722222222222223,3.3333333333333335,-1.3125000000000002,83.66145833333333,4.351338833333333,0.0,41.6394,-91.5445,204.0,public observation
2020-12-20,IOW,-1.8877314814814818,-5.805555555555555,2.2222222222222223,-4.187114197530864,84.66902777777777,2.557929888888889,0.0,41.6394,-91.5445,204.0,public observation
2020-12-21,IOW,2.7962962962962963,-0.6111111111111119,6.666666666666667,-1.877314814814815,72.53875000000001,4.629996,0.0,41.6394,-91.5445,204.0,public observation
2020-12-22,IOW,0.22222222222222218,-5.611111111111112,7.222222222222222,-3.988425925925926,74.48,4.201292666666666,0.0,41.6394,-91.5445,204.0,public observation
2020-12-23,IOW,6.378086419753086,-3.444444444444444,12.777777777777779,-0.6014660493827161,61.322361111111114,8.559776555555556,0.0,41.6394,-91.5445,204.0,public observation
2020-12-24,IOW,-11.480131172839506,-14.11111111111111,-5.611111111111112,-16.72608024691358,65.38694444444444,8.741975472222222,0.0,41.6394,-91.5445,204.0,public observation
2020-12-25,IOW,-12.145833333333334,-16.11111111111111,-4.388888888888888,-18.140046296296294,62.359583333333326,4.908653166666666,0.0,41.6394,-91.5445,204.0,public observation
2020-12-26,IOW,-7.25,-7.777777777777778,-6.722222222222223,-13.875,59.332499999999996,1.3504154999999998,0.0,41.6394,-91.5445,204.0,public observation
2020-12-27,IOW,,,,,,3.0079833287037037,0.254,41.6394,-91.5445,204.0,public observation
2020-12-28,IOW,-3.972222222222222,-6.111111111111111,-2.7777777777777777,-9.13888888888889,67.48666666666666,4.674008757051282,0.0,41.6394,-91.5445,204.0,public observation
2020-12-29,IOW,-6.780864197530864,-11.11111111111111,-2.8777777777777778,-9.109413580246914,83.64011111111111,2.7450128767135915,7.874,41.6394,-91.5445,204.0,public observation
2020-12-30,IOW,-1.731172839506173,-3.888888888888889,0.5555555555555556,-4.31400462962963,82.77786111111111,6.294560356089744,5.08,41.6394,-91.5445,204.0,public observation
2020-12-31,IOW,-3.9432870370370368,-5.0,-2.7777777777777777,-7.84837962962963,74.31840277777778,2.6142030901709403,0.0,41.6394,-91.5445,204.0,public observation
2021-01-01,IOW,-4.729552469135803,-6.861111111111112,-2.2222222222222223,-6.676311728395063,86.34607638888889,4.625956295512821,8.382,41.6394,-91.5445,204.0,public observation
2021-01-02,IOW,-7.148533950617284,-11.722222222222221,-2.2222222222222223,-9.095100308641976,86.14569444444446,2.6193390895833333,0.0,41.6394,-91.5445,204.0,public observation
2021-01-03,IOW,-6.019791666666667,-7.777777777777778,-5.0,-7.233509700176366,91.13427281746033,1.554476820852187,0.0,41.6394,-91.5445,204.0,public observation
2021-01-04,IOW,-2.5734953703703702,-4.694444444444445,0.0,-3.5206404320987654,93.22833333333334,3.474218487286325,0.0,41.6394,-91.5445,204.0,public observation
2021-01-05,IOW,-5.06778549382716,-10.0,-0.6111111111111119,-6.733989197530864,88.2960625,1.3221956481460533,0.0,41.6394,-91.5445,204.0,public observation
2021-01-06,IOW,-3.5326774691358023,-6.111111111111111,-1.1111111111111112,-4.930555555555555,90.07746527777778,2.150606356124309,0.0,41.6394,-91.5445,204.0,public observation
2021-01-07,IOW,-1.0300925925925928,-2.7777777777777777,1.1111111111111112,-2.9764660493827155,86.90541666666667,3.568806067521368,0.0,41.6394,-91.5445,204.0,public observation
2021-01-08,IOW,-0.8148148148148152,-1.722222222222223,0.5555555555555556,-4.328703703703703,77.265,3.4675504230769234,0.0,41.6394,-91.5445,204.0,public observation
2021-01-09,IOW,-2.969907407407407,-3.888888888888889,-1.722222222222223,-7.208333333333333,72.60333333333334,2.1310128194444444,0.0,41.6394,-91.5445,204.0,public observation
2021-01-10,IOW,-4.364583333333333,-6.111111111111111,-2.5,-7.340277777777778,79.870625,3.105037,0.0,41.6394,-91.5445,204.0,public observation
2021-01-11,IOW,-0.809027777777778,-2.2222222222222223,2.7777777777777777,-4.676697530864198,75.11840277777777,4.039335456837607,0.0,41.6394,-91.5445,204.0,public observation
2021-01-12,IOW,-1.7893518518518519,-7.111111111111111,2.7777777777777777,-4.522762345679012,82.18243055555556,1.9029010320512822,0.0,41.6394,-91.5445,204.0,public observation
2021-01-13,IOW,-1.8699845679012348,-6.722222222222223,3.888888888888889,-4.312692901234568,84.13760416666666,0.7883377962962963,0.0,41.6394,-91.5445,204.0,public observation
2021-01-14,IOW,-0.5376800411522636,-4.175925925925927,3.0555555555555554,-2.2355072463768115,88.96726086956522,1.9074410100924402,1.524,41.6394,-91.5445,204.0,public observation
2021-01-15,IOW,0.5455246913580244,-0.6111111111111138,1.7499999999999991,-1.0830246913580248,89.67622222222222,4.754079565799397,1.524,41.6394,-91.5445,204.0,public observation
2021-01-16,IOW,-0.013503086419753313,-1.8611111111111118,1.6666666666666667,-2.1068672839506175,85.8132638888889,5.079718359401709,0.0,41.6394,-91.5445,204.0,public observation
2021-01-17,IOW,-3.209463183421516,-4.388888888888888,-1.9722222222222225,-6.062985008818342,80.81083531746032,4.88189267837167,0.0,41.6394,-91.5445,204.0,public observation
2021-01-18,IOW,-2.533564814814815,-5.0,-1.416666666666667,-5.91087962962963,77.7636111111111,2.907487991452992,0.0,41.6394,-91.5445,204.0,public observation
2021-01-19,IOW,-4.351466049382716,-9.38888888888889,1.6666666666666667,-7.1913580246913575,80.7713888888889,3.247576932478633,0.0,41.6394,-91.5445,204.0,public observation
2021-01-20,IOW,-6.859953703703703,-15.555555555555555,5.0,-11.283564814814815,71.73479166666667,4.551478905982907,0.0,41.6394,-91.5445,204.0,public observation
2021-01-21,IOW,0.8726851851851851,-2.7777777777777777,3.888888888888889,-4.9375,65.46791666666667,4.9943938333333335,0.0,41.6394,-91.5445,204.0,public observation
2021-01-22,IOW,-7.847222222222222,-12.777777777777779,1.6666666666666667,-13.881944444444443,62.08041666666667,5.475448439102564,0.0,41.6394,-91.5445,204.0,public observation
2021-01-23,IOW,-12.342592592592593,-17.22222222222222,-4.388888888888888,-16.59490740740741,71.65583333333333,1.6191795128205129,0.0,41.6394,-91.5445,204.0,public observation
2021-01-24,IOW,-1.5677083333333333,-3.888888888888889,1.1111111111111112,-4.944857804232804,78.10788988095238,2.5599755569695826,1.778,41.6394,-91.5445,204.0,public observation
2021-01-25,IOW,-2.9915123456790123,-4.388888888888888,-1.722222222222223,-6.119598765432099,79.05666666666666,5.212019662820513,0.762,41.6394,-91.5445,204.0,public observation
2021-01-26,IOW,-4.181481481481481,-5.611111111111112,-2.7777777777777777,-7.266223832528182,79.33364492753623,6.855786162490573,1.524,41.6394,-91.5445,204.0,public observation
2021-01-27,IOW,-7.354166666666667,-10.0,-3.277777777777777,-12.63425925925926,66.8275,3.3191531153846157,0.0,41.6394,-91.5445,204.0,public observation
2021-01-28,IOW,-12.25138888888889,-18.27777777777778,-6.722222222222223,-15.912962962962963,74.83616666666667,1.360405645550528,0.0,41.6394,-91.5445,204.0,public observation
2021-01-29,IOW,-6.3009259259259265,-11.11111111111111,-1.722222222222223,-10.569444444444445,71.90125,3.3092599615384617,0.0,41.6394,-91.5445,204.0,public observation
2021-01-30,IOW,-0.6377314814814817,-2.2222222222222223,0.5555555555555556,-3.9623842592592595,78.37270833333334,5.118544080929487,6.35,41.6394,-91.5445,204.0,public observation
2021-01-31,IOW,0.2013888888888888,-0.6111111111111138,1.1111111111111112,-1.6525462962962967,87.37124999999999,5.3969620591251894,5.8420000000000005,41.6394,-91.5445,204.0,public observation
2021-02-01,IOW,-1.0621141975308646,-2.2222222222222223,0.0,-3.9313271604938262,80.89111111111112,4.721664707264957,0.0,41.6394,-91.5445,204.0,public observation
2021-02-02,IOW,-5.665123456790123,-6.416666666666667,-3.888888888888889,-7.353086419753087,87.9982638888889,2.4494746887883356,0.0,41.6394,-91.5445,204.0,public observation
2021-02-03,IOW,-5.205825617283951,-7.222222222222222,-1.722222222222223,-6.819251543209877,88.51666666666667,3.5905798391559833,0.0,41.6394,-91.5445,204.0,public observation
2021-02-04,IOW,-0.7254629629629631,-5.911111111111111,2.2222222222222223,-2.998958333333333,84.57427083333333,5.2764143028154855,8.382,41.6394,-91.5445,204.0,public observation
2021-02-05,IOW,-10.63425925925926,-13.277777777777779,-6.666666666666667,-14.971064814814815,70.51958333333333,7.1599345448717955,0.0,41.6394,-91.5445,204.0,public observation
2021-02-06,IOW,-15.031856261022929,-19.444444444444443,-12.222222222222221,-18.870282186948852,72.73371031746032,3.8980603970651084,0.0,41.6394,-91.5445,204.0,public observation
2021-02-07,IOW,-20.117283950617285,-23.88888888888889,-15.0,-24.898919753086417,65.72055555555555,3.2041726829059827,0.0,41.6394,-91.5445,204.0,public observation
2021-02-08,IOW,-17.15740740740741,-18.88888888888889,-14.222222222222221,-21.297453703703706,70.31111111111112,2.2436308688568376,1.016,41.6394,-91.5445,204.0,public observation
2021-02-09,IOW,-18.637345679012345,-25.0,-15.0,-22.25077160493827,73.64541666666666,2.1158158358974357,0.0,41.6394,-91.5445,204.0,public observation
2021-02-10,IOW,-13.942129629629628,-17.22222222222222,-11.11111111111111,-20.038194444444446,60.419375,2.919069262820513,0.0,41.6394,-91.5445,204.0,public observation
2021-02-11,IOW,-14.523148148148147,-17.22222222222222,-11.722222222222221,-20.87962962962963,58.585,4.260651589743589,0.0,41.6394,-91.5445,204.0,public observation
2021-02-12,IOW,-17.541666666666668,-20.0,-14.444444444444445,-22.069444444444443,67.91125,5.083432217948718,0.0,41.6394,-91.5445,204.0,public observation
2021-02-13,IOW,-18.894290123456788,-19.72222222222222,-17.22222222222222,-24.038194444444443,63.84104166666666,5.324397580787037,0.0,41.6394,-91.5445,204.0,public observation
2021-02-14,IOW,-20.162037037037038,-21.666666666666668,-18.88888888888889,-26.395833333333332,57.7225,4.747064987179487,0.0,41.6394,-91.5445,204.0,public observation
2021-02-15,IOW,-19.604166666666668,-21.666666666666668,-16.72222222222222,-26.752314814814813,53.282916666666665,5.258211269230769,0.0,41.6394,-91.5445,204.0,public observation
2021-02-16,IOW,-16.98888888888889,-21.666666666666668,-13.277777777777779,-21.722839506172836,66.96945833333334,3.3586141325760432,0.254,41.6394,-91.5445,204.0,public observation
2021-02-17,IOW,-18.733796296296294,-25.0,-10.61111111111111,-22.243055555555557,74.8025,0.8705975384615385,0.0,41.6394,-91.5445,204.0,public observation
2021-02-18,IOW,-10.67824074074074,-13.88888888888889,-6.722222222222223,-15.63425925925926,67.25708333333333,2.23420391025641,0.0,41.6394,-91.5445,204.0,public observation
2021-02-19,IOW,-12.108796296296296,-18.27777777777778,-6.111111111111111,-14.950231481481481,79.83958333333334,1.7084534487179488,0.0,41.6394,-91.5445,204.0,public observation
2021-02-20,IOW,-6.266203703703703,-9.444444444444445,0.0,-10.732638888888888,70.90979166666666,2.474819544871795,0.0,41.6394,-91.5445,204.0,public observation
2021-02-21,IOW,-3.858217592592593,-7.222222222222222,0.8333333333333334,-7.176697530864197,77.96243055555556,3.2314750394230773,4.8260000000000005,41.6394,-91.5445,204.0,public observation
2021-02-22,IOW,0.08391203703703724,-4.092592592592591,5.0,-3.453317901234568,78.17770833333333,5.338508411200142,0.0,41.6394,-91.5445,204.0,public observation
2021-02-23,IOW,4.444444444444445,1.6666666666666667,7.222222222222222,-1.266203703703704,66.6925,3.9993823904428907,0.0,41.6394,-91.5445,204.0,public observation
2021-02-24,IOW,3.2337962962962963,1.6666666666666667,5.0,-0.6963734567901237,75.66243055555556,4.410846938888889,0.0,41.6394,-91.5445,204.0,public observation
2021-02-25,IOW,-1.3773148148148149,-6.111111111111111,3.3333333333333335,-4.201388888888889,81.54625,2.3251659636752136,0.0,41.6394,-91.5445,204.0,public observation
2021-02-26,IOW,-2.030131172839506,-7.675925925925926,4.444444444444445,-5.025385802469136,81.18540277777778,1.6149045299716622,0.0,41.6394,-91.5445,204.0,public observation
2021-02-27,IOW,2.253510802469136,-3.263888888888889,7.222222222222222,-1.2185570987654322,78.72329513888889,1.3763139015962798,0.0,41.6394,-91.5445,204.0,public observation
2021-02-28,IOW,4.02391975308642,1.1111111111111112,5.555555555555555,1.3665123456790125,83.34625,4.603815456463676,0.0,41.6394,-91.5445,204.0,public observation
2021-03-01,IOW,-2.412037037037037,-8.277777777777779,1.1111111111111112,-7.4594907407407405,68.93354166666667,3.9739696191724945,0.0,41.6394,-91.5445,204.0,public observation
2021-03-02,IOW,-2.423611111111111,-9.38888888888889,8.333333333333334,-6.611111111111111,74.21374999999999,2.1781427051282054,0.0,41.6394,-91.5445,204.0,public observation
2021-03-03,IOW,4.768518518518518,-1.1111111111111112,11.666666666666666,-1.111111111111111,66.28708333333333,1.9835773461538462,0.0,41.6394,-91.5445,204.0,public observation
2021-03-04,IOW,1.3626543209876543,-3.277777777777777,5.0,-2.1087962962962963,78.55840277777777,2.6890455841880345,0.0,41.6394,-91.5445,204.0,public observation
2021-03-05,IOW,0.9398148148148145,-2.7777777777777777,6.111111111111111,-5.1990740740740735,64.42416666666666,2.1245547884615386,0.0,41.6394,-91.5445,204.0,public observation
2021-03-06,IOW,4.048611111111112,-0.6111111111111119,11.666666666666666,-2.212962962962963,64.90208333333334,1.2965527735042734,0.0,41.6394,-91.5445,204.0,public observation
2021-03-07,IOW,6.736111111111111,0.5555555555555556,18.333333333333332,-0.2754629629629629,62.89166666666667,3.0157630641025643,0.0,41.6394,-91.5445,204.0,public observation
2021-03-08,IOW,11.898148148148147,5.555555555555555,18.333333333333332,1.6666666666666667,50.505833333333335,3.106450307692308,0.0,41.6394,-91.5445,204.0,public observation
2021-03-09,IOW,11.967592592592593,5.0,21.666666666666668,3.935185185185185,61.048750000000005,3.310908820512821,0.0,41.6394,-91.5445,204.0,public observation
2021-03-10,IOW,16.550925925925927,12.777777777777779,21.11111111111111,10.0,66.11125,6.1271599487179484,1.27,41.6394,-91.5445,204.0,public observation
2021-03-11,IOW,7.743055555555556,1.6666666666666667,18.333333333333332,2.5127314814814814,70.26333333333334,6.201255548878205,6.35,41.6394,-91.5445,204.0,public observation
2021-03-12,IOW,4.719907407407407,-1.722222222222223,11.11111111111111,-1.3101851851851853,67.62041666666666,1.3479422115384614,0.0,41.6394,-91.5445,204.0,public observation
2021-03-13,IOW,6.148148148148148,-0.6111111111111119,15.0,-1.7824074074074074,61.19916666666666,1.4839730769230768,0.0,41.6394,-91.5445,204.0,public observation
2021-03-14,IOW,8.101851851851853,4.444444444444445,9.444444444444445,-1.0578703703703705,53.03916666666667,3.5499933717948715,0.0,41.6394,-91.5445,204.0,public observation
2021-03-15,IOW,1.775462962962963,-0.30555555555555597,6.666666666666667,-1.8200231481481481,78.45397916666667,6.779584751492584,17.526,41.6394,-91.5445,204.0,public observation
2021-03-16,IOW,1.1180555555555556,0.0,2.7777777777777777,-1.0555555555555562,85.72645833333333,2.979320663532764,0.0,41.6394,-91.5445,204.0,public observation
2021-03-17,IOW,1.9452932098765434,1.6666666666666667,2.2222222222222223,-0.8171296296296298,81.86022222222222,4.098182748673957,1.016,41.6394,-91.5445,204.0,public observation
2021-03-18,IOW,5.514660493827161,2.166666666666666,11.11111111111111,-2.7216435185185186,58.43618055555556,9.12451173573718,1.016,41.6394,-91.5445,204.0,public observation
2021-03-19,IOW,4.6967592592592595,-1.722222222222223,11.11111111111111,-7.8217592592592595,40.99791666666667,3.4715101828865578,0.0,41.6394,-91.5445,204.0,public observation
2021-03-20,IOW,5.043478260869565,-3.277777777777777,15.0,-4.091787439613527,55.46521739130435,2.4155783974358975,0.0,41.6394,-91.5445,204.0,public observation
2021-03-21,IOW,9.652777777777777,2.2222222222222223,18.88888888888889,-0.2685185185185187,52.9625,5.612715948717949,0.0,41.6394,-91.5445,204.0,public observation
2021-03-22,IOW,11.497584541062803,8.333333333333334,15.555555555555555,1.8599033816425121,51.81173913043479,2.6158918620014244,0.0,41.6394,-91.5445,204.0,public observation
2021-03-23,IOW,11.270061728395062,9.444444444444445,13.88888888888889,5.75192901234568,69.39569444444444,3.475536414554196,8.382,41.6394,-91.5445,204.0,public observation
2021-03-24,IOW,9.699677938808373,7.222222222222222,12.777777777777779,6.357487922705315,79.80442028985507,6.620158521294678,9.398,41.6394,-91.5445,204.0,public observation
2021-03-25,IOW,6.516203703703703,5.555555555555555,7.777777777777778,2.199074074074074,73.93708333333333,3.0846775175213677,6.604,41.6394,-91.5445,204.0,public observation
2021-03-26,IOW,7.208719135802469,5.555555555555555,10.0,3.5543981481481484,77.61166666666666,1.8235771748931624,2.7939999999999996,41.6394,-91.5445,204.0,public observation
2021-03-27,IOW,9.805941358024691,7.222222222222222,15.277777777777779,6.070216049382716,78.03923611111111,3.518004526228632,12.7,41.6394,-91.5445,204.0,public observation
2021-03-28,IOW,6.176697530864197,2.7777777777777777,10.555555555555555,-2.095679012345679,57.03854166666667,7.64004301965812,0.0,41.6394,-91.5445,204.0,public observation
2021-03-29,IOW,9.467592592592593,0.5555555555555556,22.22222222222222,-1.7708333333333333,49.44208333333333,6.105724782051283,0.0,41.6394,-91.5445,204.0,public observation
2021-03-30,IOW,12.129629629629628,8.88888888888889,18.333333333333332,-2.8101851851851856,35.854166666666664,6.931803128205129,0.0,41.6394,-91.5445,204.0,public observation
2021-03-31,IOW,2.5416666666666665,-2.2222222222222223,7.777777777777778,-9.625,41.19541666666667,6.486611205128205,0.0,41.6394,-91.5445,204.0,public observation
2021-04-01,IOW,0.5671296296296298,-4.388888888888888,6.666666666666667,-11.370370370370368,42.60958333333333,2.969417635567211,0.0,41.6394,-91.5445,204.0,public observation
2021-04-02,IOW,4.210648148148148,-2.7777777777777777,13.333333333333334,-8.152777777777779,42.69833333333333,4.371125141025641,0.0,41.6394,-91.5445,204.0,public observation
2021-04-03,IOW,12.916666666666666,6.111111111111111,22.22222222222222,-1.4074074074074072,37.849583333333335,5.220287512820513,0.0,41.6394,-91.5445,204.0,public observation
2021-04-04,IOW,14.1820987654321,3.888888888888889,26.11111111111111,3.7962962962962963,54.27180555555555,2.453502153846154,0.0,41.6394,-91.5445,204.0,public observation
2021-04-05,IOW,19.814814814814813,13.88888888888889,26.11111111111111,9.560185185185185,52.87291666666667,4.888866858974359,0.0,41.6394,-91.5445,204.0,public observation
2021-04-06,IOW,20.13888888888889,13.88888888888889,26.11111111111111,10.185185185185185,53.997083333333336,4.4832475512820515,0.0,41.6394,-91.5445,204.0,public observation
2021-04-07,IOW,18.40740740740741,14.444444444444445,23.333333333333332,10.936728395061728,62.245694444444446,4.186460787606838,1.5239999999999998,41.6394,-91.5445,204.0,public observation
2021-04-08,IOW,12.490354938271603,10.0,19.222222222222218,8.539351851851853,77.1867361111111,4.489059779166666,15.494,41.6394,-91.5445,204.0,public observation
2021-04-09,IOW,11.137345679012347,9.444444444444445,13.88888888888889,7.532407407407407,78.93277777777779,4.636745525694445,1.27,41.6394,-91.5445,204.0,public observation
2021-04-10,IOW,9.556327160493828,7.777777777777778,12.777777777777779,5.389660493827161,75.56319444444445,5.302339838995727,23.368,41.6394,-91.5445,204.0,public observation
2021-04-11,IOW,9.49537037037037,7.777777777777778,14.444444444444445,5.219907407407407,75.31458333333333,6.958498940170941,17.779999999999998,41.6394,-91.5445,204.0,public observation
2021-04-12,IOW,10.0,5.0,15.0,2.011574074074074,60.47875,5.852271602564103,0.0,41.6394,-91.5445,204.0,public observation
2021-04-13,IOW,7.685185185185186,1.1111111111111112,12.777777777777779,-2.2615740740740744,50.95291666666666,5.294326277311577,0.0,41.6394,-91.5445,204.0,public observation
2021-04-14,IOW,5.224537037037037,-0.6111111111111119,10.0,-4.263888888888888,51.555416666666666,4.5656905,0.0,41.6394,-91.5445,204.0,public observation
2021-04-15,IOW,6.706018518518519,3.3333333333333335,10.555555555555555,-0.4915123456790127,61.01486111111112,4.4190409114413365,0.0,41.6394,-91.5445,204.0,public observation
2021-04-16,IOW,9.88425925925926,3.888888888888889,15.0,1.1249999999999998,55.40291666666667,1.7956074230769232,0.0,41.6394,-91.5445,204.0,public observation
2021-04-17,IOW,12.083333333333334,7.777777777777778,17.77777777777778,0.5972222222222222,49.928333333333335,3.127740574630925,0.0,41.6394,-91.5445,204.0,public observation
2021-04-18,IOW,11.041666666666666,4.444444444444445,17.22222222222222,-1.7222222222222223,43.44625,2.560540582264957,0.0,41.6394,-91.5445,204.0,public observation
2021-04-19,IOW,7.46604938271605,3.888888888888889,13.333333333333334,-1.6875000000000002,53.50694444444445,4.904004954700855,0.762,41.6394,-91.5445,204.0,public observation
2021-04-20,IOW,4.351851851851852,1.6666666666666667,7.222222222222222,-7.219907407407407,44.29291666666666,3.3964846012820513,0.0,41.6394,-91.5445,204.0,public observation
2021-04-21,IOW,2.736111111111111,-3.277777777777777,8.333333333333334,-8.594907407407407,45.65125,2.8977197511655013,0.0,41.6394,-91.5445,204.0,public observation
2021-04-22,IOW,6.662037037037037,-1.1111111111111112,15.555555555555555,-7.0092592592592595,39.335,3.4366068363247866,0.0,41.6394,-91.5445,204.0,public observation
2021-04-23,IOW,10.277777777777777,7.777777777777778,12.777777777777779,-0.07870370370370365,49.24583333333334,3.7809767434537687,0.0,41.6394,-91.5445,204.0,public observation
2021-04-24,IOW,10.6304012345679,3.888888888888889,16.11111111111111,4.022376543209877,65.49833333333333,2.82365529017094,0.0,41.6394,-91.5445,204.0,public observation
2021-04-25,IOW,8.101851851851853,2.2222222222222223,13.333333333333334,-2.6875,48.3225,4.237567564102564,0.0,41.6394,-91.5445,204.0,public observation
2021-04-26,IOW,15.879629629629628,6.111111111111111,29.444444444444443,4.416666666666667,48.29125,6.1419996794871805,0.0,41.6394,-91.5445,204.0,public observation
2021-04-27,IOW,22.708333333333332,17.22222222222222,29.444444444444443,11.782407407407407,51.195,4.304310544010619,0.0,41.6394,-91.5445,204.0,public observation
2021-04-28,IOW,19.212962962962962,13.333333333333334,26.11111111111111,10.13888888888889,56.00958333333333,2.9245262008547006,0.0,41.6394,-91.5445,204.0,public observation
2021-04-29,IOW,17.61574074074074,12.777777777777779,24.444444444444443,6.967592592592593,54.24166666666667,4.242376736111111,0.0,41.6394,-91.5445,204.0,public observation
2021-04-30,IOW,15.439814814814815,7.222222222222222,21.666666666666668,-1.9050925925925928,32.574999999999996,3.2437428000194255,0.0,41.6394,-91.5445,204.0,public observation
2021-05-01,IOW,20.37037037037037,12.777777777777779,30.555555555555557,3.0555555555555554,33.88583333333333,6.257419807692308,0.0,41.6394,-91.5445,204.0,public observation
2021-05-02,IOW,22.847222222222225,15.555555555555555,28.88888888888889,10.74074074074074,47.80083333333334,5.58124939053354,0.0,41.6394,-91.5445,204.0,public observation
2021-05-03,IOW,19.27353395061728,17.22222222222222,25.555555555555557,14.371913580246913,73.88565972222223,4.038774713924501,28.701999999999998,41.6394,-91.5445,204.0,public observation
2021-05-04,IOW,14.398148148148147,10.0,17.77777777777778,5.298611111111112,56.393750000000004,5.19390576923077,0.0,41.6394,-91.5445,204.0,public observation
2021-05-05,IOW,12.754629629629628,5.0,18.333333333333332,0.40972222222222215,45.24583333333334,2.0454969971833723,0.0,41.6394,-91.5445,204.0,public observation
2021-05-06,IOW,13.819444444444445,9.444444444444445,17.22222222222222,2.5185185185185186,48.95374999999999,4.249460762470863,0.0,41.6394,-91.5445,204.0,public observation
2021-05-07,IOW,11.545893719806763,5.0,17.77777777777778,-1.2198067632850245,44.17391304347826,3.4545106966880343,0.0,41.6394,-91.5445,204.0,public observation
2021-05-08,IOW,9.479166666666666,2.2222222222222223,13.88888888888889,-0.8595679012345682,50.20305555555555,3.0210315611111116,1.524,41.6394,-91.5445,204.0,public observation
2021-05-09,IOW,9.277777777777777,4.444444444444445,16.11111111111111,2.464506172839506,66.19451388888889,5.374178072702992,28.448,41.6394,-91.5445,204.0,public observation
2021-05-10,IOW,11.574074074074074,6.666666666666667,16.666666666666668,2.847222222222222,56.49666666666667,2.3951050651709402,0.0,41.6394,-91.5445,204.0,public observation
2021-05-11,IOW,11.597222222222221,6.111111111111111,15.555555555555555,0.07175925925925931,48.19916666666666,3.553128702117327,0.0,41.6394,-91.5445,204.0,public observation
2021-05-12,IOW,10.717592592592593,2.7777777777777777,18.333333333333332,-0.9444444444444446,48.314166666666665,1.1138292198912199,0.0,41.6394,-91.5445,204.0,public observation
2021-05-13,IOW,12.430555555555555,3.3333333333333335,19.444444444444443,-0.42592592592592604,46.65208333333334,1.0589072264180264,0.0,41.6394,-91.5445,204.0,public observation
2021-05-14,IOW,13.518518518518519,5.0,21.11111111111111,1.1087962962962963,46.65708333333333,2.722266166666667,0.0,41.6394,-91.5445,204.0,public observation
2021-05-15,IOW,13.504629629629628,10.555555555555555,16.666666666666668,9.096064814814815,75.60854166666667,3.7415083416666666,17.78,41.6394,-91.5445,204.0,public observation
2021-05-16,IOW,15.401234567901234,12.222222222222221,18.88888888888889,11.469907407407407,78.46965277777778,2.5384964462543995,0.254,41.6394,-91.5445,204.0,public observation
2021-05-17,IOW,16.074074074074073,14.444444444444445,18.88888888888889,12.840277777777779,81.29854166666667,3.9201622115384613,11.176,41.6394,-91.5445,204.0,public observation
2021-05-18,IOW,17.216666666666665,16.11111111111111,19.02777777777778,14.397145061728395,83.42970833333334,4.477805335202992,6.858,41.6394,-91.5445,204.0,public observation
2021-05-19,IOW,20.212191358024693,17.77777777777778,25.0,16.43904320987654,79.91548611111112,4.605869659935897,0.508,41.6394,-91.5445,204.0,public observation
2021-05-20,IOW,21.98611111111111,19.444444444444443,26.11111111111111,16.699074074074073,72.77229166666667,4.938582901442308,3.81,41.6394,-91.5445,204.0,public observation
2021-05-21,IOW,22.410493827160494,19.444444444444443,23.88888888888889,17.258487654320987,72.85145833333333,4.278639855982906,1.016,41.6394,-91.5445,204.0,public observation
2021-05-22,IOW,20.922067901234566,17.77777777777778,23.88888888888889,16.986882716049383,78.54472222222222,3.2295729628205128,0.0,41.6394,-91.5445,204.0,public observation
2021-05-23,IOW,22.145061728395063,18.88888888888889,27.22222222222222,17.922067901234566,77.55729166666667,2.50763969017094,3.302,41.6394,-91.5445,204.0,public observation
2021-05-24,IOW,23.587962962962962,20.555555555555557,28.333333333333332,17.63888888888889,70.37166666666667,2.321593435897436,0.254,41.6394,-91.5445,204.0,public observation
2021-05-25,IOW,23.695987654320987,20.555555555555557,26.666666666666668,17.1875,67.24180555555556,4.469350025641026,0.0,41.6394,-91.5445,204.0,public observation
2021-05-26,IOW,22.93827160493827,17.77777777777778,27.22222222222222,14.0054012345679,61.03006944444444,3.95295095,0.7619999999999999,41.6394,-91.5445,204.0,public observation
2021-05-27,IOW,16.662808641975307,13.333333333333334,25.0,9.76466049382716,65.37041666666667,4.33749626965812,5.08,41.6394,-91.5445,204.0,public observation
2021-05-28,IOW,8.408564814814815,7.222222222222222,11.11111111111111,5.09182098765432,79.81502083333332,5.5097656051721975,1.016,41.6394,-91.5445,204.0,public observation
2021-05-29,IOW,11.226851851851853,4.444444444444445,17.77777777777778,1.9305555555555556,55.931875,3.424699719017094,0.0,41.6394,-91.5445,204.0,public observation
2021-05-30,IOW,13.483796296296296,5.555555555555555,20.555555555555557,4.236111111111112,56.843958333333326,1.1212026888111888,0.0,41.6394,-91.5445,204.0,public observation
2021-05-31,IOW,16.73611111111111,12.777777777777779,21.11111111111111,8.726851851851853,60.34145833333333,1.5708915,0.0,41.6394,-91.5445,204.0,public observation
2021-06-01,IOW,16.998456790123456,11.222222222222223,25.0,10.631172839506172,70.14206597222223,2.1157084102369854,0.0,41.6394,-91.5445,204.0,public observation
2021-06-02,IOW,19.837962962962965,12.222222222222221,26.666666666666668,9.837962962962964,56.52125,0.9234084927933178,0.0,41.6394,-91.5445,204.0,public observation
2021-06-03,IOW,22.199074074074076,12.777777777777779,30.555555555555557,9.675925925925926,49.711666666666666,1.9993164545454547,0.0,41.6394,-91.5445,204.0,public observation
2021-06-04,IOW,25.162037037037038,17.77777777777778,31.11111111111111,10.277777777777777,41.30041666666667,4.041353346153846,0.0,41.6394,-91.5445,204.0,public observation
2021-06-05,IOW,26.319444444444443,18.88888888888889,32.77777777777778,14.398148148148147,49.97125,4.034757910256411,0.0,41.6394,-91.5445,204.0,public observation
2021-06-06,IOW,25.555555555555557,18.333333333333332,30.555555555555557,16.11111111111111,57.026666666666664,3.937475230769231,0.0,41.6394,-91.5445,204.0,public observation
2021-06-07,IOW,25.949074074074076,20.0,30.555555555555557,18.24074074074074,63.67083333333333,2.8739611923076924,0.0,41.6394,-91.5445,204.0,public observation
2021-06-08,IOW,25.895833333333332,21.666666666666668,31.11111111111111,18.550925925925927,65.15770833333333,2.290088451923077,1.016,41.6394,-91.5445,204.0,public observation
2021-06-09,IOW,26.712962962962962,20.555555555555557,32.77777777777778,19.09722222222222,65.09458333333333,1.3313661823038074,0.0,41.6394,-91.5445,204.0,public observation
2021-06-10,IOW,28.171296296296294,21.11111111111111,34.44444444444444,18.47222222222222,57.89833333333333,0.8693608942307692,0.0,41.6394,-91.5445,204.0,public observation
2021-06-11,IOW,28.384259259259256,21.666666666666668,34.44444444444444,19.51851851851852,60.95375000000001,1.8031254348290597,0.0,41.6394,-91.5445,204.0,public observation
2021-06-12,IOW,27.10648148148148,21.666666666666668,32.22222222222222,16.22685185185185,56.23500000000001,3.304313384615385,0.0,41.6394,-91.5445,204.0,public observation
2021-06-13,IOW,25.416666666666668,16.666666666666668,33.888888888888886,9.467592592592593,40.2575,1.709889240850816,0.0,41.6394,-91.5445,204.0,public observation
2021-06-14,IOW,25.694444444444443,20.0,30.555555555555557,11.018518518518519,41.52708333333333,2.9245262008547006,0.0,41.6394,-91.5445,204.0,public observation
2021-06-15,IOW,24.444444444444443,15.0,31.666666666666668,11.018518518518519,47.59291666666667,1.7345371842463093,0.0,41.6394,-91.5445,204.0,public observation
2021-06-16,IOW,23.958333333333332,17.22222222222222,29.444444444444443,9.953703703703704,42.74625,3.1433247902097903,0.0,41.6394,-91.5445,204.0,public observation
2021-06-17,IOW,25.505401234567902,19.81481481481482,34.44444444444444,14.405864197530866,51.24583333333334,3.3540382602564107,2.5399999999999996,41.6394,-91.5445,204.0,public observation
2021-06-18,IOW,28.958333333333332,24.444444444444443,32.22222222222222,18.26388888888889,53.7425,3.1048121555944057,0.0,41.6394,-91.5445,204.0,public observation
2021-06-19,IOW,27.121913580246915,20.0,33.333333333333336,15.501543209876544,54.35541666666666,2.4816776561383063,0.254,41.6394,-91.5445,204.0,public observation
2021-06-20,IOW,22.80516975308642,18.88888888888889,30.555555555555557,15.744212962962962,66.72715277777777,2.476339832104701,7.366,41.6394,-91.5445,204.0,public observation
2021-06-21,IOW,20.08101851851852,16.11111111111111,26.11111111111111,10.825617283950615,57.644444444444446,6.675519407478633,0.254,41.6394,-91.5445,204.0,public observation
2021-06-22,IOW,17.233796296296294,8.333333333333334,27.22222222222222,7.0717592592592595,54.349375,2.6177991730769232,0.762,41.6394,-91.5445,204.0,public observation
2021-06-23,IOW,21.40432098765432,16.666666666666668,29.444444444444443,15.169753086419753,70.23180555555555,5.167194253846154,23.368,41.6394,-91.5445,204.0,public observation
2021-06-24,IOW,23.98148148148148,21.666666666666668,28.333333333333332,16.64351851851852,63.945,4.0931275179487185,0.0,41.6394,-91.5445,204.0,public observation
2021-06-25,IOW,24.114583333333332,22.22222222222222,27.77777777777778,20.31442901234568,79.97263888888888,3.205165596990741,18.034,41.6394,-91.5445,204.0,public observation
2021-06-26,IOW,23.949845679012345,21.666666666666668,27.22222222222222,19.905864197530864,78.45125,3.564325685844017,2.032,41.6394,-91.5445,204.0,public observation
2021-06-27,IOW,22.9875,19.72222222222222,27.22222222222222,18.043364197530863,74.44541666666667,3.1218306307532337,7.112,41.6394,-91.5445,204.0,public observation
2021-06-28,IOW,24.166666666666668,21.666666666666668,27.22222222222222,19.39814814814815,75.10166666666667,1.1509035641025642,0.0,41.6394,-91.5445,204.0,public observation
2021-06-29,IOW,23.675540123456788,21.666666666666668,25.555555555555557,20.60841049382716,83.18395833333334,2.2519762544871793,5.588,41.6394,-91.5445,204.0,public observation
2021-06-30,IOW,24.72145061728395,20.27777777777778,30.555555555555557,18.989969135802472,73.17795138888889,1.0190704188568376,0.0,41.6394,-91.5445,204.0,public observation
2021-07-01,IOW,25.462962962962962,20.555555555555557,29.444444444444443,18.055555555555554,65.72,2.576891767094017,0.0,41.6394,-91.5445,204.0,public observation
2021-07-02,IOW,23.21759259259259,18.88888888888889,27.77777777777778,15.763888888888888,64.50375,1.8847832126068376,0.0,41.6394,-91.5445,204.0,public observation
2021-07-03,IOW,23.125,16.11111111111111,28.88888888888889,15.74074074074074,65.435,1.1521402083333334,0.0,41.6394,-91.5445,204.0,public observation
2021-07-04,IOW,25.347222222222225,19.444444444444443,31.11111111111111,17.824074074074073,64.63791666666667,1.9357604358974358,0.0,41.6394,-91.5445,204.0,public observation
2021-07-05,IOW,27.037037037037038,21.666666666666668,32.77777777777778,19.25925925925926,64.00458333333333,3.0524876503496503,0.0,41.6394,-91.5445,204.0,public observation
2021-07-06,IOW,27.337962962962962,22.22222222222222,32.22222222222222,19.189814814814813,62.13458333333333,2.4716396025641028,0.0,41.6394,-91.5445,204.0,public observation
2021-07-07,IOW,25.555555555555557,21.666666666666668,29.444444444444443,19.0625,67.77708333333332,2.14635041996892,0.0,41.6394,-91.5445,204.0,public observation
2021-07-08,IOW,22.113425925925924,18.88888888888889,25.0,15.767746913580247,67.96319444444444,3.299037035897436,0.0,41.6394,-91.5445,204.0,public observation
2021-07-09,IOW,20.519290123456788,17.11111111111111,26.11111111111111,15.304783950617285,72.69458333333334,3.1633228561253564,23.875999999999998,41.6394,-91.5445,204.0,public observation
2021-07-10,IOW,19.55787037037037,17.77777777777778,22.22222222222222,16.484567901234566,82.80191666666666,3.4561817829279793,25.653999999999996,41.6394,-91.5445,204.0,public observation
2021-07-11,IOW,20.189814814814813,17.40740740740741,22.22222222222222,15.673831569664904,75.46238095238095,5.181708758547009,12.7,41.6394,-91.5445,204.0,public observation
2021-07-12,IOW,20.397376543209877,18.333333333333332,22.77777777777778,15.466820987654321,73.39236111111111,2.8576374884615383,0.0,41.6394,-91.5445,204.0,public observation
2021-07-13,IOW,23.055555555555557,18.88888888888889,28.333333333333332,17.77777777777778,73.16,1.742843935897436,0.0,41.6394,-91.5445,204.0,public observation
2021-07-14,IOW,23.90162037037037,19.444444444444443,30.0,19.547453703703702,76.97395833333333,2.1850473020833334,3.3019999999999996,41.6394,-91.5445,204.0,public observation
2021-07-15,IOW,23.51003086419753,20.555555555555557,27.77777777777778,19.134057971014492,76.74500724637682,3.0365170949786324,36.068,41.6394,-91.5445,204.0,public observation
2021-07-16,IOW,22.869598765432098,18.88888888888889,27.77777777777778,17.261574074074073,71.95819444444444,2.6128682995726495,0.0,41.6394,-91.5445,204.0,public observation
2021-07-17,IOW,22.73148148148148,16.666666666666668,28.88888888888889,16.296296296296294,69.0725,1.2704458397435898,0.0,41.6394,-91.5445,204.0,public observation
2021-07-18,IOW,23.194444444444443,18.333333333333332,28.333333333333332,16.27314814814815,66.43958333333333,2.061073717948718,0.0,41.6394,-91.5445,204.0,public observation
2021-07-19,IOW,24.953703703703706,20.555555555555557,29.444444444444443,17.61574074074074,64.42791666666666,1.9640783396464647,0.0,41.6394,-91.5445,204.0,public observation
2021-07-20,IOW,24.884259259259256,18.88888888888889,30.555555555555557,18.00925925925926,67.44583333333334,1.8064166096866099,0.0,41.6394,-91.5445,204.0,public observation
2021-07-21,IOW,25.810185185185187,20.0,31.666666666666668,19.35185185185185,68.84708333333333,1.2778657051282052,0.0,41.6394,-91.5445,204.0,public observation
2021-07-22,IOW,25.56442901234568,21.11111111111111,30.555555555555557,20.26736111111111,74.143125,2.140728963430116,0.0,41.6394,-91.5445,204.0,public observation
2021-07-23,IOW,27.152777777777775,22.77777777777778,32.22222222222222,20.25462962962963,67.44375000000001,2.5738688589743592,0.0,41.6394,-91.5445,204.0,public observation
2021-07-24,IOW,28.159722222222225,22.77777777777778,33.888888888888886,21.5625,68.03520833333333,3.060400032051282,0.254,41.6394,-91.5445,204.0,public observation
2021-07-25,IOW,27.175925925925924,20.0,31.666666666666668,17.59259259259259,59.111250000000005,2.1929824358974357,0.0,41.6394,-91.5445,204.0,public observation
2021-07-26,IOW,25.555555555555557,17.77777777777778,32.77777777777778,16.666666666666668,61.600833333333334,1.1195752435897437,0.0,41.6394,-91.5445,204.0,public observation
2021-07-27,IOW,25.833333333333332,18.88888888888889,32.22222222222222,18.680555555555554,66.46916666666667,1.7281416100427351,0.0,41.6394,-91.5445,204.0,public observation
2021-07-28,IOW,28.37962962962963,24.444444444444443,33.333333333333336,22.314814814814813,70.39375,1.8846458076923076,0.0,41.6394,-91.5445,204.0,public observation
2021-07-29,IOW,29.38271604938272,25.555555555555557,33.333333333333336,22.608024691358025,68.02965277777777,2.819514941045066,0.0,41.6394,-91.5445,204.0,public observation
2021-07-30,IOW,23.88888888888889,20.555555555555557,30.0,17.453703703703706,67.78958333333334,3.535153641025641,0.0,41.6394,-91.5445,204.0,public observation
2021-07-31,IOW,21.608796296296294,17.22222222222222,27.22222222222222,16.145833333333332,72.113125,2.536416205128205,4.318,41.6394,-91.5445,204.0,public observation
2021-08-01,IOW,23.587962962962962,18.333333333333332,29.444444444444443,15.347222222222221,63.310833333333335,3.162511512820513,0.0,41.6394,-91.5445,204.0,public observation
2021-08-02,IOW,21.180555555555554,14.444444444444445,26.666666666666668,11.712962962962962,56.96875,1.5075142861888111,0.0,41.6394,-91.5445,204.0,public observation
2021-08-03,IOW,21.34259259259259,13.88888888888889,28.88888888888889,12.870370370370372,61.589166666666664,0.9292236353276354,0.0,41.6394,-91.5445,204.0,public observation
2021-08-04,IOW,22.17391304347826,15.555555555555555,28.333333333333332,14.202898550724639,63.333043478260876,1.1515905886752138,0.0,41.6394,-91.5445,204.0,public observation
2021-08-05,IOW,20.97993827160494,16.666666666666668,25.555555555555557,15.93364197530864,73.70861111111111,2.2466253145299144,4.318,41.6394,-91.5445,204.0,public observation
2021-08-06,IOW,23.402777777777775,17.77777777777778,28.88888888888889,18.26388888888889,74.28791666666667,2.339730884615385,0.0,41.6394,-91.5445,204.0,public observation
2021-08-07,IOW,25.115740740740744,20.0,31.11111111111111,20.625,77.33458333333333,2.8960637542735044,0.0,41.6394,-91.5445,204.0,public observation
2021-08-08,IOW,26.597222222222225,23.333333333333332,29.444444444444443,20.069444444444446,67.78333333333333,4.465110102564103,0.0,41.6394,-91.5445,204.0,public observation
2021-08-09,IOW,26.302083333333332,22.77777777777778,31.666666666666668,20.925925925925927,73.631875,3.6670181931089747,0.0,41.6394,-91.5445,204.0,public observation
2021-08-10,IOW,27.708333333333332,22.77777777777778,33.888888888888886,22.175925925925927,72.86874999999999,2.7324341303418804,0.0,41.6394,-91.5445,204.0,public observation
2021-08-11,IOW,26.96759259259259,22.77777777777778,32.22222222222222,21.22685185185185,71.44375000000001,3.7824824871794873,0.0,41.6394,-91.5445,204.0,public observation
2021-08-12,IOW,24.853395061728396,18.333333333333332,30.0,20.23148148148148,75.89097222222223,2.221130814102564,0.0,41.6394,-91.5445,204.0,public observation
2021-08-13,IOW,24.51388888888889,21.11111111111111,28.333333333333332,13.24074074074074,52.14645833333333,2.6637816385003883,0.0,41.6394,-91.5445,204.0,public observation
2021-08-14,IOW,21.921296296296294,13.88888888888889,27.77777777777778,12.152777777777779,57.263749999999995,1.4230277516511267,0.0,41.6394,-91.5445,204.0,public observation
2021-08-15,IOW,20.90277777777778,12.777777777777779,27.77777777777778,11.875,59.54583333333333,1.871317530982906,0.0,41.6394,-91.5445,204.0,public observation
2021-08-16,IOW,20.578703703703706,13.333333333333334,27.77777777777778,12.685185185185185,63.02875,1.6072877420357423,0.0,41.6394,-91.5445,204.0,public observation
2021-08-17,IOW,22.853009259259256,15.416666666666666,30.0,15.434027777777779,66.13458333333334,1.9220449271561773,0.0,41.6394,-91.5445,204.0,public observation
2021-08-18,IOW,23.790509259259256,16.666666666666668,31.666666666666668,16.478587962962962,66.75802083333333,1.3775235267094017,0.0,41.6394,-91.5445,204.0,public observation
2021-08-19,IOW,25.208333333333332,18.88888888888889,31.666666666666668,18.125,66.82791666666667,1.312466760878011,0.0,41.6394,-91.5445,204.0,public observation
2021-08-20,IOW,25.740740740740744,20.0,31.666666666666668,19.212962962962962,69.10625,2.848816092948718,0.0,41.6394,-91.5445,204.0,public observation
2021-08-21,IOW,25.67091049382716,22.444444444444446,29.444444444444443,19.901234567901238,72.35104166666666,3.7809055059860484,5.334,41.6394,-91.5445,204.0,public observation
2021-08-22,IOW,21.712962962962962,16.11111111111111,27.77777777777778,13.541666666666666,61.4375,2.4981962251359753,0.0,41.6394,-91.5445,204.0,public observation
2021-08-23,IOW,23.434027777777775,18.333333333333332,31.666666666666668,18.059027777777775,73.15242708333334,3.135744354826546,22.86,41.6394,-91.5445,204.0,public observation
2021-08-24,IOW,27.03657407407407,21.666666666666668,35.0,21.57758487654321,74.38902777777777,3.391598306891026,20.827999999999996,41.6394,-91.5445,204.0,public observation
2021-08-25,IOW,24.28587962962963,21.11111111111111,30.555555555555557,19.709876543209877,76.78690972222222,2.4037630023698524,9.398,41.6394,-91.5445,204.0,public observation
2021-08-26,IOW,25.02314814814815,20.555555555555557,29.444444444444443,20.85648148148148,78.51916666666666,1.5233333392579642,0.0,41.6394,-91.5445,204.0,public observation
2021-08-27,IOW,27.24537037037037,22.77777777777778,33.333333333333336,21.78240740740741,73.22458333333334,3.4185243495726496,0.0,41.6394,-91.5445,204.0,public observation
2021-08-28,IOW,28.055555555555557,23.88888888888889,33.333333333333336,22.083333333333332,71.42708333333333,3.3448478344017096,0.0,41.6394,-91.5445,204.0,public observation
2021-08-29,IOW,26.215277777777775,22.22222222222222,28.88888888888889,19.62962962962963,68.06916666666666,3.689498618589744,0.0,41.6394,-91.5445,204.0,public observation
2021-08-30,IOW,23.310185185185187,16.666666666666668,28.333333333333332,15.787037037037038,64.48083333333334,1.3089192158119658,0.0,41.6394,-91.5445,204.0,public observation
2021-08-31,IOW,21.31712962962963,18.88888888888889,25.0,15.513888888888888,69.72770833333333,1.884881358974359,3.556,41.6394,-91.5445,204.0,public observation
2021-09-01,IOW,20.694444444444446,16.11111111111111,26.666666666666668,14.606481481481481,70.26083333333334,3.2502258137140636,0.0,41.6394,-91.5445,204.0,public observation
2021-09-02,IOW,20.046296296296294,13.333333333333334,25.0,13.00925925925926,64.94958333333334,3.0223584999999997,0.0,41.6394,-91.5445,204.0,public observation
2021-09-03,IOW,19.36689814814815,16.77777777777778,21.666666666666668,15.568479938271606,79.15336805555556,3.681536658101852,24.13,41.6394,-91.5445,204.0,public observation
2021-09-04,IOW,20.828935185185184,19.444444444444443,23.055555555555557,17.698225308641977,82.83354861111111,2.454620329638009,0.254,41.6394,-91.5445,204.0,public observation
2021-09-05,IOW,20.324074074074073,14.444444444444445,27.77777777777778,13.217592592592593,67.74208333333333,1.9390581538461538,0.0,41.6394,-91.5445,204.0,public observation
2021-09-06,IOW,22.384259259259256,15.555555555555555,29.444444444444443,14.027777777777779,61.39166666666667,1.2828122820512822,0.0,41.6394,-91.5445,204.0,public observation
2021-09-07,IOW,24.32367149758454,20.555555555555557,30.0,16.884057971014492,65.18391304347826,3.995568363118363,0.0,41.6394,-91.5445,204.0,public observation
2021-09-08,IOW,19.328703703703706,11.666666666666666,25.555555555555557,9.62962962962963,56.27291666666667,3.8764674487179493,0.0,41.6394,-91.5445,204.0,public observation
2021-09-09,IOW,18.75,12.222222222222221,25.0,10.347222222222223,61.010416666666664,1.9256274480186482,0.0,41.6394,-91.5445,204.0,public observation
2021-09-10,IOW,19.166666666666668,11.666666666666666,27.77777777777778,12.060185185185185,66.56,1.9753330512820513,0.0,41.6394,-91.5445,204.0,public observation
2021-09-11,IOW,22.384259259259256,15.555555555555555,31.11111111111111,16.689814814814813,71.72,1.6613628215811966,0.0,41.6394,-91.5445,204.0,public observation
2021-09-12,IOW,24.28240740740741,18.88888888888889,30.0,18.21759259259259,70.07125,2.392769181623932,0.0,41.6394,-91.5445,204.0,public observation
2021-09-13,IOW,23.84259259259259,18.88888888888889,30.555555555555557,17.569444444444446,70.32958333333333,2.720617307692308,0.0,41.6394,-91.5445,204.0,public observation
2021-09-14,IOW,22.777777777777775,21.11111111111111,24.444444444444443,15.601851851851853,64.39541666666666,3.596161423076923,0.0,41.6394,-91.5445,204.0,public observation
2021-09-15,IOW,19.35185185185185,11.666666666666666,26.11111111111111,10.833333333333334,62.23583333333334,1.3016367553418804,0.0,41.6394,-91.5445,204.0,public observation
2021-09-16,IOW,19.699074074074073,12.222222222222221,29.444444444444443,11.157407407407407,61.0975,2.5194565128205126,0.0,41.6394,-91.5445,204.0,public observation
2021-09-17,IOW,20.27006172839506,12.777777777777779,29.444444444444443,13.657407407407407,67.26194444444444,1.8870766255439007,0.7619999999999999,41.6394,-91.5445,204.0,public observation
2021-09-18,IOW,21.50462962962963,14.444444444444445,29.444444444444443,12.337962962962962,56.9175,2.37957830982906,0.0,41.6394,-91.5445,204.0,public observation
2021-09-19,IOW,23.72685185185185,16.666666666666668,32.77777777777778,16.203703703703706,65.80166666666666,2.0891043205128206,0.0,41.6394,-91.5445,204.0,public observation
2021-09-20,IOW,24.046296296296294,20.0,29.444444444444443,18.391203703703706,71.8175,3.9297020384615386,0.254,41.6394,-91.5445,204.0,public observation
2021-09-21,IOW,18.543209876543212,14.444444444444445,25.694444444444443,11.125,64.69743055555556,5.553865423824786,6.603999999999999,41.6394,-91.5445,204.0,public observation
2021-09-22,IOW,16.805555555555554,11.11111111111111,21.666666666666668,6.898148148148149,53.88291666666667,3.5309398903133906,0.0,41.6394,-91.5445,204.0,public observation
2021-09-23,IOW,14.976851851851853,8.333333333333334,22.77777777777778,5.5092592592592595,56.873333333333335,1.805363172008547,0.0,41.6394,-91.5445,204.0,public observation
2021-09-24,IOW,15.74074074074074,8.88888888888889,26.11111111111111,7.8240740740740735,62.445,2.9520621457264955,0.508,41.6394,-91.5445,204.0,public observation
2021-09-25,IOW,14.606481481481481,6.666666666666667,23.333333333333332,4.925925925925926,60.22125,3.302664525641026,0.0,41.6394,-91.5445,204.0,public observation
2021-09-26,IOW,20.09259259259259,11.11111111111111,31.11111111111111,7.083333333333333,45.42958333333333,3.636813648504274,0.0,41.6394,-91.5445,204.0,public observation
2021-09-27,IOW,22.662037037037038,14.444444444444445,31.11111111111111,12.106481481481481,54.92124999999999,1.9925086655982904,0.0,41.6394,-91.5445,204.0,public observation
2021-09-28,IOW,21.96759259259259,15.0,30.0,13.194444444444445,59.130833333333335,2.9267246794871795,0.0,41.6394,-91.5445,204.0,public observation
2021-09-29,IOW,22.47685185185185,15.0,31.666666666666668,12.870370370370372,56.35208333333333,2.6587601134421135,0.0,41.6394,-91.5445,204.0,public observation
2021-09-30,IOW,22.685185185185187,16.666666666666668,30.0,14.699074074074074,63.48666666666667,1.4955150897435898,0.0,41.6394,-91.5445,204.0,public observation
2021-10-01,IOW,21.666666666666668,15.555555555555555,28.88888888888889,15.324074074074074,68.87916666666666,2.173196128205128,0.0,41.6394,-91.5445,204.0,public observation
2021-10-02,IOW,22.098765432098762,18.333333333333332,27.77777777777778,16.828703703703706,74.04208333333334,1.7295431401709402,0.508,41.6394,-91.5445,204.0,public observation
2021-10-03,IOW,20.68287037037037,17.77777777777778,25.0,14.548611111111112,69.59520833333333,2.8295597756410253,0.0,41.6394,-91.5445,204.0,public observation
2021-10-04,IOW,17.71527777777778,12.777777777777779,23.333333333333332,11.706018518518519,69.40291666666667,3.0163650284900285,0.0,41.6394,-91.5445,204.0,public observation
2021-10-05,IOW,18.930555555555554,15.555555555555555,22.77777777777778,13.9375,73.19083333333333,3.0996193205128204,0.0,41.6394,-91.5445,204.0,public observation
2021-10-06,IOW,19.221132897603486,18.333333333333332,21.666666666666668,14.77124183006536,75.80166666666666,2.893637576068376,0.0,41.6394,-91.5445,204.0,public observation
2021-10-07,IOW,20.211805555555554,18.88888888888889,22.77777777777778,16.415895061728396,79.35278472222222,1.9117138830568126,0.0,41.6394,-91.5445,204.0,public observation
2021-10-08,IOW,19.045377718988828,15.740740740740742,25.555555555555557,15.87204218106996,83.11477513227514,1.2492583635149572,3.048,41.6394,-91.5445,204.0,public observation
2021-10-09,IOW,20.379563492063493,14.092592592592593,28.333333333333332,14.99727733686067,73.89837301587302,2.5491359743589745,0.0,41.6394,-91.5445,204.0,public observation
2021-10-10,IOW,22.490740740740744,20.0,25.555555555555557,16.10493827160494,67.34361111111112,4.167546019658119,0.7619999999999999,41.6394,-91.5445,204.0,public observation
2021-10-11,IOW,16.131558641975307,14.11111111111111,21.11111111111111,13.643132716049381,85.35289583333333,3.1378682877985167,40.132,41.6394,-91.5445,204.0,public observation
2021-10-12,IOW,15.298225308641975,9.444444444444445,21.11111111111111,10.485725308641976,74.73069444444444,4.047352802667798,4.318,41.6394,-91.5445,204.0,public observation
2021-10-13,IOW,16.046296296296294,13.333333333333334,21.666666666666668,12.739197530864198,81.01831944444444,3.4515781986928107,13.462,41.6394,-91.5445,204.0,public observation
2021-10-14,IOW,16.212962962962965,11.666666666666666,20.777777777777782,7.789351851851852,59.02854166666666,2.31137051025641,0.0,41.6394,-91.5445,204.0,public observation
2021-10-15,IOW,12.847222222222221,10.0,16.11111111111111,3.9814814814814814,56.20416666666667,3.314206538461539,0.0,41.6394,-91.5445,204.0,public observation
2021-10-16,IOW,9.074074074074074,3.3333333333333335,17.22222222222222,0.3148148148148147,58.536249999999995,3.7890779230769236,0.0,41.6394,-91.5445,204.0,public observation
2021-10-17,IOW,11.504629629629632,5.0,21.11111111111111,1.5509259259259258,53.475,1.5521259145299144,0.0,41.6394,-91.5445,204.0,public observation
2021-10-18,IOW,12.612499999999999,5.0,23.333333333333332,5.405246913580247,66.35718055555556,1.1096820897435897,0.0,41.6394,-91.5445,204.0,public observation
2021-10-19,IOW,13.581900352733685,6.944444444444445,23.333333333333332,6.9077932098765435,68.25740575396826,1.9666490606837608,0.0,41.6394,-91.5445,204.0,public observation
2021-10-20,IOW,15.254629629629628,9.444444444444445,21.11111111111111,9.097222222222223,67.67458333333333,2.8690146153846157,0.0,41.6394,-91.5445,204.0,public observation
2021-10-21,IOW,10.3804012345679,6.666666666666667,17.166666666666668,6.216435185185186,75.71822916666666,6.504481695726496,0.254,41.6394,-91.5445,204.0,public observation
2021-10-22,IOW,7.085648148148148,2.2222222222222223,11.11111111111111,2.2754629629629632,73.11916666666667,2.5067838538461538,0.0,41.6394,-91.5445,204.0,public observation
2021-10-23,IOW,6.712962962962963,1.1111111111111112,13.88888888888889,0.42824074074074053,68.07333333333334,1.5817054452214452,0.0,41.6394,-91.5445,204.0,public observation
2021-10-24,IOW,8.06087962962963,6.111111111111111,10.0,2.7976851851851854,71.87133333333334,4.848875331799899,56.642,41.6394,-91.5445,204.0,public observation
2021-10-25,IOW,9.375,7.222222222222222,13.333333333333334,4.517746913580247,73.30131944444445,6.661005522649572,14.732,41.6394,-91.5445,204.0,public observation
2021-10-26,IOW,7.731481481481481,2.7777777777777777,14.444444444444445,2.1296296296296298,69.35541666666667,2.5408916794871796,0.0,41.6394,-91.5445,204.0,public observation
2021-10-27,IOW,10.694444444444445,8.333333333333334,14.444444444444445,4.0509259259259265,63.97416666666666,5.499694160839161,0.0,41.6394,-91.5445,204.0,public observation
2021-10-28,IOW,9.675154320987653,7.777777777777778,12.777777777777779,5.758487654320987,77.41493055555556,4.353553015384615,16.256,41.6394,-91.5445,204.0,public observation
2021-10-29,IOW,10.824074074074074,10.0,12.222222222222221,7.52932098765432,80.24270833333334,7.045260329059829,2.032,41.6394,-91.5445,204.0,public observation
2021-10-30,IOW,10.162037037037036,5.0,16.11111111111111,5.459104938271605,73.37486111111112,3.337185874643875,0.0,41.6394,-91.5445,204.0,public observation
2021-10-31,IOW,8.287037037037036,5.555555555555555,11.666666666666666,1.5825617283950615,65.47527777777778,5.326364106837607,0.0,41.6394,-91.5445,204.0,public observation
2021-11-01,IOW,3.7657004830917877,-1.1111111111111112,8.333333333333334,-3.538647342995169,60.91434782608695,3.036511206196581,0.0,41.6394,-91.5445,204.0,public observation
2021-11-02,IOW,1.7083333333333333,-3.277777777777777,7.777777777777778,-5.9490740740740735,59.492916666666666,3.112604382349133,0.0,41.6394,-91.5445,204.0,public observation
2021-11-03,IOW,1.002314814814815,-5.0,8.333333333333334,-5.280092592592593,65.96375,0.3499703173076923,0.0,41.6394,-91.5445,204.0,public observation
2021-11-04,IOW,5.3009259259259265,1.1111111111111112,11.666666666666666,-2.7708333333333335,58.184583333333336,1.8747526538461539,0.0,41.6394,-91.5445,204.0,public observation
2021-11-05,IOW,5.972222222222222,1.6666666666666667,12.777777777777779,-2.425925925925926,56.41958333333333,3.912742346153846,0.0,41.6394,-91.5445,204.0,public observation
2021-11-06,IOW,8.61111111111111,2.7777777777777777,17.77777777777778,1.034722222222222,59.6875,3.301015666666667,0.0,41.6394,-91.5445,204.0,public observation
2021-11-07,IOW,10.372222222222222,2.7777777777777777,19.444444444444443,4.757407407407407,70.87125,2.3681148141025643,0.0,41.6394,-91.5445,204.0,public observation
2021-11-08,IOW,12.106481481481481,5.555555555555555,18.88888888888889,5.231481481481482,63.83291666666667,1.345468923076923,0.0,41.6394,-91.5445,204.0,public observation
2021-11-09,IOW,13.379629629629628,10.555555555555555,17.22222222222222,4.351851851851852,55.4275,3.1757023846153847,0.0,41.6394,-91.5445,204.0,public observation
2021-11-10,IOW,9.039351851851853,5.555555555555555,12.222222222222221,4.201388888888889,72.13333333333334,3.18583108974359,0.254,41.6394,-91.5445,204.0,public observation
2021-11-11,IOW,10.645061728395062,6.666666666666667,14.444444444444445,5.6364522417154,70.68345614035088,6.539128344925214,12.7,41.6394,-91.5445,204.0,public observation
2021-11-12,IOW,2.952546296296296,1.48148148148148,8.333333333333334,-1.1499118165784834,74.6068253968254,7.293292134137758,0.508,41.6394,-91.5445,204.0,public observation
2021-11-13,IOW,1.8703703703703702,1.1111111111111112,2.7777777777777777,-2.1597222222222223,74.87708333333333,5.4202705512820515,0.254,41.6394,-91.5445,204.0,public observation
2021-11-14,IOW,2.4143518518518516,1.1111111111111112,5.833333333333333,-3.8206018518518516,63.88708333333333,7.167472185897435,0.254,41.6394,-91.5445,204.0,public observation
2021-11-15,IOW,1.2129629629629628,-1.1111111111111112,5.555555555555555,-4.291666666666667,67.15291666666667,2.9382666923076926,0.0,41.6394,-91.5445,204.0,public observation
2021-11-16,IOW,3.8287037037037037,-1.1111111111111112,12.777777777777779,-0.8078703703703699,72.8475,3.958250853846154,0.0,41.6394,-91.5445,204.0,public observation
2021-11-17,IOW,8.464506172839506,5.555555555555555,12.222222222222221,1.6558641975308646,64.27347222222222,4.569208065811966,0.0,41.6394,-91.5445,204.0,public observation
2021-11-18,IOW,0.38888888888888884,-2.2222222222222223,6.666666666666667,-7.722222222222222,55.25833333333333,6.001846666666666,0.0,41.6394,-91.5445,204.0,public observation
2021-11-19,IOW,-2.111111111111111,-7.777777777777778,5.555555555555555,-8.131944444444445,65.395,2.702479858974359,0.0,41.6394,-91.5445,204.0,public observation
2021-11-20,IOW,6.226851851851852,2.2222222222222223,13.333333333333334,-3.636574074074074,50.29624999999999,3.1649848012820514,0.0,41.6394,-91.5445,204.0,public observation
2021-11-21,IOW,5.7407407407407405,2.2222222222222223,12.777777777777779,-2.678240740740741,57.77875,3.539275788461539,0.0,41.6394,-91.5445,204.0,public observation
2021-11-22,IOW,-2.599537037037037,-7.777777777777778,1.1111111111111112,-12.020833333333334,49.995,3.937475230769231,0.0,41.6394,-91.5445,204.0,public observation
2021-11-23,IOW,0.016203703703703682,-6.111111111111111,11.666666666666666,-8.599537037037036,55.39208333333334,2.2902651153846154,0.0,41.6394,-91.5445,204.0,public observation
2021-11-24,IOW,8.333333333333334,5.0,14.444444444444445,-1.2013888888888888,51.23541666666667,5.131249128205128,0.0,41.6394,-91.5445,204.0,public observation
2021-11-25,IOW,0.40740740740740744,-4.388888888888888,11.666666666666666,-7.2384259259259265,56.978125,7.126015160256411,0.0,41.6394,-91.5445,204.0,public observation
2021-11-26,IOW,-4.141203703703703,-10.0,3.888888888888889,-13.810185185185185,49.270833333333336,2.9135338076923074,0.0,41.6394,-91.5445,204.0,public observation
2021-11-27,IOW,3.6504629629629632,-2.2222222222222223,15.0,-4.460648148148148,56.77041666666667,3.287824794871795,0.254,41.6394,-91.5445,204.0,public observation
2021-11-28,IOW,1.8449074074074072,-2.2222222222222223,7.222222222222222,-7.483796296296297,53.469166666666666,4.601965397435897,0.0,41.6394,-91.5445,204.0,public observation
2021-11-29,IOW,2.75,-3.888888888888889,13.333333333333334,-5.708333333333333,54.651250000000005,2.428769269230769,0.0,41.6394,-91.5445,204.0,public observation
2021-11-30,IOW,6.828703703703703,0.5555555555555556,13.333333333333334,-1.3657407407407407,58.37125,3.1048014487179487,0.0,41.6394,-91.5445,204.0,public observation
2021-12-01,IOW,6.041666666666667,1.1111111111111112,12.222222222222221,0.7129629629629629,69.2775,1.6414391089743592,1.5239999999999998,41.6394,-91.5445,204.0,public observation
2021-12-02,IOW,9.560185185185185,5.555555555555555,11.666666666666666,0.49999999999999994,53.89166666666667,4.016620461538461,0.0,41.6394,-91.5445,204.0,public observation
2021-12-03,IOW,6.319444444444444,0.0,13.333333333333334,-1.8032407407407411,58.19875,2.2285245071225073,0.0,41.6394,-91.5445,204.0,public observation
2021-12-04,IOW,3.5625,-0.6111111111111119,8.333333333333334,-5.162037037037037,55.77666666666667,2.659609525641026,0.0,41.6394,-91.5445,204.0,public observation
2021-12-05,IOW,3.090277777777778,1.6666666666666667,5.555555555555555,-6.054398148148148,52.999583333333334,3.319624217948718,0.0,41.6394,-91.5445,204.0,public observation
2021-12-06,IOW,-1.8263888888888886,-7.777777777777778,5.0,-11.215277777777779,49.990833333333335,8.250478092948718,0.0,41.6394,-91.5445,204.0,public observation
2021-12-07,IOW,-7.777777777777778,-12.222222222222221,-1.1111111111111112,-16.41435185185185,51.22875,3.4796420555555554,0.0,41.6394,-91.5445,204.0,public observation
2021-12-08,IOW,-3.722222222222222,-7.777777777777778,0.5555555555555556,-10.631944444444445,59.52,3.157427530982906,0.0,41.6394,-91.5445,204.0,public observation
2021-12-09,IOW,2.5,-3.888888888888889,11.11111111111111,-5.7407407407407405,54.91041666666666,3.5203139102564105,0.0,41.6394,-91.5445,204.0,public observation
2021-12-10,IOW,3.607253086419753,0.0,6.666666666666667,-1.1315586419753088,71.54854166666667,4.332536933707265,2.54,41.6394,-91.5445,204.0,public observation
2021-12-11,IOW,3.152006172839506,-0.6111111111111119,7.407407407407409,-0.10694444444444465,78.44175,7.04269282008547,5.079999999999999,41.6394,-91.5445,204.0,public observation
2021-12-12,IOW,3.4166666666666665,-1.722222222222223,12.222222222222221,-7.4490740740740735,47.675000000000004,4.422239769230769,0.0,41.6394,-91.5445,204.0,public observation
2021-12-13,IOW,4.3032407407407405,-1.722222222222223,10.0,-5.497685185185186,49.79083333333333,2.0198522435897437,0.0,41.6394,-91.5445,204.0,public observation
2021-12-14,IOW,4.395833333333333,-1.1111111111111112,11.666666666666666,-0.6273148148148148,70.22541666666667,2.4762649731934734,0.0,41.6394,-91.5445,204.0,public observation
2021-12-15,IOW,16.11111111111111,9.444444444444445,23.333333333333332,11.377314814814815,74.72069444444445,6.181665801592852,0.0,41.6394,-91.5445,204.0,public observation
2021-12-16,IOW,6.003472222222222,-0.6111111111111119,20.555555555555557,-2.2199074074074074,56.089375,9.868420961538462,1.016,41.6394,-91.5445,204.0,public observation
2021-12-17,IOW,-2.162037037037037,-7.777777777777778,3.888888888888889,-8.618055555555555,63.44833333333333,1.9835773461538462,0.0,41.6394,-91.5445,204.0,public observation
2021-12-18,IOW,0.11226851851851832,-2.2222222222222223,2.2222222222222223,-6.341435185185186,62.54604166666667,4.501164170673077,0.0,41.6394,-91.5445,204.0,public observation
2021-12-19,IOW,-4.497685185185185,-8.88888888888889,-0.8611111111111115,-8.744212962962964,72.50895833333333,3.0921130863247863,0.0,41.6394,-91.5445,204.0,public observation
2021-12-20,IOW,-0.6226851851851851,-4.388888888888888,4.444444444444445,-6.083333333333333,67.49291666666666,3.7049861153846155,0.0,41.6394,-91.5445,204.0,public observation
2021-12-21,IOW,-3.3101851851851856,-9.38888888888889,3.888888888888889,-9.381944444444445,64.145,4.245811858974359,0.0,41.6394,-91.5445,204.0,public observation
2021-12-22,IOW,-4.386574074074074,-9.38888888888889,1.6666666666666667,-12.810185185185185,53.22416666666666,4.015919696474359,0.0,41.6394,-91.5445,204.0,public observation
2021-12-23,IOW,1.351851851851852,-3.888888888888889,10.0,-5.326388888888889,61.73083333333333,2.6612583846153846,0.0,41.6394,-91.5445,204.0,public observation
2021-12-24,IOW,5.702546296296297,-0.6111111111111119,12.222222222222221,3.001929012345679,82.75997222222223,1.6220251801470589,0.0,41.6394,-91.5445,204.0,public observation
2021-12-25,IOW,7.08641975308642,2.7777777777777777,10.555555555555555,-0.47067901234567905,63.305972222222216,2.6804750864801865,0.0,41.6394,-91.5445,204.0,public observation
2021-12-26,IOW,-0.451388888888889,-6.722222222222223,5.555555555555555,-5.905092592592593,67.683125,1.620828371794872,0.0,41.6394,-91.5445,204.0,public observation
2021-12-27,IOW,3.09375,-0.6111111111111119,5.0,-0.16666666666666677,80.41524305555556,5.175872355662393,3.81,41.6394,-91.5445,204.0,public observation
2021-12-28,IOW,-0.6413966049382716,-2.7777777777777777,1.6666666666666667,-4.786651234567901,74.18256944444444,2.643775572168803,14.224,41.6394,-91.5445,204.0,public observation
2021-12-29,IOW,-5.926311728395063,-11.722222222222221,1.6666666666666667,-9.945987654320987,73.41086805555555,3.5479002369301997,0.254,41.6394,-91.5445,204.0,public observation
2021-12-30,IOW,-3.9176311728395063,-7.222222222222222,-1.0740740740740762,-6.481095679012346,82.38746527777778,2.1639703696581196,1.016,41.6394,-91.5445,204.0,public observation
2021-12-31,IOW,-1.931712962962963,-5.851851851851851,-0.6111111111111119,-4.070891203703703,85.34279513888889,2.3897057063390315,0.0,41.6394,-91.5445,204.0,public observation
2022-01-01,IOW,-6.687770061728396,-11.11111111111111,-0.6111111111111119,-10.185108024691358,76.18082638888889,6.439726916295878,1.016,41.6394,-91.5445,204.0,public observation
2022-01-02,IOW,-15.878626543209876,-21.11111111111111,-11.11111111111111,-20.427546296296295,68.09820833333333,4.361146080241327,0.0,41.6394,-91.5445,204.0,public observation
2022-01-03,IOW,-15.55324074074074,-21.11111111111111,-5.0,-19.80787037037037,70.6525,1.8731037948717948,0.0,41.6394,-91.5445,204.0,public observation
2022-01-04,IOW,-4.583333333333333,-9.38888888888889,1.1111111111111112,-8.939814814814815,72.28041666666667,3.6950929615384616,0.0,41.6394,-91.5445,204.0,public observation
2022-01-05,IOW,-8.378472222222223,-13.685185185185183,-0.6111111111111119,-13.798611111111112,65.05736111111112,9.113683247008547,0.0,41.6394,-91.5445,204.0,public observation
2022-01-06,IOW,-16.59259259259259,-18.88888888888889,-11.11111111111111,-22.199652777777775,61.8840625,6.894541859775642,0.0,41.6394,-91.5445,204.0,public observation
2022-01-07,IOW,-18.796296296296298,-22.22222222222222,-13.88888888888889,-23.78240740740741,64.89958333333333,3.1890431526806524,0.0,41.6394,-91.5445,204.0,public observation
2022-01-08,IOW,-8.403935185185185,-13.88888888888889,-2.2222222222222223,-13.013888888888888,69.49187500000001,4.621398378205129,0.0,41.6394,-91.5445,204.0,public observation
2022-01-09,IOW,-8.063078703703704,-14.444444444444445,-0.7361111111111107,-13.43364197530864,66.03267361111111,5.58830596565171,0.0,41.6394,-91.5445,204.0,public observation
2022-01-10,IOW,-11.275462962962962,-13.277777777777779,-9.38888888888889,-17.82638888888889,60.055416666666666,2.3858989358974356,0.0,41.6394,-91.5445,204.0,public observation
2022-01-11,IOW,-8.37962962962963,-15.0,6.111111111111111,-14.905092592592593,59.598333333333336,3.2779316410256407,0.0,41.6394,-91.5445,204.0,public observation
2022-01-12,IOW,2.0578703703703702,-2.7777777777777777,6.666666666666667,-3.4004629629629632,67.66833333333334,2.2369520085470085,0.0,41.6394,-91.5445,204.0,public observation
2022-01-13,IOW,1.5624999999999998,-2.2222222222222223,7.222222222222222,-2.425925925925926,75.60208333333334,1.345468923076923,0.0,41.6394,-91.5445,204.0,public observation
2022-01-14,IOW,0.5435956790123457,-1.416666666666667,2.7777777777777777,-2.160841049382716,82.06344444444444,3.1820667724170435,4.318,41.6394,-91.5445,204.0,public observation
2022-01-15,IOW,-6.587345679012347,-8.88888888888889,-2.0222222222222204,-10.656867283950618,73.00977083333333,6.810771683503017,1.524,41.6394,-91.5445,204.0,public observation
2022-01-16,IOW,-9.619212962962964,-14.166666666666666,-5.611111111111112,-12.972222222222221,76.81458333333333,2.174256108974359,0.0,41.6394,-91.5445,204.0,public observation
2022-01-17,IOW,-3.3202160493827164,-6.722222222222223,-1.722222222222223,-7.699074074074075,71.75465277777778,4.732484362820513,0.0,41.6394,-91.5445,204.0,public observation
2022-01-18,IOW,-2.175925925925926,-7.777777777777778,5.0,-5.840277777777778,76.52958333333333,2.3993646175213676,0.0,41.6394,-91.5445,204.0,public observation
2022-01-19,IOW,-8.233796296296296,-14.444444444444445,3.888888888888889,-13.644675925925926,64.99604166666667,7.834121572649573,0.0,41.6394,-91.5445,204.0,public observation
2022-01-20,IOW,-16.988425925925927,-20.555555555555557,-15.0,-22.465277777777775,62.543749999999996,4.346254851495726,0.0,41.6394,-91.5445,204.0,public observation
2022-01-21,IOW,-17.70601851851852,-22.77777777777778,-10.0,-22.42361111111111,67.70416666666667,2.0638218162393165,0.0,41.6394,-91.5445,204.0,public observation
2022-01-22,IOW,-7.270833333333333,-11.722222222222221,-3.277777777777777,-13.398148148148147,61.86041666666667,4.448621512820513,0.0,41.6394,-91.5445,204.0,public observation
2022-01-23,IOW,-6.494212962962963,-11.722222222222221,3.888888888888889,-12.25385802469136,63.90173611111111,4.459197765384615,0.0,41.6394,-91.5445,204.0,public observation
2022-01-24,IOW,-6.270833333333333,-10.555555555555555,-1.722222222222223,-10.987268518518519,69.29965277777778,4.616098474358974,0.0,41.6394,-91.5445,204.0,public observation
2022-01-25,IOW,-16.386574074074073,-20.555555555555557,-11.722222222222221,-22.053240740740744,61.94208333333333,4.543568308760684,0.0,41.6394,-91.5445,204.0,public observation
2022-01-26,IOW,-16.59027777777778,-22.22222222222222,-7.777777777777778,-22.31712962962963,62.08625,3.2515498974358974,0.0,41.6394,-91.5445,204.0,public observation
2022-01-27,IOW,-3.7916666666666665,-9.38888888888889,2.2222222222222223,-10.745370370370372,58.51208333333333,3.9918875769230766,0.0,41.6394,-91.5445,204.0,public observation
2022-01-28,IOW,-9.016203703703704,-14.444444444444445,-1.1111111111111112,-15.07175925925926,62.098749999999995,4.143582602564103,0.0,41.6394,-91.5445,204.0,public observation
2022-01-29,IOW,-9.891203703703704,-16.11111111111111,-0.6111111111111119,-15.310185185185185,65.84166666666667,2.4304181282051283,0.0,41.6394,-91.5445,204.0,public observation
2022-01-30,IOW,-6.072916666666667,-10.0,-1.722222222222223,-10.769675925925926,69.544375,4.374579893162394,0.0,41.6394,-91.5445,204.0,public observation
2022-01-31,IOW,-5.716435185185186,-12.222222222222221,2.7777777777777777,-10.189814814814815,71.86291666666666,2.897261139957265,0.0,41.6394,-91.5445,204.0,public observation
2022-02-01,IOW,0.8935185185185185,-4.388888888888888,4.444444444444445,-5.224537037037037,63.84375,4.521171307692308,0.0,41.6394,-91.5445,204.0,public observation
2022-02-02,IOW,-9.405092592592593,-11.722222222222221,-5.0,-16.63888888888889,55.76583333333334,6.207954038461538,0.0,41.6394,-91.5445,204.0,public observation
2022-02-03,IOW,-11.99074074074074,-15.0,-8.88888888888889,-20.09027777777778,51.07875000000001,5.714532990384615,0.0,41.6394,-91.5445,204.0,public observation
2022-02-04,IOW,-13.083333333333334,-18.27777777777778,-6.722222222222223,-19.204166666666666,60.69649999999999,3.6392516042735044,0.0,41.6394,-91.5445,204.0,public observation
2022-02-05,IOW,-12.405092592592593,-18.88888888888889,-2.2222222222222223,-19.02777777777778,59.27875,4.900408871794872,0.0,41.6394,-91.5445,204.0,public observation
2022-02-06,IOW,-1.9020061728395061,-7.777777777777778,5.0,-8.20486111111111,62.51013888888889,4.076890182905983,0.0,41.6394,-91.5445,204.0,public observation
2022-02-07,IOW,-9.10300925925926,-14.444444444444445,-2.7777777777777777,-15.682870370370372,59.77125,3.770744181623932,0.0,41.6394,-91.5445,204.0,public observation
2022-02-08,IOW,-0.7129629629629629,-7.222222222222222,12.222222222222221,-7.458333333333333,62.390416666666674,2.962999576923077,0.0,41.6394,-91.5445,204.0,public observation
2022-02-09,IOW,1.4351851851851851,-1.1111111111111112,5.0,-3.013888888888889,72.77041666666666,4.145467012820513,0.0,41.6394,-91.5445,204.0,public observation
2022-02-10,IOW,-1.701388888888889,-5.611111111111112,2.2222222222222223,-7.439814814814816,65.06666666666668,5.976714058663558,0.0,41.6394,-91.5445,204.0,public observation
2022-02-11,IOW,2.592206790123457,-6.111111111111111,6.666666666666667,-2.9602623456790127,67.313125,7.063726121989123,1.778,41.6394,-91.5445,204.0,public observation
2022-02-12,IOW,-11.289351851851853,-15.0,-6.722222222222223,-17.358796296296294,61.225833333333334,6.3258199741453,0.0,41.6394,-91.5445,204.0,public observation
2022-02-13,IOW,-10.641743827160495,-12.777777777777779,-9.38888888888889,-16.613194444444442,62.11615277777778,2.906856563910885,0.0,41.6394,-91.5445,204.0,public observation
2022-02-14,IOW,-8.127314814814815,-12.777777777777779,-0.6111111111111119,-14.462962962962962,60.862500000000004,2.277623863247863,0.0,41.6394,-91.5445,204.0,public observation
2022-02-15,IOW,-1.7893518518518519,-7.777777777777778,7.777777777777778,-8.231481481481481,62.86708333333333,3.5978102820512823,0.0,41.6394,-91.5445,204.0,public observation
2022-02-16,IOW,6.736111111111111,2.2222222222222223,13.333333333333334,0.17361111111111094,63.38041666666667,4.540957615384616,0.0,41.6394,-91.5445,204.0,public observation
2022-02-17,IOW,-4.122685185185185,-8.277777777777779,2.2222222222222223,-10.55324074074074,61.20666666666667,6.83232197008547,0.762,41.6394,-91.5445,204.0,public observation
2022-02-18,IOW,-6.171296296296297,-13.88888888888889,6.111111111111111,-14.444444444444445,54.543749999999996,5.274699858974359,0.0,41.6394,-91.5445,204.0,public observation
2022-02-19,IOW,-7.226466049382716,-12.777777777777779,3.3333333333333335,-14.504822530864198,56.49982638888889,6.452474411438099,1.016,41.6394,-91.5445,204.0,public observation
2022-02-20,IOW,3.0115740740740744,-6.111111111111111,15.0,-7.226851851851852,48.843333333333334,6.34975591025641,0.0,41.6394,-91.5445,204.0,public observation
2022-02-21,IOW,3.534722222222222,-2.7777777777777777,10.0,-1.3564814814814812,71.14708333333333,2.7964648205128206,0.0,41.6394,-91.5445,204.0,public observation
2022-02-22,IOW,-0.7160493827160493,-7.777777777777778,6.666666666666667,-3.623842592592593,80.83572222222223,6.324574764413364,6.857999999999999,41.6394,-91.5445,204.0,public observation
2022-02-23,IOW,-11.129629629629632,-14.444444444444445,-7.777777777777778,-15.809027777777779,68.455,5.427539806604507,0.0,41.6394,-91.5445,204.0,public observation
2022-02-24,IOW,-7.293981481481482,-10.0,-5.0,-11.787808641975309,70.36958333333332,4.186473546634615,0.254,41.6394,-91.5445,204.0,public observation
2022-02-25,IOW,-8.084876543209877,-12.777777777777779,-5.0,-11.590007716049383,76.12493055555555,3.79487236914907,0.762,41.6394,-91.5445,204.0,public observation
2022-02-26,IOW,-8.9375,-16.11111111111111,2.2222222222222223,-13.398148148148147,71.45333333333333,2.4848304743589744,0.0,41.6394,-91.5445,204.0,public observation
2022-02-27,IOW,-0.8148148148148149,-8.88888888888889,6.111111111111111,-7.594907407407407,60.911249999999995,3.028816530982906,0.0,41.6394,-91.5445,204.0,public observation
2022-02-28,IOW,1.826388888888889,-6.111111111111111,13.333333333333334,-4.824074074074074,65.35416666666667,1.5251945512820513,0.0,41.6394,-91.5445,204.0,public observation
2022-03-01,IOW,7.6157407407407405,0.5555555555555556,15.555555555555555,-1.9189814814814816,52.36666666666667,1.3645682061965811,0.0,41.6394,-91.5445,204.0,public observation
2022-03-02,IOW,7.814814814814814,-1.722222222222223,17.77777777777778,0.5300925925925926,62.629999999999995,1.4301574606837608,0.0,41.6394,-91.5445,204.0,public observation
2022-03-03,IOW,1.9606481481481481,-0.6111111111111119,10.555555555555555,-5.5509259259259265,57.95208333333333,5.159004920940171,0.0,41.6394,-91.5445,204.0,public observation
2022-03-04,IOW,1.1898148148148147,-2.7777777777777777,7.777777777777778,-6.0625,59.04666666666666,4.494789564102564,0.0,41.6394,-91.5445,204.0,public observation
2022-03-05,IOW,10.0,4.444444444444445,17.77777777777778,4.611111111111111,69.43027777777777,3.5894560632478636,3.81,41.6394,-91.5445,204.0,public observation
2022-03-06,IOW,4.2588734567901225,-0.6111111111111119,15.13888888888889,-1.2002314814814816,67.99982638888889,7.322545587956488,0.762,41.6394,-91.5445,204.0,public observation
2022-03-07,IOW,-1.0563216490299827,-2.822222222222221,1.6666666666666667,-5.463949514991182,72.90711210317461,5.386328521088906,5.842,41.6394,-91.5445,204.0,public observation
2022-03-08,IOW,-5.4259259259259265,-12.777777777777779,2.2222222222222223,-10.430555555555555,69.36,1.8656714381313133,0.0,41.6394,-91.5445,204.0,public observation
2022-03-09,IOW,-2.535426731078905,-5.0,0.0,-7.898550724637682,67.1531884057971,3.4987766713675215,0.0,41.6394,-91.5445,204.0,public observation
2022-03-10,IOW,-6.3953703703703715,-8.277777777777779,-3.888888888888889,-13.417013888888889,58.08425,4.1737969618055555,0.0,41.6394,-91.5445,204.0,public observation
2022-03-11,IOW,-6.734953703703703,-10.61111111111111,-2.2222222222222223,-12.814814814814815,64.86208333333333,4.336145775641026,0.0,41.6394,-91.5445,204.0,public observation
2022-03-12,IOW,-9.703703703703704,-13.88888888888889,-4.388888888888888,-18.25462962962963,50.42916666666667,5.757815538461539,0.0,41.6394,-91.5445,204.0,public observation
2022-03-13,IOW,1.7592592592592593,-6.722222222222223,12.222222222222221,-7.462962962962963,51.36666666666667,3.6884975256410257,0.0,41.6394,-91.5445,204.0,public observation
2022-03-14,IOW,7.032407407407407,-1.1111111111111112,16.666666666666668,-1.173611111111111,58.92791666666667,2.014339391867392,0.0,41.6394,-91.5445,204.0,public observation
2022-03-15,IOW,7.916666666666667,1.6666666666666667,15.0,0.17824074074074067,59.959583333333335,1.9451039700854702,0.0,41.6394,-91.5445,204.0,public observation
2022-03-16,IOW,8.976851851851853,-0.6111111111111119,21.11111111111111,1.5,63.59375,2.287480375783476,0.0,41.6394,-91.5445,204.0,public observation
2022-03-17,IOW,11.273148148148147,5.0,17.77777777777778,3.611111111111111,60.44083333333333,3.1133205534188035,0.0,41.6394,-91.5445,204.0,public observation
2022-03-18,IOW,6.265432098765433,4.444444444444445,10.0,2.719907407407408,79.13840277777778,7.464604424786326,21.081999999999997,41.6394,-91.5445,204.0,public observation
2022-03-19,IOW,5.578703703703703,2.2222222222222223,12.222222222222221,-0.10879629629629654,69.88791666666667,6.177073265384615,2.286,41.6394,-91.5445,204.0,public observation
2022-03-20,IOW,7.7592592592592595,-1.722222222222223,20.555555555555557,-1.0231481481481481,59.74895833333333,0.9885973101010102,0.0,41.6394,-91.5445,204.0,public observation
2022-03-21,IOW,15.486111111111112,9.444444444444445,24.444444444444443,0.6875,39.745,4.1057962510683765,0.0,41.6394,-91.5445,204.0,public observation
2022-03-22,IOW,11.782407407407407,9.81481481481481,17.22222222222222,7.420910493827161,77.0598125,3.791575055332453,11.176,41.6394,-91.5445,204.0,public observation
2022-03-23,IOW,8.873842592592593,6.0555555555555545,12.222222222222221,6.6365740740740735,85.84833333333334,4.230791538888889,3.81,41.6394,-91.5445,204.0,public observation
2022-03-24,IOW,3.60570987654321,1.6666666666666667,5.703703703703703,0.528935185185185,80.62309027777778,4.247151913786907,2.032,41.6394,-91.5445,204.0,public observation
2022-03-25,IOW,5.616512345679013,3.888888888888889,9.444444444444445,-0.9641203703703703,65.58888888888889,6.584997049786325,0.0,41.6394,-91.5445,204.0,public observation
2022-03-26,IOW,1.3124999999999998,-2.7777777777777777,6.666666666666667,-9.502314814814815,45.11208333333334,9.06542664102564,0.0,41.6394,-91.5445,204.0,public observation
2022-03-27,IOW,-0.8958333333333331,-6.111111111111111,3.888888888888889,-12.155092592592593,45.18833333333333,4.2285163276418025,0.0,41.6394,-91.5445,204.0,public observation
2022-03-28,IOW,0.3680555555555555,-5.0,6.111111111111111,-13.326388888888888,36.858333333333334,3.4939321666666667,0.0,41.6394,-91.5445,204.0,public observation
2022-03-29,IOW,3.310185185185185,0.0,8.333333333333334,-8.023148148148147,43.482499999999995,6.67252005448718,0.0,41.6394,-91.5445,204.0,public observation
2022-03-30,IOW,7.085648148148148,3.888888888888889,12.222222222222221,2.816435185185185,75.68641666666667,5.40480759107906,7.112,41.6394,-91.5445,204.0,public observation
2022-03-31,IOW,1.9182098765432098,0.5555555555555556,3.3333333333333335,-1.1444444444444446,80.685875,6.090724476127033,4.572,41.6394,-91.5445,204.0,public observation
2022-04-01,IOW,2.7314814814814814,-4.388888888888888,8.333333333333334,-4.876157407407407,58.80020833333333,2.918478600135975,0.0,41.6394,-91.5445,204.0,public observation
2022-04-02,IOW,4.417438271604938,1.6666666666666667,10.555555555555555,-0.3526234567901234,72.08229166666668,3.3618428594017096,6.35,41.6394,-91.5445,204.0,public observation
2022-04-03,IOW,5.3009259259259265,-2.7777777777777777,11.11111111111111,-1.0925925925925926,64.9075,2.102707407051282,5.334,41.6394,-91.5445,204.0,public observation
2022-04-04,IOW,6.447530864197531,3.888888888888889,9.444444444444445,1.4652777777777777,71.36604166666666,4.630879317307692,2.794,41.6394,-91.5445,204.0,public observation
2022-04-05,IOW,5.104166666666667,0.0,10.555555555555555,1.4791666666666663,77.66375000000001,3.3323145432692307,0.508,41.6394,-91.5445,204.0,public observation
2022-04-06,IOW,8.487654320987653,5.0,11.666666666666666,3.001543209876543,70.12708333333333,5.995750885003885,11.684,41.6394,-91.5445,204.0,public observation
2022-04-07,IOW,5.2407407407407405,3.3333333333333335,6.666666666666667,-0.18904320987654347,68.7051388888889,8.007542278205127,2.54,41.6394,-91.5445,204.0,public observation
2022-04-08,IOW,2.587962962962963,0.5555555555555556,5.0,-2.6010802469135803,69.41486111111111,6.367375146153846,0.254,41.6394,-91.5445,204.0,public observation
2022-04-09,IOW,5.344907407407407,-1.1111111111111112,12.777777777777779,-5.418981481481481,49.94166666666666,3.112321244949495,0.0,41.6394,-91.5445,204.0,public observation
2022-04-10,IOW,10.462962962962964,1.6666666666666667,22.22222222222222,-1.3773148148148147,45.907916666666665,5.16092858974359,0.0,41.6394,-91.5445,204.0,public observation
2022-04-11,IOW,13.263888888888888,6.666666666666667,19.444444444444443,-0.3483796296296296,41.504583333333336,4.549182280982906,0.0,41.6394,-91.5445,204.0,public observation
2022-04-12,IOW,11.504629629629628,2.7777777777777777,20.555555555555557,2.814814814814815,56.653333333333336,4.152816212820514,0.0,41.6394,-91.5445,204.0,public observation
2022-04-13,IOW,12.658179012345679,2.2222222222222223,22.22222222222222,8.051697530864198,74.285625,6.023823601282051,4.572,41.6394,-91.5445,204.0,public observation
2022-04-14,IOW,3.627314814814815,-2.7777777777777777,11.11111111111111,-6.657407407407407,52.415,6.859253333333334,0.0,41.6394,-91.5445,204.0,public observation
2022-04-15,IOW,5.856481481481482,2.2222222222222223,9.444444444444445,-8.726851851851853,34.70708333333334,4.011261669871795,0.0,41.6394,-91.5445,204.0,public observation
2022-04-16,IOW,3.951388888888889,-2.2222222222222223,8.88888888888889,-6.6875,47.41791666666666,4.959767794871795,0.0,41.6394,-91.5445,204.0,public observation
2022-04-17,IOW,3.2129629629629632,-2.2222222222222223,8.333333333333334,-6.641203703703703,49.89458333333334,2.8299916196581196,0.0,41.6394,-91.5445,204.0,public observation
2022-04-18,IOW,3.003472222222222,0.0,6.111111111111111,-2.813657407407408,68.78385416666667,5.781646457959401,1.778,41.6394,-91.5445,204.0,public observation
2022-04-19,IOW,3.511574074074074,-2.2222222222222223,9.444444444444445,-6.597222222222222,49.67541666666667,3.7940245000000004,0.0,41.6394,-91.5445,204.0,public observation
2022-04-20,IOW,8.346537842190017,7.222222222222222,9.444444444444445,1.1925120772946856,62.90476086956522,5.587753778123155,10.414,41.6394,-91.5445,204.0,public observation
2022-04-21,IOW,12.367283950617283,3.888888888888889,21.666666666666668,5.763117283950617,68.63826388888889,2.8680684844017095,0.254,41.6394,-91.5445,204.0,public observation
2022-04-22,IOW,14.090663580246913,11.666666666666666,19.444444444444443,8.771604938271606,71.62604166666667,4.342990503311966,17.78,41.6394,-91.5445,204.0,public observation
2022-04-23,IOW,21.319444444444446,16.666666666666668,28.333333333333332,13.263888888888888,62.74166666666667,5.75616667948718,0.0,41.6394,-91.5445,204.0,public observation
2022-04-24,IOW,16.22685185185185,11.666666666666666,21.11111111111111,7.060185185185186,57.009791666666665,6.664570198717949,4.064,41.6394,-91.5445,204.0,public observation
2022-04-25,IOW,7.372685185185186,4.444444444444445,14.444444444444445,-1.4027777777777777,54.059583333333336,6.400752762820513,0.0,41.6394,-91.5445,204.0,public observation
2022-04-26,IOW,4.738425925925926,-1.722222222222223,12.777777777777779,-4.645833333333333,53.001666666666665,4.921844038461539,0.0,41.6394,-91.5445,204.0,public observation
2022-04-27,IOW,8.981481481481481,2.2222222222222223,17.77777777777778,-1.9907407407407407,47.165,4.418942051282052,0.0,41.6394,-91.5445,204.0,public observation
2022-04-28,IOW,9.097222222222223,4.444444444444445,18.88888888888889,1.9606481481481481,61.630833333333335,5.988655794871796,5.587999999999999,41.6394,-91.5445,204.0,public observation
2022-04-29,IOW,14.189814814814815,11.666666666666666,17.77777777777778,8.645833333333334,69.60125000000001,4.868138346153846,3.8099999999999996,41.6394,-91.5445,204.0,public observation
2022-04-30,IOW,15.8070987654321,13.88888888888889,19.81481481481482,10.758487654320987,72.15095833333334,6.6197467141821695,9.905999999999999,41.6394,-91.5445,204.0,public observation
2022-05-01,IOW,9.74922839506173,7.777777777777778,12.777777777777779,4.7878086419753085,71.63545138888888,7.5939986327991456,0.0,41.6394,-91.5445,204.0,public observation
2022-05-02,IOW,10.092592592592593,7.777777777777778,13.333333333333334,2.9745370370370368,61.555416666666666,3.5860273645104894,0.0,41.6394,-91.5445,204.0,public observation
2022-05-03,IOW,9.716820987654321,8.333333333333334,11.666666666666666,6.350308641975309,80.16538194444445,6.03939071559991,23.876,41.6394,-91.5445,204.0,public observation
2022-05-04,IOW,10.05787037037037,2.2222222222222223,16.11111111111111,3.6342592592592595,66.51520833333333,2.7314954941724943,0.0,41.6394,-91.5445,204.0,public observation
2022-05-05,IOW,12.330246913580247,10.555555555555555,14.444444444444445,7.65817901234568,73.42708333333333,3.164545105555556,0.254,41.6394,-91.5445,204.0,public observation
2022-05-06,IOW,13.587962962962962,11.11111111111111,17.77777777777778,7.3842592592592595,67.04041666666667,4.373653391452992,0.0,41.6394,-91.5445,204.0,public observation
2022-05-07,IOW,13.796296296296296,5.0,21.666666666666668,4.652777777777778,58.24333333333333,2.193057384032634,0.0,41.6394,-91.5445,204.0,public observation
2022-05-08,IOW,15.578703703703704,11.666666666666666,21.11111111111111,5.856481481481482,52.65958333333333,5.8715868076923075,0.0,41.6394,-91.5445,204.0,public observation
2022-05-09,IOW,22.337962962962962,15.555555555555555,31.11111111111111,13.333333333333334,57.489583333333336,7.226948884615385,0.0,41.6394,-91.5445,204.0,public observation
2022-05-10,IOW,27.337962962962962,22.22222222222222,32.77777777777778,19.537037037037038,63.19833333333333,5.447830051282051,0.0,41.6394,-91.5445,204.0,public observation
2022-05-11,IOW,27.090277777777782,20.92592592592593,33.333333333333336,20.53858024691358,69.11753472222222,2.7877415713675213,0.0,41.6394,-91.5445,204.0,public observation
2022-05-12,IOW,29.23611111111111,23.333333333333332,34.44444444444444,19.583333333333332,58.83208333333334,5.012531282051282,0.0,41.6394,-91.5445,204.0,public observation
2022-05-13,IOW,26.527777777777775,20.555555555555557,30.555555555555557,13.645833333333334,46.711875,4.689260702564103,0.0,41.6394,-91.5445,204.0,public observation
2022-05-14,IOW,23.72685185185185,13.88888888888889,31.666666666666668,8.61111111111111,42.903333333333336,1.511429077117327,0.0,41.6394,-91.5445,204.0,public observation
2022-05-15,IOW,19.88425925925926,16.666666666666668,27.77777777777778,9.12037037037037,51.51416666666666,2.8541748846153845,0.762,41.6394,-91.5445,204.0,public observation
2022-05-16,IOW,18.703703703703706,9.444444444444445,27.77777777777778,5.532407407407407,48.81791666666667,3.767276343304843,0.0,41.6394,-91.5445,204.0,public observation
2022-05-17,IOW,18.24074074074074,10.0,25.555555555555557,5.7407407407407405,46.90041666666667,1.9926460705128204,0.0,41.6394,-91.5445,204.0,public observation
2022-05-18,IOW,17.393132716049383,13.037037037037038,23.333333333333332,11.067129629629628,67.13878472222221,2.9677694903846152,6.3500000000000005,41.6394,-91.5445,204.0,public observation
2022-05-19,IOW,22.453703703703706,14.444444444444445,31.11111111111111,14.166666666666666,63.20875,3.4545951025641024,0.0,41.6394,-91.5445,204.0,public observation
2022-05-20,IOW,21.280864197530864,18.88888888888889,27.77777777777778,13.51466049382716,62.34388888888889,4.299682437179487,0.0,41.6394,-91.5445,204.0,public observation
2022-05-21,IOW,14.513888888888888,10.555555555555555,18.88888888888889,4.398148148148148,51.468333333333334,3.7599206002136754,0.0,41.6394,-91.5445,204.0,public observation
2022-05-22,IOW,12.800925925925926,4.444444444444445,19.444444444444443,0.6180555555555555,46.49916666666667,4.1222848408119654,0.0,41.6394,-91.5445,204.0,public observation
2022-05-23,IOW,13.726851851851853,8.333333333333334,18.333333333333332,0.576388888888889,42.01916666666667,3.1305836072261073,0.0,41.6394,-91.5445,204.0,public observation
2022-05-24,IOW,14.976851851851853,11.666666666666666,19.444444444444443,3.6342592592592595,46.763749999999995,4.0142387763532765,0.0,41.6394,-91.5445,204.0,public observation
2022-05-25,IOW,16.166666666666668,11.11111111111111,22.592592592592595,11.634645061728394,75.89812500000001,4.329701842045455,18.288,41.6394,-91.5445,204.0,public observation
2022-05-26,IOW,19.453703703703706,17.77777777777778,23.333333333333332,15.892361111111109,80.92584722222223,2.4935213352029915,10.414,41.6394,-91.5445,204.0,public observation
2022-05-27,IOW,17.444058641975307,13.333333333333334,23.333333333333332,10.914351851851853,68.23652777777778,4.710021603685898,0.0,41.6394,-91.5445,204.0,public observation
2022-05-28,IOW,19.166666666666668,12.222222222222221,26.11111111111111,11.944444444444445,65.7525,3.85833,0.0,41.6394,-91.5445,204.0,public observation
2022-05-29,IOW,23.26388888888889,17.77777777777778,30.0,15.254629629629628,61.89458333333334,5.653937423076923,0.0,41.6394,-91.5445,204.0,public observation
2022-05-30,IOW,26.27314814814815,20.555555555555557,31.11111111111111,15.856481481481481,53.8025,7.799102948717949,0.0,41.6394,-91.5445,204.0,public observation
2022-05-31,IOW,23.877314814814813,20.0,29.444444444444443,16.95601851851852,66.5007638888889,4.471744797008547,2.54,41.6394,-91.5445,204.0,public observation
2022-06-01,IOW,20.60185185185185,16.11111111111111,25.0,10.74074074074074,54.076249999999995,3.214600466783217,0.0,41.6394,-91.5445,204.0,public observation
2022-06-02,IOW,19.51388888888889,12.777777777777779,26.11111111111111,5.555555555555556,43.901250000000005,3.636421063034188,0.0,41.6394,-91.5445,204.0,public observation
2022-06-03,IOW,20.50925925925926,12.777777777777779,27.77777777777778,3.9537037037037037,38.268750000000004,2.5903574487179486,0.0,41.6394,-91.5445,204.0,public observation
2022-06-04,IOW,18.35648148148148,13.333333333333334,25.0,7.430555555555556,51.06791666666667,2.2506925,2.54,41.6394,-91.5445,204.0,public observation
2022-06-05,IOW,20.810185185185187,13.333333333333334,30.0,11.180555555555555,56.81708333333333,3.088312858974359,0.254,41.6394,-91.5445,204.0,public observation
2022-06-06,IOW,21.565586419753085,17.77777777777778,30.72222222222222,16.79243827160494,76.80794444444444,2.7366837525892413,25.653999999999996,41.6394,-91.5445,204.0,public observation
2022-06-07,IOW,20.671296296296294,15.555555555555555,27.22222222222222,13.346836419753087,65.63972222222222,2.6034545461198526,0.0,41.6394,-91.5445,204.0,public observation
2022-06-08,IOW,20.642746913580247,17.22222222222222,23.88888888888889,13.344907407407407,64.51215277777779,3.710729640811966,3.3019999999999996,41.6394,-91.5445,204.0,public observation
2022-06-09,IOW,20.23148148148148,13.88888888888889,26.666666666666668,9.166666666666666,52.91958333333333,2.1145429667346543,0.0,41.6394,-91.5445,204.0,public observation
2022-06-10,IOW,19.71604938271605,17.77777777777778,23.88888888888889,14.215277777777779,71.63569444444444,1.3505568307692306,2.54,41.6394,-91.5445,204.0,public observation
2022-06-11,IOW,19.41110008818342,15.07936507936508,24.444444444444443,15.56575176366843,78.9382242063492,1.2093497259615384,0.0,41.6394,-91.5445,204.0,public observation
2022-06-12,IOW,23.736772486772484,18.88888888888889,30.0,18.606701940035272,73.743125,2.4428106051282055,9.398,41.6394,-91.5445,204.0,public observation
2022-06-13,IOW,26.276167471819644,20.555555555555557,32.77777777777778,20.97826086956522,73.37152173913044,4.119277636111112,0.0,41.6394,-91.5445,204.0,public observation
2022-06-14,IOW,30.069444444444443,23.88888888888889,35.55555555555556,21.15740740740741,61.72833333333333,4.982577010683761,0.0,41.6394,-91.5445,204.0,public observation
2022-06-15,IOW,29.305555555555557,23.88888888888889,35.0,19.65277777777778,56.87375,4.9548212179487185,0.0,41.6394,-91.5445,204.0,public observation
2022-06-16,IOW,26.296296296296294,17.22222222222222,33.888888888888886,16.305555555555554,60.03314583333333,3.7544362966628957,0.0,41.6394,-91.5445,204.0,public observation
2022-06-17,IOW,25.60185185185185,19.444444444444443,31.666666666666668,13.541666666666666,49.193749999999994,2.640135501845377,0.0,41.6394,-91.5445,204.0,public observation
2022-06-18,IOW,23.88888888888889,17.77777777777778,28.88888888888889,11.226851851851853,46.38458333333333,3.8319482564102567,0.0,41.6394,-91.5445,204.0,public observation
2022-06-19,IOW,22.59259259259259,13.333333333333334,31.11111111111111,9.212962962962964,44.04791666666667,3.6687112179487182,0.0,41.6394,-91.5445,204.0,public observation
2022-06-20,IOW,25.833333333333332,17.22222222222222,34.44444444444444,14.976851851851853,53.23208333333333,3.1987864102564103,0.0,41.6394,-91.5445,204.0,public observation
2022-06-21,IOW,29.409722222222225,22.77777777777778,36.111111111111114,17.52314814814815,49.213125,4.514929198717949,0.0,41.6394,-91.5445,204.0,public observation
2022-06-22,IOW,25.983245149911813,20.0,31.11111111111111,15.148809523809524,55.0244246031746,3.596186142812743,8.128,41.6394,-91.5445,204.0,public observation
2022-06-23,IOW,25.53240740740741,17.22222222222222,32.77777777777778,14.444444444444445,53.650416666666665,1.9249928871406372,0.0,41.6394,-91.5445,204.0,public observation
2022-06-24,IOW,24.76851851851852,21.11111111111111,30.0,16.64351851851852,61.625416666666666,1.8796992307692308,0.0,41.6394,-91.5445,204.0,public observation
2022-06-25,IOW,23.394251543209876,19.180555555555557,29.629629629629626,18.45570987654321,74.69482638888888,3.9816810090099715,54.355999999999995,41.6394,-91.5445,204.0,public observation
2022-06-26,IOW,22.83564814814815,17.22222222222222,26.666666666666668,13.298611111111112,56.721875000000004,5.08390332051282,0.0,41.6394,-91.5445,204.0,public observation
2022-06-27,IOW,20.53240740740741,12.777777777777779,27.77777777777778,9.050925925925926,50.888749999999995,2.9441751036324786,0.0,41.6394,-91.5445,204.0,public observation
2022-06-28,IOW,22.26851851851852,13.88888888888889,28.88888888888889,12.129629629629628,56.401250000000005,2.595991050213675,0.0,41.6394,-91.5445,204.0,public observation
2022-06-29,IOW,25.37037037037037,17.77777777777778,32.77777777777778,15.439814814814815,55.245416666666664,2.4650441666666665,0.0,41.6394,-91.5445,204.0,public observation
2022-06-30,IOW,26.574074074074076,19.444444444444443,32.22222222222222,16.11111111111111,55.154583333333335,4.372774,0.0,41.6394,-91.5445,204.0,public observation
2022-07-01,IOW,25.53240740740741,22.77777777777778,28.88888888888889,15.231481481481481,53.35458333333333,2.5090137393162393,0.0,41.6394,-91.5445,204.0,public observation
2022-07-02,IOW,22.5,14.444444444444445,28.333333333333332,14.143518518518519,62.09708333333333,1.6422635384615385,0.0,41.6394,-91.5445,204.0,public observation
2022-07-03,IOW,23.49537037037037,16.11111111111111,30.555555555555557,14.212962962962964,59.24375,2.440311282051282,0.0,41.6394,-91.5445,204.0,public observation
2022-07-04,IOW,23.777970679012345,20.0,31.666666666666668,18.653549382716047,73.78567708333334,2.476009078846154,48.26,41.6394,-91.5445,204.0,public observation
2022-07-05,IOW,30.462962962962962,25.555555555555557,35.55555555555556,22.384259259259256,63.430416666666666,3.1097480256410255,0.0,41.6394,-91.5445,204.0,public observation
2022-07-06,IOW,25.478395061728396,21.11111111111111,32.77777777777778,20.17746913580247,73.52319444444444,3.045941109188034,7.111999999999999,41.6394,-91.5445,204.0,public observation
2022-07-07,IOW,24.901774691358025,22.11111111111111,29.444444444444443,20.609799382716048,77.48197916666668,2.727581773931624,0.254,41.6394,-91.5445,204.0,public observation
2022-07-08,IOW,24.468253968253965,23.194444444444443,26.11111111111111,21.05081569664903,81.7799751984127,3.084682269871795,6.35,41.6394,-91.5445,204.0,public observation
2022-07-09,IOW,23.587962962962962,18.333333333333332,28.333333333333332,16.805555555555554,66.29625,3.4829997320124324,0.0,41.6394,-91.5445,204.0,public observation
2022-07-10,IOW,23.680555555555557,17.77777777777778,29.444444444444443,17.453703703703702,69.28958333333334,2.2737765256410256,0.0,41.6394,-91.5445,204.0,public observation
2022-07-11,IOW,25.087962962962962,21.666666666666668,30.0,19.76929012345679,73.4082638888889,3.671523977375566,19.811999999999998,41.6394,-91.5445,204.0,public observation
2022-07-12,IOW,23.958333333333332,18.333333333333332,29.444444444444443,15.347222222222221,59.94208333333333,4.29362876923077,0.0,41.6394,-91.5445,204.0,public observation
2022-07-13,IOW,23.88888888888889,17.77777777777778,30.0,16.01851851851852,63.819583333333334,2.7725563653846153,0.0,41.6394,-91.5445,204.0,public observation
2022-07-14,IOW,24.421296296296294,20.555555555555557,28.88888888888889,17.58101851851852,66.32916666666667,3.3653211666666665,1.016,41.6394,-91.5445,204.0,public observation
2022-07-15,IOW,24.219576719576718,22.22222222222222,27.22222222222222,20.3152557319224,79.11039682539682,3.9349827672653106,9.652,41.6394,-91.5445,204.0,public observation
2022-07-16,IOW,23.371913580246915,21.666666666666668,26.11111111111111,19.45601851851852,78.81284722222223,3.3839532730769233,0.0,41.6394,-91.5445,204.0,public observation
2022-07-17,IOW,24.5108024691358,21.11111111111111,29.444444444444443,18.402777777777775,70.89694444444444,2.09507161965812,0.0,41.6394,-91.5445,204.0,public observation
2022-07-18,IOW,24.953703703703706,17.77777777777778,31.11111111111111,17.38425925925926,65.24541666666666,1.4379424305555555,0.0,41.6394,-91.5445,204.0,public observation
2022-07-19,IOW,26.50462962962963,20.555555555555557,32.22222222222222,19.583333333333332,67.22375,3.0635799743589747,0.0,41.6394,-91.5445,204.0,public observation
2022-07-20,IOW,26.944444444444443,21.666666666666668,30.555555555555557,18.194444444444446,60.39458333333334,4.913599743589743,0.0,41.6394,-91.5445,204.0,public observation
2022-07-21,IOW,26.15740740740741,19.444444444444443,33.333333333333336,17.291666666666668,59.834583333333335,3.8964036526806525,0.0,41.6394,-91.5445,204.0,public observation
2022-07-22,IOW,24.444444444444443,17.22222222222222,32.77777777777778,15.902777777777779,60.70249999999999,2.769396052350427,0.0,41.6394,-91.5445,204.0,public observation
2022-07-23,IOW,29.76851851851852,24.444444444444443,36.666666666666664,21.458333333333332,63.18833333333333,2.9316712564102563,0.0,41.6394,-91.5445,204.0,public observation
2022-07-24,IOW,27.824074074074076,24.444444444444443,32.77777777777778,19.799382716049383,63.22763888888889,3.978197050893551,0.762,41.6394,-91.5445,204.0,public observation
2022-07-25,IOW,22.26851851851852,18.88888888888889,25.555555555555557,13.888888888888888,59.59583333333333,2.039638551282051,0.0,41.6394,-91.5445,204.0,public observation
2022-07-26,IOW,21.594135802469136,15.555555555555555,27.22222222222222,15.368827160493828,68.86536111111111,1.5073069296814297,0.0,41.6394,-91.5445,204.0,public observation
2022-07-27,IOW,24.4266975308642,20.555555555555557,29.444444444444443,17.691358024691358,69.1829861111111,3.6366876642579644,0.0,41.6394,-91.5445,204.0,public observation
2022-07-28,IOW,23.14814814814815,19.444444444444443,27.22222222222222,14.606481481481481,60.694583333333334,3.571978158119658,0.508,41.6394,-91.5445,204.0,public observation
2022-07-29,IOW,20.87962962962963,13.88888888888889,26.666666666666668,12.337962962962962,60.17958333333333,3.1212900384615385,0.0,41.6394,-91.5445,204.0,public observation
2022-07-30,IOW,21.666666666666668,13.88888888888889,28.333333333333332,13.287037037037038,62.03375,1.1331433543317793,0.0,41.6394,-91.5445,204.0,public observation
2022-07-31,IOW,23.37962962962963,16.11111111111111,29.444444444444443,16.203703703703706,65.4175,2.7601899230769233,0.0,41.6394,-91.5445,204.0,public observation
2022-08-01,IOW,25.586419753086417,18.88888888888889,31.666666666666668,17.93016975308642,64.98722222222223,3.8236882581196583,0.7619999999999999,41.6394,-91.5445,204.0,public observation
2022-08-02,IOW,25.755401234567902,20.555555555555557,31.666666666666668,19.77314814814815,70.27583333333332,3.8676509027903467,13.461999999999998,41.6394,-91.5445,204.0,public observation
2022-08-03,IOW,26.547067901234566,24.259259259259263,30.0,21.674382716049383,75.06611111111111,3.974040641452991,2.54,41.6394,-91.5445,204.0,public observation
2022-08-04,IOW,25.972222222222225,20.0,30.555555555555557,17.800925925925927,61.53333333333333,3.2512875789627045,0.0,41.6394,-91.5445,204.0,public observation
2022-08-05,IOW,25.050925925925924,20.555555555555557,30.555555555555557,19.34259259259259,71.32583333333334,2.4987345430911683,0.0,41.6394,-91.5445,204.0,public observation
2022-08-06,IOW,27.666666666666668,22.22222222222222,35.0,22.761574074074076,76.10291666666667,2.877612237179487,0.0,41.6394,-91.5445,204.0,public observation
2022-08-07,IOW,27.140046296296294,23.70370370370371,31.11111111111111,23.035493827160494,78.54916666666666,3.114277153347578,5.588,41.6394,-91.5445,204.0,public observation
2022-08-08,IOW,25.011574074074076,22.22222222222222,27.77777777777778,19.953703703703706,73.9525,3.497433315268065,0.254,41.6394,-91.5445,204.0,public observation
2022-08-09,IOW,21.875,15.555555555555555,27.22222222222222,15.671296296296296,69.81916666666666,1.064026184052059,0.0,41.6394,-91.5445,204.0,public observation
2022-08-10,IOW,22.10648148148148,14.444444444444445,29.444444444444443,14.957561728395062,66.90729166666667,0.7106582179487179,0.0,41.6394,-91.5445,204.0,public observation
2022-08-11,IOW,22.729166666666668,18.333333333333332,26.666666666666668,17.21527777777778,71.79645833333333,1.6660542179487179,0.0,41.6394,-91.5445,204.0,public observation
2022-08-12,IOW,20.71759259259259,17.22222222222222,24.444444444444443,12.986111111111112,61.91583333333333,3.2597941923076923,0.0,41.6394,-91.5445,204.0,public observation
2022-08-13,IOW,23.21759259259259,17.22222222222222,32.22222222222222,16.85185185185185,69.015,3.5912148461538465,0.0,41.6394,-91.5445,204.0,public observation
2022-08-14,IOW,22.645833333333332,20.555555555555557,26.11111111111111,17.45138888888889,72.78291666666667,4.128271769230769,0.0,41.6394,-91.5445,204.0,public observation
2022-08-15,IOW,21.73611111111111,17.77777777777778,24.444444444444443,16.05324074074074,70.93625,2.7515334134615386,0.0,41.6394,-91.5445,204.0,public observation
2022-08-16,IOW,22.546296296296294,17.77777777777778,27.22222222222222,15.370370370370372,66.29208333333334,2.765973420843046,0.0,41.6394,-91.5445,204.0,public observation
2022-08-17,IOW,22.40740740740741,14.444444444444445,27.77777777777778,12.685185185185185,56.72083333333333,1.853092642773893,0.0,41.6394,-91.5445,204.0,public observation
2022-08-18,IOW,21.34259259259259,12.777777777777779,29.444444444444443,13.356481481481481,63.57583333333333,1.2872092393162393,0.0,41.6394,-91.5445,204.0,public observation
2022-08-19,IOW,22.993827160493826,17.96296296296296,28.88888888888889,16.25,67.04208333333334,2.9374187076923075,10.413999999999998,41.6394,-91.5445,204.0,public observation
2022-08-20,IOW,20.897376543209877,17.77777777777778,25.0,16.80787037037037,78.42805555555556,2.5690891308760686,12.7,41.6394,-91.5445,204.0,public observation
2022-08-21,IOW,21.37962962962963,18.333333333333332,26.11111111111111,16.939814814814813,76.92979166666667,3.0235951442307694,0.7619999999999999,41.6394,-91.5445,204.0,public observation
2022-08-22,IOW,21.89814814814815,16.666666666666668,26.666666666666668,15.185185185185185,68.15541666666667,1.142934079059829,0.0,41.6394,-91.5445,204.0,public observation
2022-08-23,IOW,22.083333333333332,16.666666666666668,27.77777777777778,14.675925925925926,65.27958333333333,0.9618593844211345,0.0,41.6394,-91.5445,204.0,public observation
2022-08-24,IOW,22.430555555555557,16.666666666666668,29.444444444444443,16.36574074074074,69.88541666666667,1.0181704166666667,0.0,41.6394,-91.5445,204.0,public observation
2022-08-25,IOW,24.162808641975307,20.0,28.333333333333332,18.572530864197528,71.92840277777778,3.4403442500000003,3.556,41.6394,-91.5445,204.0,public observation
2022-08-26,IOW,23.244598765432098,18.333333333333332,27.22222222222222,17.22608024691358,69.90284722222222,2.7450596790598287,0.0,41.6394,-91.5445,204.0,public observation
2022-08-27,IOW,23.194444444444443,18.333333333333332,31.11111111111111,17.824074074074073,73.7375,3.560847165217391,0.0,41.6394,-91.5445,204.0,public observation
2022-08-28,IOW,24.488425925925924,21.11111111111111,30.0,18.69212962962963,70.61576388888888,3.799159517948718,2.54,41.6394,-91.5445,204.0,public observation
2022-08-29,IOW,25.043209876543212,22.77777777777778,28.88888888888889,19.675925925925927,73.60875,3.221795487762238,0.0,41.6394,-91.5445,204.0,public observation
2022-08-30,IOW,21.550925925925924,13.88888888888889,27.77777777777778,12.870370370370372,61.70708333333334,3.6836883536324785,0.0,41.6394,-91.5445,204.0,public observation
2022-08-31,IOW,21.944444444444443,13.88888888888889,31.11111111111111,12.893518518518519,60.375,2.051817623251748,0.0,41.6394,-91.5445,204.0,public observation
2022-09-01,IOW,23.240740740740744,17.22222222222222,31.11111111111111,15.277777777777779,63.4325,2.201226730769231,0.0,41.6394,-91.5445,204.0,public observation
2022-09-02,IOW,24.953703703703706,20.0,32.77777777777778,17.61574074074074,64.73958333333333,2.6624950288461537,0.0,41.6394,-91.5445,204.0,public observation
2022-09-03,IOW,23.715277777777775,20.555555555555557,26.666666666666668,18.03240740740741,70.58916666666667,3.1793534294871795,0.0,41.6394,-91.5445,204.0,public observation
2022-09-04,IOW,20.70216049382716,17.77777777777778,23.518518518518515,16.07253086419753,74.96965277777778,3.776774294444445,0.0,41.6394,-91.5445,204.0,public observation
2022-09-05,IOW,20.912422839506174,17.77777777777778,24.444444444444443,15.993827160493828,74.1709375,3.0700997483294485,0.0,41.6394,-91.5445,204.0,public observation
2022-09-06,IOW,21.709104938271604,16.574074074074076,26.11111111111111,16.09182098765432,72.05652777777777,1.0187024294612794,0.0,41.6394,-91.5445,204.0,public observation
2022-09-07,IOW,21.6358024691358,14.81481481481481,29.444444444444443,15.095679012345679,69.36966666666667,1.319486902874903,0.0,41.6394,-91.5445,204.0,public observation
2022-09-08,IOW,21.77876984126984,14.301587301587299,29.444444444444443,14.403769841269842,67.46123313492063,1.9050319963141025,0.0,41.6394,-91.5445,204.0,public observation
2022-09-09,IOW,21.944444444444443,15.0,30.555555555555557,13.958333333333334,64.105,2.7486479102564103,0.0,41.6394,-91.5445,204.0,public observation
2022-09-10,IOW,19.25192901234568,15.0,23.333333333333332,14.777777777777779,75.72682638888888,2.431012034443416,2.032,41.6394,-91.5445,204.0,public observation
2022-09-11,IOW,17.744212962962962,14.444444444444445,23.333333333333332,11.008873456790122,68.85260416666667,5.541197152570387,31.496,41.6394,-91.5445,204.0,public observation
2022-09-12,IOW,17.546296296296294,14.444444444444445,22.22222222222222,8.63425925925926,56.74875,3.562449751864802,0.0,41.6394,-91.5445,204.0,public observation
2022-09-13,IOW,17.61574074074074,10.0,26.666666666666668,10.023148148148147,65.545,1.3286680494366745,0.0,41.6394,-91.5445,204.0,public observation
2022-09-14,IOW,18.641975308641975,10.0,28.88888888888889,11.996913580246913,69.26194444444444,1.5779580384615386,0.0,41.6394,-91.5445,204.0,public observation
2022-09-15,IOW,21.78240740740741,15.0,30.0,14.675925925925926,66.90416666666667,2.444983049145299,0.0,41.6394,-91.5445,204.0,public observation
2022-09-16,IOW,22.152777777777775,16.11111111111111,30.0,15.694444444444445,70.19708333333334,2.7272127435897437,0.0,41.6394,-91.5445,204.0,public observation
2022-09-17,IOW,21.11381172839506,19.444444444444443,23.88888888888889,17.915895061728396,82.36774305555555,2.767376200106838,8.382,41.6394,-91.5445,204.0,public observation
2022-09-18,IOW,22.89351851851852,18.333333333333332,29.444444444444443,18.51851851851852,77.77166666666666,3.1693101116987177,6.603999999999999,41.6394,-91.5445,204.0,public observation
2022-09-19,IOW,23.547453703703706,17.22222222222222,29.444444444444443,18.234953703703706,73.82197916666667,2.5677324804050117,0.0,41.6394,-91.5445,204.0,public observation
2022-09-20,IOW,26.828703703703706,20.0,36.111111111111114,18.796296296296294,66.66250000000001,3.2119772820512824,0.0,41.6394,-91.5445,204.0,public observation
2022-09-21,IOW,24.787808641975307,20.555555555555557,28.333333333333332,15.046296296296296,56.748333333333335,3.924991012820513,0.0,41.6394,-91.5445,204.0,public observation
2022-09-22,IOW,16.11111111111111,12.222222222222221,20.0,6.643518518518519,54.719166666666666,4.372774000000001,0.0,41.6394,-91.5445,204.0,public observation
2022-09-23,IOW,12.476851851851853,10.0,15.0,7.951388888888889,74.34666666666666,2.764194294871795,0.508,41.6394,-91.5445,204.0,public observation
2022-09-24,IOW,14.900462962962962,10.92592592592592,24.444444444444443,11.46141975308642,82.60875,2.6672669052350426,0.0,41.6394,-91.5445,204.0,public observation
2022-09-25,IOW,19.28240740740741,12.222222222222221,24.444444444444443,8.26388888888889,51.703333333333326,5.868588882284382,0.0,41.6394,-91.5445,204.0,public observation
2022-09-26,IOW,14.976851851851853,9.444444444444445,20.555555555555557,2.569444444444444,45.94833333333333,5.444532333333334,0.0,41.6394,-91.5445,204.0,public observation
2022-09-27,IOW,12.708333333333334,6.111111111111111,20.0,1.6898148148148149,51.27666666666667,3.3339928461538464,0.0,41.6394,-91.5445,204.0,public observation
2022-09-28,IOW,10.787037037037038,5.0,17.77777777777778,1.7291666666666667,56.48833333333334,2.5014248242488994,0.0,41.6394,-91.5445,204.0,public observation
2022-09-29,IOW,11.180555555555555,3.888888888888889,19.444444444444443,2.9166666666666665,60.42583333333334,1.8788872926379179,0.0,41.6394,-91.5445,204.0,public observation
2022-09-30,IOW,12.453703703703704,3.888888888888889,22.22222222222222,4.791666666666667,63.73875,1.4353317371794871,0.0,41.6394,-91.5445,204.0,public observation
2022-10-01,IOW,14.629629629629628,8.333333333333334,23.333333333333332,7.037037037037037,63.994166666666665,1.28624740491453,0.0,41.6394,-91.5445,204.0,public observation
2022-10-02,IOW,16.875,10.555555555555555,24.444444444444443,8.425925925925926,60.439166666666665,1.7459917575757575,0.0,41.6394,-91.5445,204.0,public observation
2022-10-03,IOW,16.22685185185185,9.444444444444445,23.88888888888889,7.893518518518519,62.031666666666666,2.027134704059829,0.0,41.6394,-91.5445,204.0,public observation
2022-10-04,IOW,14.351851851851853,5.555555555555555,25.0,4.583333333333333,58.37833333333333,1.411423282051282,0.0,41.6394,-91.5445,204.0,public observation
2022-10-05,IOW,12.824074074074074,5.555555555555555,23.333333333333332,5.7407407407407405,64.60708333333334,0.7963988846153846,0.0,41.6394,-91.5445,204.0,public observation
2022-10-06,IOW,14.120370370370372,8.333333333333334,22.22222222222222,9.710648148148149,77.03166666666667,2.611792615384615,0.0,41.6394,-91.5445,204.0,public observation
2022-10-07,IOW,10.069444444444445,5.555555555555555,14.444444444444445,1.5231481481481481,57.395833333333336,4.5070186014957265,0.0,41.6394,-91.5445,204.0,public observation
2022-10-08,IOW,7.56712962962963,-0.6111111111111119,16.11111111111111,-1.2199074074074077,60.07833333333334,2.585410871794872,0.0,41.6394,-91.5445,204.0,public observation
2022-10-09,IOW,11.018518518518519,2.2222222222222223,22.77777777777778,1.171296296296296,55.249583333333334,1.4071637297008548,0.0,41.6394,-91.5445,204.0,public observation
2022-10-10,IOW,13.912037037037036,4.444444444444445,24.444444444444443,4.791666666666667,60.33291666666667,0.8408681114996114,0.0,41.6394,-91.5445,204.0,public observation
2022-10-11,IOW,14.063271604938272,8.88888888888889,19.166666666666668,10.229166666666666,78.594375,2.4787453995726496,1.524,41.6394,-91.5445,204.0,public observation
2022-10-12,IOW,16.805555555555554,11.666666666666666,20.555555555555557,10.092592592592593,68.11291666666666,5.619201460683761,3.3019999999999996,41.6394,-91.5445,204.0,public observation
2022-10-13,IOW,7.291666666666667,2.7777777777777777,10.555555555555555,-1.3472222222222223,57.79958333333334,5.17741717948718,0.0,41.6394,-91.5445,204.0,public observation
2022-10-14,IOW,5.668981481481481,-0.6111111111111119,15.0,-2.3634259259259256,60.614583333333336,3.1163434615384613,0.254,41.6394,-91.5445,204.0,public observation
2022-10-15,IOW,5.548611111111111,-2.2222222222222223,15.555555555555555,-1.2337962962962965,66.80958333333334,3.5351536410256412,0.0,41.6394,-91.5445,204.0,public observation
2022-10-16,IOW,8.657407407407407,2.2222222222222223,12.777777777777779,0.04861111111111118,57.04666666666666,4.48489641025641,0.0,41.6394,-91.5445,204.0,public observation
2022-10-17,IOW,3.9305555555555554,-0.6111111111111119,8.88888888888889,-6.013888888888889,49.2525,6.771863807692308,0.0,41.6394,-91.5445,204.0,public observation
2022-10-18,IOW,2.4112654320987654,-3.277777777777777,9.444444444444445,-7.860339506172839,49.82333333333333,6.016466549572649,0.0,41.6394,-91.5445,204.0,public observation
2022-10-19,IOW,1.4537037037037035,-6.722222222222223,8.88888888888889,-9.782407407407407,47.09291666666667,4.052345739316239,0.0,41.6394,-91.5445,204.0,public observation
2022-10-20,IOW,7.377314814814814,-1.722222222222223,20.555555555555557,-6.165895061728396,39.66458333333333,1.8782427386752136,0.0,41.6394,-91.5445,204.0,public observation
2022-10-21,IOW,12.638888888888888,1.1111111111111112,28.88888888888889,0.8449074074074073,54.21875,2.253990217948718,0.0,41.6394,-91.5445,204.0,public observation
2022-10-22,IOW,17.15277777777778,5.555555555555555,29.444444444444443,5.277777777777778,48.8725,2.779976230769231,0.0,41.6394,-91.5445,204.0,public observation
2022-10-23,IOW,20.28240740740741,15.0,25.0,11.909722222222221,59.848749999999995,6.346575967948719,0.0,41.6394,-91.5445,204.0,public observation
2022-10-24,IOW,19.771604938271604,12.777777777777779,22.77777777777778,14.782407407407407,73.68958333333333,5.3571349559829065,5.8420000000000005,41.6394,-91.5445,204.0,public observation
2022-10-25,IOW,8.622685185185185,7.222222222222222,12.40740740740741,5.007716049382716,78.90597222222222,4.261091285470085,9.905999999999999,41.6394,-91.5445,204.0,public observation
2022-10-26,IOW,7.106481481481482,0.5555555555555556,13.88888888888889,1.7685185185185184,70.89,3.548888779040404,0.0,41.6394,-91.5445,204.0,public observation
2022-10-27,IOW,8.125,3.3333333333333335,14.444444444444445,2.1296296296296298,68.79416666666667,2.3463263205128206,0.0,41.6394,-91.5445,204.0,public observation
2022-10-28,IOW,8.912037037037036,2.2222222222222223,17.22222222222222,2.5925925925925926,67.48041666666667,1.665897183760684,0.0,41.6394,-91.5445,204.0,public observation
2022-10-29,IOW,8.012962962962964,0.5555555555555556,18.88888888888889,2.0953703703703703,69.85366666666667,0.5174669081196581,0.0,41.6394,-91.5445,204.0,public observation
2022-10-30,IOW,11.736111111111112,6.666666666666667,17.77777777777778,5.694444444444444,68.13541666666667,0.842566935897436,0.0,41.6394,-91.5445,204.0,public observation
2022-10-31,IOW,12.013888888888888,6.666666666666667,20.0,5.972222222222222,69.42708333333333,1.2736686095571097,0.0,41.6394,-91.5445,204.0,public observation
2022-11-01,IOW,10.242476851851853,0.777777777777777,23.333333333333332,1.9195601851851851,63.38692708333334,1.6632864903846152,0.0,41.6394,-91.5445,204.0,public observation
2022-11-02,IOW,12.986111111111112,5.0,25.0,4.814814814814815,61.81458333333333,1.991821641025641,0.0,41.6394,-91.5445,204.0,public observation
2022-11-03,IOW,16.62037037037037,11.11111111111111,23.333333333333332,9.768518518518519,64.6275,4.923942586247086,0.0,41.6394,-91.5445,204.0,public observation
2022-11-04,IOW,15.478716563786008,9.319444444444445,20.0,11.03073559670782,76.12172453703704,4.332482953205129,25.907999999999998,41.6394,-91.5445,204.0,public observation
2022-11-05,IOW,8.768287037037036,6.111111111111111,10.185185185185187,7.334413580246913,91.03450694444444,4.845609771219834,30.226,41.6394,-91.5445,204.0,public observation
2022-11-06,IOW,9.88425925925926,5.555555555555555,15.555555555555555,2.2453703703703702,61.71041666666667,4.784988743589744,0.0,41.6394,-91.5445,204.0,public observation
2022-11-07,IOW,6.527777777777778,2.2222222222222223,11.11111111111111,-4.578703703703704,45.867916666666666,2.9514575641025638,0.0,41.6394,-91.5445,204.0,public observation
2022-11-08,IOW,7.75462962962963,2.7777777777777777,15.0,-0.13888888888888887,59.32916666666667,4.478300974358974,0.0,41.6394,-91.5445,204.0,public observation
2022-11-09,IOW,16.074074074074073,10.555555555555555,25.0,8.3125,60.049791666666664,4.419059826923077,0.0,41.6394,-91.5445,204.0,public observation
2022-11-10,IOW,18.18799603174603,8.206349206349204,22.77777777777778,14.357804232804233,78.72153273809523,5.259867729737515,9.905999999999999,41.6394,-91.5445,204.0,public observation
2022-11-11,IOW,-0.1324845679012345,-4.388888888888888,6.111111111111111,-3.8880401234567903,76.35661805555556,6.996873284630048,29.718,41.6394,-91.5445,204.0,public observation
2022-11-12,IOW,-1.2129629629629632,-2.2222222222222223,0.5555555555555556,-5.771219135802469,71.3325,5.877766102991454,0.0,41.6394,-91.5445,204.0,public observation
2022-11-13,IOW,-2.240740740740741,-6.722222222222223,0.5555555555555556,-7.766203703703703,66.62583333333333,2.7496097446581196,0.0,41.6394,-91.5445,204.0,public observation
2022-11-14,IOW,-1.3333333333333333,-5.0,4.444444444444445,-6.076388888888889,71.06,2.3430286025641025,0.0,41.6394,-91.5445,204.0,public observation
2022-11-15,IOW,0.9639274691358026,-0.4583333333333329,2.2222222222222223,-1.935763888888889,81.75975694444445,2.0595153845651084,2.54,41.6394,-91.5445,204.0,public observation
2022-11-16,IOW,-1.0215663580246916,-2.2222222222222223,0.6444444444444465,-3.024537037037037,86.36107638888889,4.920318189601139,0.762,41.6394,-91.5445,204.0,public observation
2022-11-17,IOW,-2.575733024691358,-6.111111111111111,1.1111111111111112,-5.766396604938272,78.86527083333333,5.560448678026018,0.0,41.6394,-91.5445,204.0,public observation
2022-11-18,IOW,-5.097993827160494,-6.722222222222223,-2.2222222222222223,-9.427083333333334,71.74881944444444,6.9093001290598295,0.0,41.6394,-91.5445,204.0,public observation
2022-11-19,IOW,-5.259182098765431,-7.777777777777778,-1.722222222222223,-11.952854938271605,60.40573611111111,7.1314901110356965,0.0,41.6394,-91.5445,204.0,public observation
2022-11-20,IOW,-4.664351851851852,-11.11111111111111,6.111111111111111,-11.856481481481481,60.17458333333334,3.736314435897436,0.0,41.6394,-91.5445,204.0,public observation
2022-11-21,IOW,2.5208333333333335,-2.2222222222222223,8.333333333333334,-6.62037037037037,52.26458333333333,4.034757910256411,0.0,41.6394,-91.5445,204.0,public observation
2022-11-22,IOW,0.4074074074074073,-6.111111111111111,11.666666666666666,-5.3032407407407405,69.69500000000001,0.8095897564102564,0.0,41.6394,-91.5445,204.0,public observation
2022-11-23,IOW,2.6435185185185186,-4.388888888888888,14.444444444444445,-1.590277777777778,74.83333333333333,1.1562623557692309,0.0,41.6394,-91.5445,204.0,public observation
2022-11-24,IOW,6.3061342592592595,-0.15277777777777699,12.222222222222221,4.15432098765432,86.53168749999999,1.4264043435897438,0.0,41.6394,-91.5445,204.0,public observation
2022-11-25,IOW,3.5833333333333335,-3.888888888888889,11.11111111111111,-1.4305555555555554,73.14291666666666,3.84725908974359,0.0,41.6394,-91.5445,204.0,public observation
2022-11-26,IOW,2.5462962962962963,-5.0,12.777777777777779,-3.2037037037037037,68.83041666666666,1.9621421794871796,0.0,41.6394,-91.5445,204.0,public observation
2022-11-27,IOW,6.157407407407407,5.0,8.333333333333334,0.523148148148148,67.71791666666667,2.9926790384615387,3.048,41.6394,-91.5445,204.0,public observation
2022-11-28,IOW,1.064814814814815,-6.111111111111111,9.444444444444445,-3.113425925925926,75.57541666666667,2.1237303589743592,0.0,41.6394,-91.5445,204.0,public observation
2022-11-29,IOW,5.366512345679013,0.2777777777777778,14.629629629629632,2.9421296296296298,85.01930555555556,4.383530841880342,0.0,41.6394,-91.5445,204.0,public observation
2022-11-30,IOW,-4.351851851851852,-6.722222222222223,-1.722222222222223,-10.912037037037036,60.79458333333333,8.852017179487179,0.0,41.6394,-91.5445,204.0,public observation
2022-12-01,IOW,-5.333333333333333,-11.11111111111111,3.888888888888889,-11.120370370370372,66.82166666666667,3.6357340384615386,0.0,41.6394,-91.5445,204.0,public observation
2022-12-02,IOW,4.395833333333333,-2.7777777777777777,13.333333333333334,-3.3194444444444446,57.864583333333336,4.915248602564103,0.0,41.6394,-91.5445,204.0,public observation
2022-12-03,IOW,-3.4429012345679015,-9.38888888888889,11.666666666666666,-10.285493827160494,59.72347222222222,7.042123571153847,0.0,41.6394,-91.5445,204.0,public observation
2022-12-04,IOW,-4.319444444444445,-10.61111111111111,5.555555555555555,-11.083333333333334,61.98708333333334,1.8081112702991453,0.0,41.6394,-91.5445,204.0,public observation
2022-12-05,IOW,-3.700743415417188e-17,-6.111111111111111,6.666666666666667,-6.0092592592592595,64.565,1.1047355128205127,0.0,41.6394,-91.5445,204.0,public observation
2022-12-06,IOW,2.111111111111111,-1.1111111111111112,6.111111111111111,-3.326388888888889,67.44916666666667,3.1439532838578086,0.0,41.6394,-91.5445,204.0,public observation
2022-12-07,IOW,-0.8939814814814815,-6.722222222222223,8.333333333333334,-3.9420138888888894,82.23370486111111,0.985902893149824,0.0,41.6394,-91.5445,204.0,public observation
2022-12-08,IOW,0.02353395061728399,-3.277777777777777,5.555555555555555,-2.378086419753086,84.45986111111111,3.1615771594017095,0.0,41.6394,-91.5445,204.0,public observation
2022-12-09,IOW,2.6080246913580245,1.1111111111111112,3.888888888888889,1.2708333333333333,91.30250000000001,3.7982649426753397,13.716,41.6394,-91.5445,204.0,public observation
2022-12-10,IOW,3.1439043209876547,2.7777777777777777,4.166666666666667,2.265817901234568,94.08885416666665,2.1805571057692306,0.254,41.6394,-91.5445,204.0,public observation
2022-12-11,IOW,1.6435185185185184,0.5555555555555556,2.7777777777777777,-1.7430555555555556,78.23208333333334,2.321518487762238,0.0,41.6394,-91.5445,204.0,public observation
2022-12-12,IOW,1.2708333333333333,0.5555555555555556,2.2222222222222223,-2.351851851851852,76.664375,3.925933217948718,0.0,41.6394,-91.5445,204.0,public observation
2022-12-13,IOW,2.111496913580247,1.1111111111111112,2.7777777777777777,-0.46759259259259284,83.19586805555555,6.152676041346154,10.16,41.6394,-91.5445,204.0,public observation
2022-12-14,IOW,6.5844907407407405,3.888888888888889,10.805555555555557,5.073302469135802,90.8098611111111,4.091876151762821,4.572,41.6394,-91.5445,204.0,public observation
2022-12-15,IOW,0.832445987654321,-1.8777777777777773,4.444444444444445,-2.846720679012346,76.433875,5.153393630685532,0.0,41.6394,-91.5445,204.0,public observation
2022-12-16,IOW,-3.3027777777777776,-4.877777777777778,-1.722222222222223,-7.735185185185185,71.49691666666666,7.767774628205128,0.0,41.6394,-91.5445,204.0,public observation
2022-12-17,IOW,-5.700810185185186,-7.166666666666667,-3.888888888888889,-9.866512345679013,72.46052083333333,7.517468021260684,0.0,41.6394,-91.5445,204.0,public observation
2022-12-18,IOW,-9.752314814814815,-13.277777777777779,-6.111111111111111,-14.427083333333334,69.055625,5.075187923076923,0.0,41.6394,-91.5445,204.0,public observation
2022-12-19,IOW,-8.391203703703704,-12.222222222222221,-1.722222222222223,-12.960648148148147,69.88125000000001,2.7469990512820512,0.0,41.6394,-91.5445,204.0,public observation
2022-12-20,IOW,-5.627700617283952,-11.722222222222221,-1.722222222222223,-10.591820987654321,68.41541666666667,3.8111961884615386,0.0,41.6394,-91.5445,204.0,public observation
2022-12-21,IOW,-12.065972222222221,-15.555555555555555,-5.0,-16.47164351851852,69.85302083333333,3.1459934791666666,0.0,41.6394,-91.5445,204.0,public observation
2022-12-22,IOW,-13.234496252204586,-21.944444444444443,-3.6269841269841265,-16.213618827160495,78.32136706349206,6.846416316162855,2.286,41.6394,-91.5445,204.0,public observation
2022-12-23,IOW,-21.160989858906525,-22.88888888888889,-18.27777777777778,-25.272558421516752,69.54725892857142,10.385996061595023,0.0,41.6394,-91.5445,204.0,public observation
2022-12-24,IOW,-15.30073302469136,-18.88888888888889,-10.0,-20.23900462962963,66.49565972222221,8.647542963247863,0.0,41.6394,-91.5445,204.0,public observation
2022-12-25,IOW,-13.891203703703704,-16.72222222222222,-10.0,-20.300925925925927,58.434583333333336,5.904563987179487,0.0,41.6394,-91.5445,204.0,public observation
2022-12-26,IOW,-9.220447530864197,-13.88888888888889,-7.777777777777778,-12.471720679012344,77.78644444444444,3.676985245396556,1.27,41.6394,-91.5445,204.0,public observation
2022-12-27,IOW,-13.275462962962962,-20.0,-4.388888888888888,-16.479166666666668,77.57375,3.345534858974359,0.0,41.6394,-91.5445,204.0,public observation
2022-12-28,IOW,0.349537037037037,-6.111111111111111,6.666666666666667,-5.101851851851852,67.37916666666666,5.098271948717949,0.0,41.6394,-91.5445,204.0,public observation
2022-12-29,IOW,8.680555555555555,2.2222222222222223,17.22222222222222,5.152777777777778,78.98458333333333,3.8368948333333335,0.0,41.6394,-91.5445,204.0,public observation
2022-12-30,IOW,2.3649691358024687,-1.722222222222223,12.222222222222221,-1.1296296296296293,78.30319444444444,4.8985009064102565,0.0,41.6394,-91.5445,204.0,public observation
2022-12-31,IOW,-2.3981481481481484,-6.111111111111111,3.3333333333333335,-4.199074074074074,87.85291666666667,1.8978366794871795,0.0,41.6394,-91.5445,204.0,public observation
2023-01-01,IOW,1.3688271604938274,-3.888888888888889,5.555555555555555,-0.6844135802469137,86.575,0.6493206641025642,0.0,41.6394,-91.5445,204.0,public observation
2023-01-02,IOW,2.587962962962963,-2.2222222222222223,6.666666666666667,-0.5046296296296297,80.66020833333333,1.8767548397435896,0.0,41.6394,-91.5445,204.0,public observation
2023-01-03,IOW,4.337577160493827,2.2222222222222223,8.333333333333334,3.4189814814814814,94.06375000000001,4.051130360131767,9.398,41.6394,-91.5445,204.0,public observation
2023-01-04,IOW,0.7756172839506169,-0.74074074074074,3.888888888888889,-1.4274691358024694,85.32962500000001,4.641812668694486,0.0,41.6394,-91.5445,204.0,public observation
2023-01-05,IOW,-1.2719907407407411,-2.2222222222222223,0.0,-3.3605324074074066,85.76100694444445,5.526959905787037,0.0,41.6394,-91.5445,204.0,public observation
2023-01-06,IOW,-5.121527777777778,-9.38888888888889,-1.1111111111111112,-7.923996913580247,81.01215277777779,3.126252318803419,0.0,41.6394,-91.5445,204.0,public observation
2023-01-07,IOW,-7.680555555555556,-10.61111111111111,-5.611111111111112,-9.693672839506172,85.58236111111113,2.3003859688034187,0.0,41.6394,-91.5445,204.0,public observation
2023-01-08,IOW,-4.029541446208113,-6.722222222222223,-1.0740740740740762,-5.351686507936509,90.83766865079366,1.466605508974359,0.0,41.6394,-91.5445,204.0,public observation
2023-01-09,IOW,-2.657407407407408,-8.88888888888889,9.444444444444445,-5.5532407407407405,81.60083333333334,1.2003693333333334,0.0,41.6394,-91.5445,204.0,public observation
2023-01-10,IOW,0.5350308641975308,-4.388888888888888,5.0,-2.476388888888889,81.48486111111112,1.5115914647435897,0.0,41.6394,-91.5445,204.0,public observation
2023-01-11,IOW,3.310185185185185,0.0,8.88888888888889,-0.4768518518518521,76.76916666666666,2.031669066239316,0.0,41.6394,-91.5445,204.0,public observation
2023-01-12,IOW,0.18904320987654324,-2.7777777777777777,2.2222222222222223,-1.7843364197530864,86.46625,5.640636627350427,0.0,41.6394,-91.5445,204.0,public observation
2023-01-13,IOW,-3.4861111111111107,-5.611111111111112,-1.722222222222223,-6.903935185185186,77.45083333333334,5.592701941452991,0.0,41.6394,-91.5445,204.0,public observation
2023-01-14,IOW,-3.34375,-7.222222222222222,3.3333333333333335,-6.87962962962963,77.79520833333333,3.095083887645688,0.0,41.6394,-91.5445,204.0,public observation
2023-01-15,IOW,1.7175925925925923,-1.722222222222223,7.222222222222222,-2.8842592592592595,72.14291666666666,4.784988743589744,0.0,41.6394,-91.5445,204.0,public observation
2023-01-16,IOW,7.08912037037037,4.444444444444445,12.777777777777779,3.534722222222222,78.72972222222222,5.006672925373931,6.604,41.6394,-91.5445,204.0,public observation
2023-01-17,IOW,3.3506944444444446,2.2222222222222223,7.777777777777778,1.034722222222222,85.00500000000001,7.004847580769231,0.0,41.6394,-91.5445,204.0,public observation
2023-01-18,IOW,1.6666666666666667,1.1111111111111112,2.2222222222222223,-1.0694444444444449,82.00033333333333,4.649548228605769,4.064,41.6394,-91.5445,204.0,public observation
2023-01-19,IOW,0.9772376543209876,0.5555555555555556,1.7777777777777795,-0.14120370370370391,92.47784722222222,4.404576252001634,10.16,41.6394,-91.5445,204.0,public observation
2023-01-20,IOW,-0.9930555555555559,-2.7777777777777777,0.5555555555555556,-3.8680555555555554,80.86916666666667,6.408847875213675,0.0,41.6394,-91.5445,204.0,public observation
2023-01-21,IOW,-3.3699845679012346,-5.0,-1.1111111111111112,-4.590856481481482,91.33003472222221,2.0850606901709403,0.0,41.6394,-91.5445,204.0,public observation
2023-01-22,IOW,-1.3325231481481483,-2.2222222222222223,0.0,-3.0592592592592585,88.18174305555556,1.75266118988604,2.286,41.6394,-91.5445,204.0,public observation
2023-01-23,IOW,-5.294753086419753,-8.88888888888889,-1.9722222222222225,-6.7719907407407405,89.55173611111111,4.1022904628205135,0.0,41.6394,-91.5445,204.0,public observation
2023-01-24,IOW,0.1952160493827159,-2.7777777777777777,3.3333333333333335,-2.3651620370370376,83.49517361111111,2.2633582887286328,0.0,41.6394,-91.5445,204.0,public observation
2023-01-25,IOW,-0.03341049382716101,-1.4777777777777779,1.1111111111111112,-1.9138503086419758,87.15711111111112,2.1460263270173456,4.064,41.6394,-91.5445,204.0,public observation
2023-01-26,IOW,-8.025462962962964,-11.11111111111111,-2.5,-11.392361111111112,76.98694444444443,6.765158447863247,0.0,41.6394,-91.5445,204.0,public observation
2023-01-27,IOW,-4.425925925925926,-12.222222222222221,2.7777777777777777,-7.769444444444445,77.74845833333333,4.929473632661456,0.254,41.6394,-91.5445,204.0,public observation
2023-01-28,IOW,-6.301669973544974,-7.809523809523808,-3.888888888888889,-9.809468694885362,76.51652281746031,4.097650847017974,0.0,41.6394,-91.5445,204.0,public observation
2023-01-29,IOW,-9.382716049382717,-12.777777777777779,-6.111111111111111,-13.582561728395062,72.03166666666667,5.474415939316239,0.0,41.6394,-91.5445,204.0,public observation
2023-01-30,IOW,-12.708333333333334,-13.88888888888889,-11.11111111111111,-19.36111111111111,57.87166666666667,4.968012089743589,0.0,41.6394,-91.5445,204.0,public observation
2023-01-31,IOW,-14.55324074074074,-18.88888888888889,-7.777777777777778,-19.685185185185187,65.85833333333333,2.4716396025641028,0.0,41.6394,-91.5445,204.0,public observation
2023-02-01,IOW,-9.24074074074074,-16.72222222222222,1.1111111111111112,-14.743055555555555,66.43916666666667,2.0449973429487183,0.0,41.6394,-91.5445,204.0,public observation
2023-02-02,IOW,-4.006944444444445,-8.277777777777779,0.5555555555555556,-10.581018518518519,60.587916666666665,4.264636332264957,0.0,41.6394,-91.5445,204.0,public observation
2023-02-03,IOW,-15.395833333333334,-20.0,-10.0,-21.791666666666668,58.395833333333336,4.102136283799534,0.0,41.6394,-91.5445,204.0,public observation
2023-02-04,IOW,-3.8703703703703702,-13.277777777777779,11.11111111111111,-10.002314814814815,63.68333333333334,3.6022072393162397,0.0,41.6394,-91.5445,204.0,public observation
2023-02-05,IOW,2.4745370370370368,-2.7777777777777777,6.666666666666667,-2.2939814814814814,71.59791666666666,4.097414551282052,0.0,41.6394,-91.5445,204.0,public observation
2023-02-06,IOW,0.386574074074074,-6.111111111111111,10.0,-3.25,78.36708333333333,3.757309906837607,0.0,41.6394,-91.5445,204.0,public observation
2023-02-07,IOW,5.146604938271605,1.6666666666666667,10.0,0.10030864197530857,70.74909722222222,6.356696821367522,0.0,41.6394,-91.5445,204.0,public observation
2023-02-08,IOW,-0.16203703703703706,-5.611111111111112,8.88888888888889,-4.944444444444445,73.48125,1.1772853076923078,0.0,41.6394,-91.5445,204.0,public observation
2023-02-09,IOW,2.288425925925926,0.777777777777777,5.0,-0.19143518518518535,84.4474861111111,5.390024573514748,25.654,41.6394,-91.5445,204.0,public observation
2023-02-10,IOW,-2.277777777777778,-7.222222222222222,1.1111111111111112,-6.953703703703703,71.13541666666667,5.137020134615384,0.0,41.6394,-91.5445,204.0,public observation
2023-02-11,IOW,-2.451388888888889,-8.277777777777779,7.222222222222222,-6.979166666666667,74.04291666666667,1.404827846153846,0.0,41.6394,-91.5445,204.0,public observation
2023-02-12,IOW,1.4791666666666667,-6.111111111111111,11.666666666666666,-3.7314814814814814,70.6475,1.418018717948718,0.0,41.6394,-91.5445,204.0,public observation
2023-02-13,IOW,3.6782407407407405,-2.7777777777777777,10.555555555555555,-2.1574074074074074,67.8425,2.7790143963675216,0.0,41.6394,-91.5445,204.0,public observation
2023-02-14,IOW,3.9907407407407405,-1.722222222222223,9.444444444444445,0.48842592592592604,78.244375,2.890214230769231,3.556,41.6394,-91.5445,204.0,public observation
2023-02-15,IOW,4.10108024691358,0.1851851851851865,8.88888888888889,0.902777777777778,79.75854166666666,7.66792443974359,0.0,41.6394,-91.5445,204.0,public observation
2023-02-16,IOW,-1.8550429894179896,-2.922222222222223,-0.6111111111111119,-3.9892140652557315,85.57631150793651,5.787529028125523,0.0,41.6394,-91.5445,204.0,public observation
2023-02-17,IOW,-10.031635802469136,-16.11111111111111,-3.4814814814814827,-14.202932098765432,72.02333333333333,3.9604493324786323,0.0,41.6394,-91.5445,204.0,public observation
2023-02-18,IOW,-2.196759259259259,-11.722222222222221,6.111111111111111,-7.171296296296297,69.88083333333334,1.8796992307692308,0.0,41.6394,-91.5445,204.0,public observation
2023-02-19,IOW,4.040404040404041,1.1111111111111112,5.555555555555555,-2.419191919191919,63.075,4.358340509847641,0.0,41.6394,-91.5445,204.0,public observation
2023-02-20,IOW,0.29432870370370373,-5.811111111111112,7.777777777777778,-2.546527777777778,82.41910416666667,2.103997050320513,0.0,41.6394,-91.5445,204.0,public observation
2023-02-21,IOW,-1.1643518518518519,-7.222222222222222,3.888888888888889,-7.349537037037037,63.27583333333334,4.859187397435897,0.0,41.6394,-91.5445,204.0,public observation
2023-02-22,IOW,0.8333333333333334,0.0,1.6666666666666667,-3.6435185185185186,72.839375,5.8042583995726496,8.128,41.6394,-91.5445,204.0,public observation
2023-02-23,IOW,-0.7395833333333331,-5.0,1.1111111111111112,-3.4324845679012346,82.51135416666666,6.869746161485043,2.54,41.6394,-91.5445,204.0,public observation
2023-02-24,IOW,-8.337962962962964,-12.222222222222221,-3.277777777777777,-12.982638888888888,69.46249999999999,4.275726871794872,0.0,41.6394,-91.5445,204.0,public observation
2023-02-25,IOW,-1.9837962962962965,-7.777777777777778,4.444444444444445,-7.094907407407407,69.36,2.6050794038461538,0.0,41.6394,-91.5445,204.0,public observation
2023-02-26,IOW,1.2199074074074072,-6.111111111111111,11.666666666666666,-3.530092592592593,72.93416666666667,1.4559424743589744,0.0,41.6394,-91.5445,204.0,public observation
2023-02-27,IOW,7.544918430335096,5.0,8.587301587301587,5.506723985890653,87.5178373015873,5.351550927012108,41.148,41.6394,-91.5445,204.0,public observation
2023-02-28,IOW,4.672067901234568,1.1111111111111112,8.88888888888889,0.1840277777777776,74.08916666666667,4.024637056837607,0.0,41.6394,-91.5445,204.0,public observation
2023-03-01,IOW,6.823302469135803,1.1111111111111112,13.88888888888889,0.986111111111111,71.32520833333334,3.7683137206682207,0.0,41.6394,-91.5445,204.0,public observation
2023-03-02,IOW,2.2337962962962963,0.0,5.555555555555555,-2.597222222222222,70.64041666666667,3.9110895613247862,0.0,41.6394,-91.5445,204.0,public observation
2023-03-03,IOW,2.842592592592593,-0.6111111111111119,8.88888888888889,-1.439814814814815,74.595,4.348041115384615,0.0,41.6394,-91.5445,204.0,public observation
2023-03-04,IOW,1.300154320987654,-4.388888888888888,9.444444444444445,-1.0192901234567902,85.29201388888889,0.9804665081196582,0.254,41.6394,-91.5445,204.0,public observation
2023-03-05,IOW,2.3699074074074074,-3.622222222222222,11.11111111111111,-1.3182870370370372,78.901125,2.5192209615384615,0.0,41.6394,-91.5445,204.0,public observation
2023-03-06,IOW,7.03317901234568,4.444444444444445,10.0,3.888888888888889,80.7976388888889,4.556558961965812,0.254,41.6394,-91.5445,204.0,public observation
2023-03-07,IOW,4.81520061728395,1.0555555555555547,8.88888888888889,-1.7193287037037042,63.51965277777777,5.517035017948718,0.0,41.6394,-91.5445,204.0,public observation
2023-03-08,IOW,4.6990740740740735,2.2222222222222223,7.222222222222222,-5.1782407407407405,49.61041666666667,4.458514666666667,0.0,41.6394,-91.5445,204.0,public observation
2023-03-09,IOW,3.2325396825396826,0.5555555555555556,6.666666666666667,-2.7073412698412693,68.01482142857144,4.494610001828809,9.652,41.6394,-91.5445,204.0,public observation
2023-03-10,IOW,-0.026620370370370478,-2.7777777777777777,1.1111111111111112,-2.424768518518518,84.13291666666667,4.26044450090812,0.762,41.6394,-91.5445,204.0,public observation
2023-03-11,IOW,0.8425925925925926,-0.6111111111111119,2.2222222222222223,-2.0983796296296293,80.76131944444444,3.151574081623932,0.508,41.6394,-91.5445,204.0,public observation
2023-03-12,IOW,0.34292328042328063,-1.1111111111111112,1.1111111111111112,-2.0150462962962963,85.12732738095238,4.044321195072901,3.048,41.6394,-91.5445,204.0,public observation
2023-03-13,IOW,-1.6597222222222225,-2.7777777777777777,0.0,-5.524305555555556,75.04625,6.429725570512821,0.0,41.6394,-91.5445,204.0,public observation
2023-03-14,IOW,-1.3842592592592595,-7.222222222222222,3.888888888888889,-7.121527777777778,65.71291666666666,2.6308722692307693,0.0,41.6394,-91.5445,204.0,public observation
2023-03-15,IOW,3.946759259259259,-2.2222222222222223,13.333333333333334,-2.7430555555555554,63.73666666666667,4.413995474358974,0.0,41.6394,-91.5445,204.0,public observation
2023-03-16,IOW,7.9359567901234565,3.888888888888889,11.11111111111111,2.2731481481481484,69.59,5.065652022008547,2.54,41.6394,-91.5445,204.0,public observation
2023-03-17,IOW,-2.8900462962962963,-7.222222222222222,2.2222222222222223,-6.887345679012346,74.59340277777777,9.491130621367523,1.778,41.6394,-91.5445,204.0,public observation
2023-03-18,IOW,-7.825231481481481,-12.222222222222221,-3.277777777777777,-13.607638888888888,63.513194444444444,8.239159853846154,0.0,41.6394,-91.5445,204.0,public observation
2023-03-19,IOW,-4.2592592592592595,-12.222222222222221,5.0,-12.523148148148147,56.18625,4.824561358974359,0.0,41.6394,-91.5445,204.0,public observation
2023-03-20,IOW,4.12962962962963,-2.2222222222222223,15.0,-6.854166666666667,46.267500000000005,5.464318641025641,0.0,41.6394,-91.5445,204.0,public observation
2023-03-21,IOW,7.569444444444444,1.6666666666666667,14.444444444444445,-1.976851851851852,52.35375,3.108099166666667,0.0,41.6394,-91.5445,204.0,public observation
2023-03-22,IOW,7.415123456790123,5.0,12.222222222222221,4.5717592592592595,82.51395833333333,3.396327567094017,0.0,41.6394,-91.5445,204.0,public observation
2023-03-23,IOW,5.1234567901234565,1.6666666666666667,9.444444444444445,0.49999999999999983,73.21118055555556,4.086198384401709,2.2859999999999996,41.6394,-91.5445,204.0,public observation
2023-03-24,IOW,4.858796296296297,-0.6111111111111119,11.666666666666666,-2.425925925925926,61.55041666666667,3.513482923076923,0.0,41.6394,-91.5445,204.0,public observation
2023-03-25,IOW,5.116126543209877,0.5555555555555556,12.222222222222221,-1.1726851851851856,67.5985,4.472755300461915,12.7,41.6394,-91.5445,204.0,public observation
2023-03-26,IOW,5.297067901234568,2.2222222222222223,9.444444444444445,-0.3888888888888891,67.3586111111111,3.9251637504273504,0.508,41.6394,-91.5445,204.0,public observation
2023-03-27,IOW,4.300925925925926,-1.1111111111111112,12.222222222222221,-3.53125,61.253125000000004,2.828078657731158,0.0,41.6394,-91.5445,204.0,public observation
2023-03-28,IOW,4.652777777777778,0.5555555555555556,10.0,-5.525462962962963,49.992916666666666,3.1245877564102567,0.0,41.6394,-91.5445,204.0,public observation
2023-03-29,IOW,2.585648148148148,-0.6111111111111119,6.666666666666667,-8.69212962962963,46.757083333333334,2.975116192113442,0.0,41.6394,-91.5445,204.0,public observation
2023-03-30,IOW,6.3657407407407405,0.0,18.333333333333332,-4.19212962962963,48.07375,4.509262881766381,0.0,41.6394,-91.5445,204.0,public observation
2023-03-31,IOW,16.377314814814813,12.222222222222221,21.666666666666668,10.050925925925926,67.50906944444445,5.805175621989122,6.35,41.6394,-91.5445,204.0,public observation
2023-04-01,IOW,4.965277777777778,1.1111111111111112,10.0,-0.6585648148148149,69.31458333333333,7.995909019004144,0.0,41.6394,-91.5445,204.0,public observation
2023-04-02,IOW,7.627314814814814,-1.1111111111111112,21.666666666666668,-1.4074074074074074,58.961666666666666,3.9689259665695418,0.0,41.6394,-91.5445,204.0,public observation
2023-04-03,IOW,11.712962962962962,5.0,17.22222222222222,-0.8912037037037038,44.70083333333333,3.795172871982647,0.0,41.6394,-91.5445,204.0,public observation
2023-04-04,IOW,10.635802469135802,8.333333333333334,15.0,6.548611111111111,77.66569444444444,5.9340707111111115,1.016,41.6394,-91.5445,204.0,public observation
2023-04-05,IOW,10.61304012345679,4.444444444444445,21.11111111111111,6.319223985890652,73.92646825396825,7.440476121794872,1.7779999999999998,41.6394,-91.5445,204.0,public observation
2023-04-06,IOW,3.282407407407407,-3.888888888888889,11.11111111111111,-7.62037037037037,49.91791666666666,4.0512465,0.0,41.6394,-91.5445,204.0,public observation
2023-04-07,IOW,6.775462962962963,-1.722222222222223,17.22222222222222,-4.173611111111111,51.26625000000001,2.2990590299145297,0.0,41.6394,-91.5445,204.0,public observation
2023-04-08,IOW,11.458333333333334,3.3333333333333335,20.0,-3.280092592592593,40.30833333333333,4.356835029914531,0.0,41.6394,-91.5445,204.0,public observation
2023-04-09,IOW,12.708333333333334,2.2222222222222223,22.22222222222222,-2.8842592592592595,39.24458333333333,3.6936689469696975,0.0,41.6394,-91.5445,204.0,public observation
2023-04-10,IOW,14.189814814814815,3.888888888888889,23.333333333333332,2.136574074074074,46.64458333333334,2.3415046571484073,0.0,41.6394,-91.5445,204.0,public observation
2023-04-11,IOW,15.925925925925926,5.555555555555555,27.22222222222222,6.064814814814814,56.47666666666667,2.709637405885781,0.0,41.6394,-91.5445,204.0,public observation
2023-04-12,IOW,20.97222222222222,13.333333333333334,27.77777777777778,7.916666666666667,45.73041666666666,5.624557754079254,0.0,41.6394,-91.5445,204.0,public observation
2023-04-13,IOW,18.21759259259259,7.777777777777778,27.22222222222222,6.018518518518519,49.10333333333333,3.5918743897435896,0.0,41.6394,-91.5445,204.0,public observation
2023-04-14,IOW,19.46759259259259,10.0,28.333333333333332,5.25462962962963,42.99375,2.8585718418803423,0.0,41.6394,-91.5445,204.0,public observation
2023-04-15,IOW,17.824074074074073,12.777777777777779,23.333333333333332,9.51388888888889,59.66583333333333,3.7051333349358977,0.254,41.6394,-91.5445,204.0,public observation
2023-04-16,IOW,4.487654320987654,2.037037037037036,8.88888888888889,3.599647266313933,93.3136507936508,8.124100547377623,19.812,41.6394,-91.5445,204.0,public observation
2023-04-17,IOW,6.60108024691358,1.1111111111111112,15.0,-2.4375,49.79,9.560736501074851,0.254,41.6394,-91.5445,204.0,public observation
2023-04-18,IOW,8.310185185185185,0.5555555555555556,16.11111111111111,-1.3101851851851853,54.73500000000001,2.5231152309537683,0.0,41.6394,-91.5445,204.0,public observation
2023-04-19,IOW,15.131172839506172,10.0,23.333333333333332,5.614969135802469,53.32749999999999,4.827270198717948,0.0,41.6394,-91.5445,204.0,public observation
2023-04-20,IOW,13.080864197530865,9.444444444444445,20.555555555555557,9.032561728395061,77.16581944444444,5.862105301755108,14.986,41.6394,-91.5445,204.0,public observation
2023-04-21,IOW,7.476851851851852,2.2222222222222223,12.222222222222221,0.9814814814814814,66.75416666666666,5.2220571215682465,0.0,41.6394,-91.5445,204.0,public observation
2023-04-22,IOW,3.347222222222222,0.5555555555555556,6.666666666666667,-1.8333333333333337,69.53347222222222,5.781099425796426,0.0,41.6394,-91.5445,204.0,public observation
2023-04-23,IOW,4.212962962962963,1.6666666666666667,8.88888888888889,-4.236111111111111,55.57125,4.1100558034188035,0.0,41.6394,-91.5445,204.0,public observation
2023-04-24,IOW,5.506944444444444,-2.7777777777777777,13.88888888888889,-2.8078703703703702,59.29916666666667,1.257254967948718,0.0,41.6394,-91.5445,204.0,public observation
2023-04-25,IOW,9.460648148148149,4.444444444444445,13.88888888888889,2.167438271604938,62.257013888888885,3.4766269991452994,0.0,41.6394,-91.5445,204.0,public observation
2023-04-26,IOW,7.960648148148148,-0.6111111111111119,14.444444444444445,-1.8263888888888893,53.56916666666667,2.4884429744755248,0.0,41.6394,-91.5445,204.0,public observation
2023-04-27,IOW,10.972222222222221,2.2222222222222223,20.555555555555557,0.2685185185185184,51.225,2.480845731837607,0.0,41.6394,-91.5445,204.0,public observation
2023-04-28,IOW,13.171296296296296,3.3333333333333335,22.77777777777778,1.46141975308642,50.07125,0.6661665066239316,0.0,41.6394,-91.5445,204.0,public observation
2023-04-29,IOW,12.291666666666666,8.333333333333334,17.77777777777778,4.708333333333333,62.01833333333334,6.376598763325563,0.0,41.6394,-91.5445,204.0,public observation
2023-04-30,IOW,8.148148148148147,5.0,11.666666666666666,0.8055555555555555,60.92333333333334,7.122521149572649,0.0,41.6394,-91.5445,204.0,public observation
2023-05-01,IOW,10.833333333333334,6.111111111111111,16.666666666666668,-1.3981481481481481,45.850833333333334,8.165097534226884,0.0,41.6394,-91.5445,204.0,public observation
2023-05-02,IOW,11.574074074074074,5.555555555555555,18.333333333333332,-4.835648148148148,34.81875,7.0760091696257446,0.0,41.6394,-91.5445,204.0,public observation
2023-05-03,IOW,12.152777777777779,4.444444444444445,20.0,-2.2662037037037037,39.967083333333335,3.0200500974358975,0.0,41.6394,-91.5445,204.0,public observation
2023-05-04,IOW,14.629629629629628,3.3333333333333335,25.0,-0.17129629629629642,43.10833333333333,2.107621506449106,0.0,41.6394,-91.5445,204.0,public observation
2023-05-05,IOW,16.435185185185187,9.444444444444445,21.666666666666668,6.62037037037037,53.75666666666667,3.457952065229215,0.0,41.6394,-91.5445,204.0,public observation
2023-05-06,IOW,18.4375,13.88888888888889,26.666666666666668,14.155092592592593,77.51645833333333,3.816153829156954,6.603999999999999,41.6394,-91.5445,204.0,public observation
2023-05-07,IOW,22.272141706924316,14.11111111111111,30.555555555555557,16.21658615136876,72.0038115942029,2.06409287090301,7.112,41.6394,-91.5445,204.0,public observation
2023-05-08,IOW,18.341384863123995,15.0,21.11111111111111,14.296698872785829,77.71897826086956,4.265058105611297,28.701999999999998,41.6394,-91.5445,204.0,public observation
2023-05-09,IOW,17.23533950617284,12.777777777777779,23.333333333333332,12.649691358024691,76.37520833333333,3.39317117991453,0.0,41.6394,-91.5445,204.0,public observation
2023-05-10,IOW,19.76851851851852,13.333333333333334,26.666666666666668,11.550925925925926,62.43625,3.5249856773504273,0.0,41.6394,-91.5445,204.0,public observation
2023-05-11,IOW,21.041666666666668,15.0,26.666666666666668,12.407407407407407,58.177083333333336,3.1293969284188035,0.0,41.6394,-91.5445,204.0,public observation
2023-05-12,IOW,22.488425925925924,19.444444444444443,27.22222222222222,17.87037037037037,76.0148611111111,2.76412362948718,2.794,41.6394,-91.5445,204.0,public observation
2023-05-13,IOW,21.23611111111111,17.77777777777778,25.555555555555557,18.188271604938272,83.20184027777778,4.086039387286324,1.27,41.6394,-91.5445,204.0,public observation
2023-05-14,IOW,17.29320987654321,12.222222222222221,22.77777777777778,13.503472222222223,78.69687499999999,4.934592002466977,0.508,41.6394,-91.5445,204.0,public observation
2023-05-15,IOW,15.081018518518519,12.222222222222221,21.11111111111111,6.724537037037037,58.68875,4.140559694444445,0.0,41.6394,-91.5445,204.0,public observation
2023-05-16,IOW,19.49074074074074,13.88888888888889,27.22222222222222,8.88888888888889,54.65625,2.002414310800311,0.0,41.6394,-91.5445,204.0,public observation
2023-05-17,IOW,17.38425925925926,11.11111111111111,25.0,6.712962962962963,51.57416666666666,3.129946548076923,0.0,41.6394,-91.5445,204.0,public observation
2023-05-18,IOW,18.35648148148148,10.555555555555555,27.77777777777778,9.00462962962963,56.00083333333333,2.9967262377622377,0.0,41.6394,-91.5445,204.0,public observation
2023-05-19,IOW,18.313271604938272,13.88888888888889,25.0,9.679012345679013,59.92201388888889,4.544944499281274,3.556,41.6394,-91.5445,204.0,public observation
2023-05-20,IOW,15.162037037037038,8.333333333333334,22.77777777777778,5.462962962962963,55.078333333333326,3.2287032075563324,0.0,41.6394,-91.5445,204.0,public observation
2023-05-21,IOW,17.337962962962962,8.333333333333334,25.555555555555557,6.643518518518519,54.44291666666667,1.2333777412101787,0.0,41.6394,-91.5445,204.0,public observation
2023-05-22,IOW,19.14351851851852,10.555555555555555,26.11111111111111,8.703703703703704,55.285,1.4526997183760686,0.0,41.6394,-91.5445,204.0,public observation
2023-05-23,IOW,19.97685185185185,10.555555555555555,28.333333333333332,8.981481481481483,53.803333333333335,1.2440724237244238,0.0,41.6394,-91.5445,204.0,public observation
2023-05-24,IOW,21.689814814814813,12.222222222222221,30.0,10.324074074074074,54.2925,1.6606757970085468,0.0,41.6394,-91.5445,204.0,public observation
2023-05-25,IOW,18.796296296296294,12.222222222222221,25.555555555555557,3.4212962962962963,38.70916666666667,4.924679576243201,0.0,41.6394,-91.5445,204.0,public observation
2023-05-26,IOW,17.24537037037037,9.444444444444445,24.444444444444443,0.02083333333333329,33.30583333333333,3.0997924150155405,0.0,41.6394,-91.5445,204.0,public observation
2023-05-27,IOW,18.703703703703706,9.444444444444445,27.22222222222222,2.3356481481481484,37.376666666666665,2.030569826923077,0.0,41.6394,-91.5445,204.0,public observation
2023-05-28,IOW,20.87962962962963,12.222222222222221,27.77777777777778,5.439814814814814,38.807916666666664,2.0359286185897436,0.0,41.6394,-91.5445,204.0,public observation
2023-05-29,IOW,21.550925925925924,13.333333333333334,30.0,8.425925925925926,47.81583333333333,1.4027667724358974,0.0,41.6394,-91.5445,204.0,public observation
2023-05-30,IOW,22.800925925925924,12.777777777777779,31.666666666666668,9.467592592592593,47.82791666666666,1.9321879081196582,0.0,41.6394,-91.5445,204.0,public observation
2023-05-31,IOW,23.819444444444443,15.0,32.22222222222222,12.916666666666666,53.21875,2.109960721024346,0.0,41.6394,-91.5445,204.0,public observation
2023-06-01,IOW,25.36231884057971,17.77777777777778,32.22222222222222,16.42512077294686,60.03478260869565,1.883877589306527,0.0,41.6394,-91.5445,204.0,public observation
2023-06-02,IOW,25.883487654320987,20.555555555555557,32.77777777777778,17.32253086419753,61.53604166666667,2.132416134052059,0.0,41.6394,-91.5445,204.0,public observation
2023-06-03,IOW,26.134259259259263,20.0,33.333333333333336,14.467592592592593,52.62416666666667,2.080737967249417,0.0,41.6394,-91.5445,204.0,public observation
2023-06-04,IOW,25.27037037037037,19.444444444444443,32.22222222222222,15.041203703703703,54.27325,2.764970228506787,0.0,41.6394,-91.5445,204.0,public observation
2023-06-05,IOW,22.59259259259259,15.0,30.0,10.532407407407407,51.17416666666667,1.4793013098290597,0.0,41.6394,-91.5445,204.0,public observation
2023-06-06,IOW,23.10185185185185,15.555555555555555,28.88888888888889,10.648148148148147,47.415416666666665,0.9546893461538462,0.0,41.6394,-91.5445,204.0,public observation
2023-06-07,IOW,22.175925925925924,17.77777777777778,27.22222222222222,12.175925925925926,58.76958333333334,2.452760167307692,0.508,41.6394,-91.5445,204.0,public observation
2023-06-08,IOW,20.555555555555554,12.222222222222221,27.22222222222222,4.652777777777778,37.44583333333333,2.283017630710956,0.0,41.6394,-91.5445,204.0,public observation
2023-06-09,IOW,19.930555555555557,10.555555555555555,26.666666666666668,5.046296296296297,42.599583333333335,1.241878108877234,0.0,41.6394,-91.5445,204.0,public observation
2023-06-10,IOW,20.833333333333332,12.222222222222221,28.88888888888889,8.287037037037036,49.185,1.1597524405982906,0.0,41.6394,-91.5445,204.0,public observation
2023-06-11,IOW,18.41435185185185,15.833333333333334,25.555555555555557,12.349537037037038,70.03958333333334,4.573004902651515,1.016,41.6394,-91.5445,204.0,public observation
2023-06-12,IOW,15.879629629629628,7.222222222222222,24.444444444444443,6.273148148148148,58.2775,3.250629700887076,0.0,41.6394,-91.5445,204.0,public observation
2023-06-13,IOW,21.412037037037038,13.333333333333334,29.444444444444443,9.00462962962963,48.55125,3.986775043414918,0.0,41.6394,-91.5445,204.0,public observation
2023-06-14,IOW,23.75,14.444444444444445,30.555555555555557,10.578703703703704,47.559583333333336,0.9186392931235431,0.0,41.6394,-91.5445,204.0,public observation
2023-06-15,IOW,23.72685185185185,15.555555555555555,32.22222222222222,12.870370370370372,53.706250000000004,1.5686519783411033,0.0,41.6394,-91.5445,204.0,public observation
2023-06-16,IOW,19.80324074074074,12.222222222222221,27.5,9.86111111111111,53.88229166666667,3.7487766452667706,0.0,41.6394,-91.5445,204.0,public observation
2023-06-17,IOW,20.64814814814815,13.333333333333334,28.333333333333332,11.921296296296296,61.16833333333333,1.8394945527777777,0.0,41.6394,-91.5445,204.0,public observation
2023-06-18,IOW,22.290895061728396,18.333333333333332,27.22222222222222,16.256558641975307,70.18277777777779,3.71316260003885,8.128,41.6394,-91.5445,204.0,public observation
2023-06-19,IOW,24.066743827160494,16.666666666666668,31.11111111111111,16.562114197530864,68.36097222222223,1.6233191481546232,0.0,41.6394,-91.5445,204.0,public observation
2023-06-20,IOW,25.462962962962962,17.22222222222222,31.666666666666668,12.106481481481481,45.54583333333333,2.5081518357614607,0.0,41.6394,-91.5445,204.0,public observation
2023-06-21,IOW,26.041666666666668,19.444444444444443,31.666666666666668,14.027777777777779,48.7575,3.3952754380341883,0.0,41.6394,-91.5445,204.0,public observation
2023-06-22,IOW,27.12962962962963,20.0,33.333333333333336,15.0,50.10874999999999,2.6760981153846153,0.0,41.6394,-91.5445,204.0,public observation
2023-06-23,IOW,25.40123456790123,16.11111111111111,32.77777777777778,13.75,52.77152777777778,1.2165956046037296,0.0,41.6394,-91.5445,204.0,public observation
2023-06-24,IOW,25.363425925925924,17.22222222222222,32.22222222222222,15.813271604938272,58.02055555555555,2.2818009726495725,0.0,41.6394,-91.5445,204.0,public observation
2023-06-25,IOW,22.265046296296294,20.0,27.666666666666668,18.37692901234568,80.06725694444445,5.526107251783864,15.494,41.6394,-91.5445,204.0,public observation
2023-06-26,IOW,22.243827160493826,18.88888888888889,26.77777777777778,16.804783950617285,72.56569444444445,5.984707336765087,0.0,41.6394,-91.5445,204.0,public observation
2023-06-27,IOW,22.61111111111111,15.555555555555555,28.88888888888889,14.685956790123457,64.27270833333334,2.6782416320512823,0.0,41.6394,-91.5445,204.0,public observation
2023-06-28,IOW,22.457561728395063,17.22222222222222,26.666666666666668,16.6983024691358,71.40479166666667,3.507382382802383,3.048,41.6394,-91.5445,204.0,public observation
2023-06-29,IOW,24.20767195767196,21.11111111111111,30.0,19.621031746031747,75.99065476190476,2.263789865073815,2.794,41.6394,-91.5445,204.0,public observation
2023-06-30,IOW,23.972993827160494,19.48148148148148,28.88888888888889,21.02006172839506,85.31471527777778,1.6298850876571143,4.318,41.6394,-91.5445,204.0,public observation
2023-07-01,IOW,23.600462962962965,21.666666666666668,27.22222222222222,20.860185185185184,85.20975,1.2820201831322273,2.032,41.6394,-91.5445,204.0,public observation
2023-07-02,IOW,23.90354938271605,20.555555555555557,28.88888888888889,20.281635802469136,81.77,1.7733702378850724,3.81,41.6394,-91.5445,204.0,public observation
2023-07-03,IOW,25.71759259259259,18.88888888888889,31.666666666666668,19.212962962962962,70.385,1.5647296925990677,0.0,41.6394,-91.5445,204.0,public observation
2023-07-04,IOW,26.759259259259256,21.666666666666668,32.77777777777778,19.60648148148148,66.94875,2.2004023012820513,0.0,41.6394,-91.5445,204.0,public observation
2023-07-05,IOW,25.99537037037037,22.22222222222222,29.444444444444443,20.694444444444446,73.63916666666667,2.895272872999223,0.0,41.6394,-91.5445,204.0,public observation
2023-07-06,IOW,21.96759259259259,15.555555555555555,26.666666666666668,12.638888888888888,57.35458333333333,4.254181067404818,0.0,41.6394,-91.5445,204.0,public observation
2023-07-07,IOW,18.680555555555554,11.666666666666666,23.88888888888889,11.319444444444445,64.55833333333334,1.6592817616938618,2.286,41.6394,-91.5445,204.0,public observation
2023-07-08,IOW,20.64814814814815,17.22222222222222,26.666666666666668,12.754629629629628,62.928333333333335,3.438283176282051,0.0,41.6394,-91.5445,204.0,public observation
2023-07-09,IOW,21.990740740740744,15.0,28.88888888888889,12.314814814814815,58.444583333333334,2.36631248989899,0.0,41.6394,-91.5445,204.0,public observation
2023-07-10,IOW,22.98611111111111,14.444444444444445,30.555555555555557,14.629629629629632,62.14791666666667,2.5483115448717952,0.0,41.6394,-91.5445,204.0,public observation
2023-07-11,IOW,25.87962962962963,18.88888888888889,32.77777777777778,18.26388888888889,64.30583333333333,1.935972788947164,0.0,41.6394,-91.5445,204.0,public observation
2023-07-12,IOW,23.515239197530864,18.518518518518515,28.88888888888889,18.630015432098766,75.58706597222222,4.190956919939211,39.878,41.6394,-91.5445,204.0,public observation
2023-07-13,IOW,23.680555555555557,17.22222222222222,29.444444444444443,18.24074074074074,73.4226388888889,2.358074619153069,0.0,41.6394,-91.5445,204.0,public observation
2023-07-14,IOW,24.3125,18.333333333333332,32.22222222222222,19.550925925925927,76.49841666666667,2.7214966991452996,3.302,41.6394,-91.5445,204.0,public observation
2023-07-15,IOW,24.363425925925924,19.444444444444443,28.88888888888889,17.95138888888889,69.94,3.6221975724876976,0.0,41.6394,-91.5445,204.0,public observation
2023-07-16,IOW,22.847222222222225,17.77777777777778,27.22222222222222,17.10648148148148,72.41041666666666,2.188035858974359,0.0,41.6394,-91.5445,204.0,public observation
2023-07-17,IOW,21.805555555555557,17.22222222222222,26.11111111111111,14.25925925925926,64.41125,2.7471739302641804,0.0,41.6394,-91.5445,204.0,public observation
2023-07-18,IOW,19.583333333333332,13.88888888888889,26.11111111111111,13.078703703703704,68.58541666666666,1.4645989839743592,0.0,41.6394,-91.5445,204.0,public observation
2023-07-19,IOW,21.73611111111111,13.88888888888889,28.333333333333332,15.555555555555555,70.00291666666666,1.534725455808081,0.0,41.6394,-91.5445,204.0,public observation
2023-07-20,IOW,24.39814814814815,20.0,28.333333333333332,17.5,68.28083333333333,3.3783654732193735,0.0,41.6394,-91.5445,204.0,public observation
2023-07-21,IOW,22.47685185185185,15.555555555555555,28.333333333333332,13.981481481481481,61.62416666666667,2.5307112244560996,0.0,41.6394,-91.5445,204.0,public observation
2023-07-22,IOW,22.47685185185185,15.555555555555555,28.88888888888889,15.347222222222221,65.90666666666667,2.168799170940171,0.0,41.6394,-91.5445,204.0,public observation
2023-07-23,IOW,23.194444444444443,16.11111111111111,30.555555555555557,17.083333333333332,70.01875,1.197611241958042,0.0,41.6394,-91.5445,204.0,public observation
2023-07-24,IOW,24.757495590828924,17.592592592592588,31.666666666666668,18.792989417989418,72.22261904761905,1.1069065104700855,0.0,41.6394,-91.5445,204.0,public observation
2023-07-25,IOW,26.527777777777775,19.444444444444443,33.888888888888886,20.34722222222222,70.60208333333334,2.9141933512820515,0.0,41.6394,-91.5445,204.0,public observation
2023-07-26,IOW,28.599537037037038,23.88888888888889,35.55555555555556,22.777777777777775,72.46541666666667,2.45176585538073,0.0,41.6394,-91.5445,204.0,public observation
2023-07-27,IOW,28.240740740740744,22.22222222222222,34.44444444444444,22.430555555555557,72.77291666666666,1.6242634946581198,0.0,41.6394,-91.5445,204.0,public observation
2023-07-28,IOW,29.930555555555557,23.333333333333332,36.666666666666664,23.65740740740741,71.11833333333333,2.919017512917638,0.0,41.6394,-91.5445,204.0,public observation
2023-07-29,IOW,25.243055555555557,21.11111111111111,33.888888888888886,20.096450617283953,75.2792013888889,3.0920856053418806,6.604,41.6394,-91.5445,204.0,public observation
2023-07-30,IOW,25.300925925925924,20.555555555555557,30.0,16.319444444444446,60.26458333333333,2.309671685858586,0.0,41.6394,-91.5445,204.0,public observation
2023-07-31,IOW,23.873456790123456,17.22222222222222,30.0,17.22222222222222,68.57458333333334,1.0782988072649573,0.0,41.6394,-91.5445,204.0,public observation
2023-08-01,IOW,24.560185185185187,17.77777777777778,30.555555555555557,17.84722222222222,68.70583333333333,2.6259911232193733,0.0,41.6394,-91.5445,204.0,public observation
2023-08-02,IOW,23.71759259259259,21.11111111111111,26.666666666666668,19.09490740740741,75.62416666666667,2.6391165641025642,0.0,41.6394,-91.5445,204.0,public observation
2023-08-03,IOW,23.353284832451497,19.460317460317455,27.22222222222222,19.915564373897706,82.2951130952381,1.1845664038367272,0.0,41.6394,-91.5445,204.0,public observation
2023-08-04,IOW,24.002388300999414,17.730158730158728,31.11111111111111,19.38343253968254,78.0921617063492,1.5780060260409525,0.0,41.6394,-91.5445,204.0,public observation
2023-08-05,IOW,25.71759259259259,20.0,30.0,17.75462962962963,62.09583333333333,4.559946974572649,0.0,41.6394,-91.5445,204.0,public observation
2023-08-06,IOW,21.79398148148148,17.77777777777778,26.666666666666668,18.499228395061728,82.17708333333333,2.398438115811966,2.5399999999999996,41.6394,-91.5445,204.0,public observation
2023-08-07,IOW,22.1875,18.333333333333332,28.333333333333332,17.550154320987655,77.43895833333333,3.5462029590811963,16.002,41.6394,-91.5445,204.0,public observation
2023-08-08,IOW,22.185185185185187,17.22222222222222,27.722222222222225,17.786651234567902,77.57868055555555,1.7683973241452993,2.794,41.6394,-91.5445,204.0,public observation
2023-08-09,IOW,20.20464065255732,16.11111111111111,23.88888888888889,18.115520282186946,88.17275297619047,0.946530438621795,0.508,41.6394,-91.5445,204.0,public observation
2023-08-10,IOW,23.12973985890652,17.22222222222222,30.555555555555557,18.769620811287478,79.38151785714285,1.9326930732466066,0.0,41.6394,-91.5445,204.0,public observation
2023-08-11,IOW,24.603174603174605,19.365079365079367,32.22222222222222,19.837411816578484,77.4569494047619,3.061487493803419,26.669999999999998,41.6394,-91.5445,204.0,public observation
2023-08-12,IOW,25.60185185185185,20.555555555555557,31.11111111111111,17.61574074074074,64.97500000000001,2.7671476082944833,0.0,41.6394,-91.5445,204.0,public observation
2023-08-13,IOW,21.666666666666668,17.77777777777778,26.11111111111111,17.175925925925927,76.66083333333333,1.0591170811965813,0.0,41.6394,-91.5445,204.0,public observation
2023-08-14,IOW,21.523349436392916,19.296296296296298,23.88888888888889,17.497584541062803,79.04268115942028,2.84493407695869,4.826,41.6394,-91.5445,204.0,public observation
2023-08-15,IOW,20.71759259259259,15.0,26.666666666666668,13.703703703703704,67.99,4.230772266511266,0.254,41.6394,-91.5445,204.0,public observation
2023-08-16,IOW,20.71759259259259,13.333333333333334,27.77777777777778,14.421296296296296,69.58333333333333,2.642763683119658,0.0,41.6394,-91.5445,204.0,public observation
2023-08-17,IOW,23.125,20.0,26.11111111111111,14.467592592592593,60.055,5.60084916064491,0.0,41.6394,-91.5445,204.0,public observation
2023-08-18,IOW,19.930555555555554,12.777777777777779,26.666666666666668,13.032407407407407,66.86083333333333,2.362979796153846,0.0,41.6394,-91.5445,204.0,public observation
2023-08-19,IOW,22.777777777777775,16.11111111111111,31.666666666666668,17.916666666666668,75.28041666666667,3.866272004059829,0.0,41.6394,-91.5445,204.0,public observation
2023-08-20,IOW,28.152777777777775,22.333333333333332,33.888888888888886,23.453703703703706,77.39016666666667,1.7313989147812971,0.0,41.6394,-91.5445,204.0,public observation
2023-08-21,IOW,28.402777777777775,23.333333333333332,32.77777777777778,22.858796296296294,72.97229166666666,2.308952183760684,0.0,41.6394,-91.5445,204.0,public observation
2023-08-22,IOW,27.037037037037038,20.555555555555557,33.888888888888886,22.16435185185185,75.66604166666667,2.668364181623932,0.0,41.6394,-91.5445,204.0,public observation
2023-08-23,IOW,30.200617283950617,22.96296296296296,37.22222222222222,25.659722222222225,79.16131944444444,2.6454884642126393,0.0,41.6394,-91.5445,204.0,public observation
2023-08-24,IOW,31.180555555555557,26.11111111111111,37.22222222222222,24.675925925925924,71.11625,3.6281767681623935,0.0,41.6394,-91.5445,204.0,public observation
2023-08-25,IOW,29.12037037037037,25.0,32.77777777777778,22.708333333333332,68.98583333333333,2.598858232763533,0.0,41.6394,-91.5445,204.0,public observation
2023-08-26,IOW,26.435185185185187,22.77777777777778,30.0,20.300925925925927,70.20875,3.8785110345376843,0.0,41.6394,-91.5445,204.0,public observation
2023-08-27,IOW,20.381944444444446,15.0,26.11111111111111,14.201388888888888,69.22520833333333,3.285818683119658,0.0,41.6394,-91.5445,204.0,public observation
2023-08-28,IOW,20.96064814814815,13.88888888888889,28.333333333333332,14.589120370370372,69.78822916666667,1.0478498782051282,0.0,41.6394,-91.5445,204.0,public observation
2023-08-29,IOW,23.88888888888889,17.77777777777778,31.666666666666668,15.787037037037038,64.90791666666667,2.340480365967366,0.0,41.6394,-91.5445,204.0,public observation
2023-08-30,IOW,21.921296296296294,15.555555555555555,27.22222222222222,13.032407407407407,59.29,3.4096305041958046,0.0,41.6394,-91.5445,204.0,public observation
2023-08-31,IOW,18.333333333333332,10.555555555555555,26.11111111111111,9.722222222222223,60.822916666666664,1.7582157984265734,0.0,41.6394,-91.5445,204.0,public observation
2023-09-01,IOW,19.86111111111111,11.666666666666666,29.444444444444443,11.851851851851853,65.06375,2.3255157216394715,0.0,41.6394,-91.5445,204.0,public observation
2023-09-02,IOW,22.916666666666668,13.333333333333334,33.333333333333336,14.25925925925926,63.14791666666667,2.2847257344017096,0.0,41.6394,-91.5445,204.0,public observation
2023-09-03,IOW,25.37037037037037,16.11111111111111,35.0,14.606481481481481,55.650416666666665,3.019757085916861,0.0,41.6394,-91.5445,204.0,public observation
2023-09-04,IOW,26.759259259259256,18.88888888888889,35.55555555555556,18.425925925925927,63.46208333333333,2.7043964493427866,0.0,41.6394,-91.5445,204.0,public observation
2023-09-05,IOW,26.50462962962963,22.77777777777778,31.11111111111111,20.046296296296298,68.26708333333333,4.534672559939135,0.0,41.6394,-91.5445,204.0,public observation
2023-09-06,IOW,21.6875,17.22222222222222,27.77777777777778,17.23148148148148,76.02625,5.163224441469179,0.0,41.6394,-91.5445,204.0,public observation
2023-09-07,IOW,19.144675925925927,17.22222222222222,21.666666666666668,13.614197530864198,70.8053125,3.846384248713093,0.0,41.6394,-91.5445,204.0,public observation
2023-09-08,IOW,17.53472222222222,10.0,25.555555555555557,10.925925925925926,68.67416666666666,1.6683508429487182,0.0,41.6394,-91.5445,204.0,public observation
2023-09-09,IOW,18.850308641975307,10.555555555555555,27.77777777777778,11.643518518518519,67.19916666666667,0.925759365967366,0.0,41.6394,-91.5445,204.0,public observation
2023-09-10,IOW,20.71759259259259,13.88888888888889,27.22222222222222,15.030864197530866,71.18201388888889,1.101382832905983,3.3019999999999996,41.6394,-91.5445,204.0,public observation
2023-09-11,IOW,18.721450617283953,17.22222222222222,22.03703703703704,16.378086419753085,86.63048611111111,2.481954187465149,17.526,41.6394,-91.5445,204.0,public observation
2023-09-12,IOW,16.52199074074074,10.555555555555555,23.88888888888889,12.280092592592593,78.83416666666666,1.1376341752136752,4.825999999999999,41.6394,-91.5445,204.0,public observation
2023-09-13,IOW,16.15740740740741,12.777777777777779,21.11111111111111,11.242283950617283,75.4975,1.7576012237179486,1.016,41.6394,-91.5445,204.0,public observation
2023-09-14,IOW,17.12962962962963,10.555555555555555,26.11111111111111,9.814814814814815,65.87666666666667,1.3788583173076923,0.0,41.6394,-91.5445,204.0,public observation
2023-09-15,IOW,20.046296296296298,15.0,26.666666666666668,11.296296296296296,60.10125,2.500119893939394,0.0,41.6394,-91.5445,204.0,public observation
2023-09-16,IOW,20.086805555555554,15.0,25.0,13.998842592592593,69.50677083333333,1.7107161686091688,0.0,41.6394,-91.5445,204.0,public observation
2023-09-17,IOW,17.47685185185185,10.555555555555555,23.88888888888889,11.064814814814815,69.27833333333334,2.493899198717949,0.0,41.6394,-91.5445,204.0,public observation
2023-09-18,IOW,17.330246913580247,9.81481481481481,25.555555555555557,10.140432098765432,67.35986111111112,1.702419410042735,0.0,41.6394,-91.5445,204.0,public observation
2023-09-19,IOW,19.15509259259259,15.277777777777779,26.666666666666668,13.510802469135802,71.21993055555556,3.4570466203768455,4.318,41.6394,-91.5445,204.0,public observation
2023-09-20,IOW,20.060185185185187,16.11111111111111,25.555555555555557,16.53472222222222,81.36645833333334,1.5845534743589742,4.8260000000000005,41.6394,-91.5445,204.0,public observation
2023-09-21,IOW,18.458333333333332,13.88888888888889,22.77777777777778,16.02314814814815,86.19,1.8713371602564104,0.254,41.6394,-91.5445,204.0,public observation
2023-09-22,IOW,20.373456790123456,17.851851851851855,25.555555555555557,18.04320987654321,87.24902777777777,3.306454397762409,2.794,41.6394,-91.5445,204.0,public observation
2023-09-23,IOW,22.89351851851852,17.77777777777778,28.88888888888889,17.5,74.05375,4.180999626304714,0.0,41.6394,-91.5445,204.0,public observation
2023-09-24,IOW,21.79398148148148,19.444444444444443,25.555555555555557,15.254629629629628,66.47687499999999,3.288178121794872,1.016,41.6394,-91.5445,204.0,public observation
2023-09-25,IOW,19.88425925925926,13.333333333333334,27.77777777777778,14.444444444444445,74.78833333333334,1.1245218205128207,0.0,41.6394,-91.5445,204.0,public observation
2023-09-26,IOW,19.703703703703706,15.555555555555555,23.88888888888889,14.842013888888888,74.49609375,2.1026616054131053,22.86,41.6394,-91.5445,204.0,public observation
2023-09-27,IOW,17.885130070546737,14.444444444444445,24.444444444444443,15.167702821869488,85.86802380952382,1.3988214089921653,0.0,41.6394,-91.5445,204.0,public observation
2023-09-28,IOW,19.263117283950617,16.11111111111111,24.444444444444443,15.185185185185185,79.1854861111111,2.659233089709596,0.0,41.6394,-91.5445,204.0,public observation
2023-09-29,IOW,20.810185185185187,15.0,30.0,15.324074074074074,72.86708333333333,3.425779329059829,0.0,41.6394,-91.5445,204.0,public observation
2023-09-30,IOW,24.444444444444443,17.77777777777778,33.888888888888886,16.203703703703706,63.945,2.870361183547008,0.0,41.6394,-91.5445,204.0,public observation
2023-10-01,IOW,24.421296296296294,16.666666666666668,32.22222222222222,16.041666666666668,63.83083333333334,2.402112715811966,0.0,41.6394,-91.5445,204.0,public observation
2023-10-02,IOW,21.73611111111111,13.333333333333334,30.555555555555557,13.148148148148147,62.58708333333333,1.6807369145299145,0.0,41.6394,-91.5445,204.0,public observation
2023-10-03,IOW,21.875,14.444444444444445,30.555555555555557,13.032407407407407,60.872083333333336,2.5677379825498576,0.0,41.6394,-91.5445,204.0,public observation
2023-10-04,IOW,22.800925925925924,18.88888888888889,26.666666666666668,14.421296296296296,60.36375,4.468495260003885,0.254,41.6394,-91.5445,204.0,public observation
2023-10-05,IOW,17.47685185185185,10.555555555555555,24.444444444444443,9.143518518518517,63.50791666666667,2.782796778923854,0.0,41.6394,-91.5445,204.0,public observation
2023-10-06,IOW,10.617283950617283,7.222222222222222,17.77777777777778,3.1558641975308643,61.64611111111111,4.877481166550116,1.016,41.6394,-91.5445,204.0,public observation
2023-10-07,IOW,9.768518518518519,5.555555555555555,15.555555555555555,3.402777777777778,67.25833333333334,4.314314454545454,0.0,41.6394,-91.5445,204.0,public observation
2023-10-08,IOW,12.407407407407407,8.333333333333334,19.444444444444443,2.800925925925926,54.17458333333334,1.036857485042735,0.0,41.6394,-91.5445,204.0,public observation
2023-10-09,IOW,10.856481481481481,4.444444444444445,16.11111111111111,2.1064814814814814,57.17583333333334,3.149045831196581,0.0,41.6394,-91.5445,204.0,public observation
2023-10-10,IOW,8.657407407407407,1.6666666666666667,17.77777777777778,0.30092592592592593,59.35874999999999,2.4388123193473192,0.0,41.6394,-91.5445,204.0,public observation
2023-10-11,IOW,9.375,2.7777777777777777,15.555555555555555,4.311868686868687,71.95886363636363,1.6241800702457265,2.54,41.6394,-91.5445,204.0,public observation
2023-10-12,IOW,14.287037037037038,11.296296296296298,18.333333333333332,11.911265432098766,86.05122222222222,4.657987344017094,15.24,41.6394,-91.5445,204.0,public observation
2023-10-13,IOW,14.647376543209875,13.25,16.11111111111111,12.891203703703704,89.32121527777777,4.962610559795066,21.844,41.6394,-91.5445,204.0,public observation
2023-10-14,IOW,11.907407407407407,10.0,13.333333333333334,9.383873456790123,85.08808333333333,5.036005111473902,7.619999999999999,41.6394,-91.5445,204.0,public observation
2023-10-15,IOW,11.280864197530866,8.88888888888889,13.333333333333334,5.563271604938272,68.51805555555556,4.5440354854700855,0.508,41.6394,-91.5445,204.0,public observation
2023-10-16,IOW,9.41358024691358,5.0,15.0,4.4753086419753085,72.62291666666667,3.326078323076923,0.0,41.6394,-91.5445,204.0,public observation
2023-10-17,IOW,9.267939814814815,1.6666666666666667,19.444444444444443,4.041666666666667,74.30186458333334,1.2596458134615385,0.0,41.6394,-91.5445,204.0,public observation
2023-10-18,IOW,11.041666666666666,7.222222222222222,15.555555555555555,6.898148148148148,76.05125,2.5059450295584047,0.254,41.6394,-91.5445,204.0,public observation
2023-10-19,IOW,11.959104938271606,8.88888888888889,14.444444444444445,9.535493827160494,85.45357638888889,2.599355240020396,0.254,41.6394,-91.5445,204.0,public observation
2023-10-20,IOW,12.476851851851853,6.666666666666667,20.555555555555557,7.430555555555556,74.51208333333334,3.4659015641025643,0.0,41.6394,-91.5445,204.0,public observation
2023-10-21,IOW,13.00925925925926,6.111111111111111,20.0,5.625,65.45125,4.054051225770526,0.0,41.6394,-91.5445,204.0,public observation
2023-10-22,IOW,10.416666666666666,3.3333333333333335,16.666666666666668,4.560185185185185,69.17,1.821302142094017,0.0,41.6394,-91.5445,204.0,public observation
2023-10-23,IOW,13.981481481481481,7.222222222222222,24.444444444444443,7.407407407407407,66.07583333333334,4.273597630963481,0.0,41.6394,-91.5445,204.0,public observation
2023-10-24,IOW,20.34722222222222,16.666666666666668,27.22222222222222,13.819444444444445,66.97500000000001,4.9510214664594665,0.0,41.6394,-91.5445,204.0,public observation
2023-10-25,IOW,18.412422839506174,16.11111111111111,22.77777777777778,15.223765432098766,83.06104166666667,2.2001333802350427,1.524,41.6394,-91.5445,204.0,public observation
2023-10-26,IOW,18.556712962962962,17.22222222222222,20.0,17.595293209876544,94.17756944444444,3.876623501442308,11.937999999999999,41.6394,-91.5445,204.0,public observation
2023-10-27,IOW,13.797067901234568,5.0,18.88888888888889,11.49614197530864,86.2038888888889,5.173142875440301,0.254,41.6394,-91.5445,204.0,public observation
2023-10-28,IOW,3.923611111111111,1.1111111111111112,7.777777777777778,-1.1689814814814816,69.6275,4.635291085751748,0.0,41.6394,-91.5445,204.0,public observation
2023-10-29,IOW,3.611111111111111,2.2222222222222223,4.444444444444445,-1.6435185185185184,68.735,4.9120882895299145,0.0,41.6394,-91.5445,204.0,public observation
2023-10-30,IOW,0.7407407407407408,-2.7777777777777777,4.444444444444445,-6.157407407407407,61.43958333333333,4.511150742016317,0.0,41.6394,-91.5445,204.0,public observation
2023-10-31,IOW,-0.05787037037037037,-3.3333333333333335,3.3333333333333335,-6.527777777777778,62.12145833333333,5.890101911735949,0.0,41.6394,-91.5445,204.0,public observation
2023-11-01,IOW,0.5092592592592592,-6.666666666666667,6.666666666666667,-6.805555555555556,61.85375,3.1728168814102564,0.0,41.6394,-91.5445,204.0,public observation
2023-11-02,IOW,3.9814814814814814,-3.888888888888889,15.0,-4.282407407407407,57.53208333333333,2.009509400932401,0.0,41.6394,-91.5445,204.0,public observation
2023-11-03,IOW,7.986111111111112,1.1111111111111112,13.333333333333334,0.5092592592592592,60.3325,2.5976399091880342,0.0,41.6394,-91.5445,204.0,public observation
2023-11-04,IOW,7.592592592592593,1.1111111111111112,15.555555555555555,1.8981481481481481,70.40916666666666,0.807116467948718,0.0,41.6394,-91.5445,204.0,public observation
2023-11-05,IOW,6.840277777777778,-0.5555555555555556,17.77777777777778,1.3136574074074074,71.34083333333334,1.8106595068958822,0.0,41.6394,-91.5445,204.0,public observation
2023-11-06,IOW,15.231481481481481,12.222222222222221,20.0,7.3842592592592595,60.80625,5.254015006416732,0.0,41.6394,-91.5445,204.0,public observation
2023-11-07,IOW,9.282407407407407,3.888888888888889,15.0,4.00462962962963,70.66666666666667,3.0421448076923077,0.0,41.6394,-91.5445,204.0,public observation
2023-11-08,IOW,10.57253086419753,8.333333333333334,12.222222222222221,6.4490740740740735,75.79875,3.8087817878205126,0.0,41.6394,-91.5445,204.0,public observation
2023-11-09,IOW,8.148148148148149,0.0,15.0,0.06944444444444446,61.49,4.481195637891738,0.0,41.6394,-91.5445,204.0,public observation
2023-11-10,IOW,4.6990740740740735,-2.7777777777777777,10.0,-2.314814814814815,61.69291666666667,3.7623838955905207,0.0,41.6394,-91.5445,204.0,public observation
2023-11-11,IOW,3.0092592592592595,-2.2222222222222223,10.0,-1.6666666666666667,73.67458333333333,1.9621421794871796,0.0,41.6394,-91.5445,204.0,public observation
2023-11-12,IOW,9.722222222222223,3.888888888888889,17.77777777777778,-0.02314814814814814,52.711666666666666,4.664686160754986,0.0,41.6394,-91.5445,204.0,public observation
2023-11-13,IOW,8.61111111111111,0.0,17.77777777777778,-0.7175925925925926,57.32749999999999,1.9225695641025642,0.0,41.6394,-91.5445,204.0,public observation
2023-11-14,IOW,5.9490740740740735,-3.3333333333333335,17.77777777777778,-3.1481481481481484,58.27875,2.3144940630147635,0.0,41.6394,-91.5445,204.0,public observation
2023-11-15,IOW,8.47953216374269,3.3333333333333335,17.77777777777778,-0.3508771929824561,55.21947368421053,1.800718885897436,0.0,41.6394,-91.5445,204.0,public observation
2023-11-16,IOW,15.555555555555555,15.555555555555555,15.555555555555555,8.88888888888889,64.49,6.43055,0.0,41.6394,-91.5445,204.0,public observation
2023-11-17,IOW,8.686728395061728,2.7777777777777777,15.555555555555555,-0.9197530864197533,53.27354166666667,4.706667942307692,0.0,41.6394,-91.5445,204.0,public observation
2023-11-18,IOW,3.0787037037037037,-4.444444444444445,15.0,-4.606481481481482,60.60874999999999,1.5136525384615382,0.0,41.6394,-91.5445,204.0,public observation
2023-11-19,IOW,5.810185185185186,-1.6666666666666667,15.0,-0.7407407407407408,66.4425,1.2465373846153847,0.0,41.6394,-91.5445,204.0,public observation
2023-11-20,IOW,8.587962962962964,7.222222222222222,10.555555555555555,1.712962962962963,62.7075,4.268895884615385,0.508,41.6394,-91.5445,204.0,public observation
2023-11-21,IOW,5.334876543209877,3.3333333333333335,9.444444444444445,2.654320987654321,83.57145833333333,5.3118109634615385,5.08,41.6394,-91.5445,204.0,public observation
2023-11-22,IOW,2.238425925925926,-3.3333333333333335,6.666666666666667,-2.685185185185185,71.14708333333333,3.8242732104700856,0.0,41.6394,-91.5445,204.0,public observation
2023-11-23,IOW,2.847222222222222,-1.6666666666666667,7.222222222222222,-4.421296296296297,60.66083333333333,3.2515498974358974,0.0,41.6394,-91.5445,204.0,public observation
2023-11-24,IOW,-1.4583333333333333,-4.444444444444445,2.7777777777777777,-11.574074074074074,46.64041666666666,4.737034428418803,0.0,41.6394,-91.5445,204.0,public observation
2023-11-25,IOW,-1.0555555555555556,-3.888888888888889,3.3333333333333335,-8.780092592592593,56.59108333333333,1.596731706573655,0.0,41.6394,-91.5445,204.0,public observation
2023-11-26,IOW,-0.914351851851852,-2.4074074074074066,0.5555555555555556,-2.9397597001763667,86.54255952380953,3.6858338728202082,4.318,41.6394,-91.5445,204.0,public observation
2023-11-27,IOW,-4.861111111111112,-8.88888888888889,0.5555555555555556,-9.812962962962963,68.52316666666667,5.848138659027778,0.254,41.6394,-91.5445,204.0,public observation
2023-11-28,IOW,-8.842592592592593,-14.444444444444445,-4.444444444444445,-13.055555555555555,71.86375,3.277107211538462,0.0,41.6394,-91.5445,204.0,public observation
2023-11-29,IOW,-2.3148148148148144,-7.777777777777778,6.666666666666667,-6.041666666666667,76.34458333333333,1.7576836666666666,0.0,41.6394,-91.5445,204.0,public observation
2023-11-30,IOW,0.8552689594356261,-5.158730158730158,8.88888888888889,-1.9884259259259258,82.50043452380952,1.2679725512820512,0.0,41.6394,-91.5445,204.0,public observation
2023-12-01,IOW,2.484567901234568,0.5555555555555556,3.3333333333333335,-0.8950617283950618,78.73201388888889,5.018740556604507,1.524,41.6394,-91.5445,204.0,public observation
2023-12-02,IOW,2.275462962962963,1.1111111111111112,3.3333333333333335,-1.1512345679012346,78.24201388888889,2.2563849893162393,0.0,41.6394,-91.5445,204.0,public observation
2023-12-03,IOW,1.9126543209876543,0.5555555555555556,5.0,0.3729166666666666,90.27204166666667,1.9599146033433887,3.81,41.6394,-91.5445,204.0,public observation
2023-12-04,IOW,0.5300925925925926,-2.2222222222222223,2.7777777777777777,-1.4212962962962965,86.94395833333333,1.3706729102564104,0.0,41.6394,-91.5445,204.0,public observation
2023-12-05,IOW,1.726851851851852,-1.6666666666666667,3.888888888888889,0.11728395061728387,89.48831944444446,3.167932887229764,1.27,41.6394,-91.5445,204.0,public observation
2023-12-06,IOW,0.7175925925925926,-5.0,7.222222222222222,-2.5694444444444446,79.59791666666666,3.105037,0.0,41.6394,-91.5445,204.0,public observation
2023-12-07,IOW,4.143518518518518,-2.7777777777777777,14.444444444444445,0.18518518518518512,77.37916666666666,2.0454845058275057,0.0,41.6394,-91.5445,204.0,public observation
2023-12-08,IOW,9.62962962962963,5.0,13.88888888888889,5.162037037037037,74.75750000000001,3.3976113215811967,0.0,41.6394,-91.5445,204.0,public observation
2023-12-09,IOW,4.953703703703703,1.6666666666666667,9.444444444444445,0.9413580246913581,75.6675,4.638847791145429,4.064,41.6394,-91.5445,204.0,public observation
2023-12-10,IOW,-1.4351851851851851,-3.3333333333333335,1.1111111111111112,-5.694444444444444,72.89194444444445,5.559933010712899,0.0,41.6394,-91.5445,204.0,public observation
2023-12-11,IOW,-2.7314814814814814,-7.777777777777778,5.555555555555555,-5.9259259259259265,79.81125,1.345468923076923,0.0,41.6394,-91.5445,204.0,public observation
2023-12-12,IOW,-0.8564814814814815,-4.444444444444445,2.7777777777777777,-7.1990740740740735,64.80541666666666,3.1811985811965813,0.0,41.6394,-91.5445,204.0,public observation
2023-12-13,IOW,0.625,-4.444444444444445,7.777777777777778,-7.592592592592593,55.711666666666666,0.850673825854701,0.0,41.6394,-91.5445,204.0,public observation
2023-12-14,IOW,0.32407407407407407,-6.111111111111111,11.666666666666666,-4.861111111111112,70.53333333333333,0.7007650641025641,0.0,41.6394,-91.5445,204.0,public observation
2023-12-15,IOW,3.2407407407407405,-2.7777777777777777,12.222222222222221,-1.712962962962963,72.65666666666667,0.8161851923076924,0.0,41.6394,-91.5445,204.0,public observation
2023-12-16,IOW,6.076388888888889,5.0,7.222222222222222,3.626543209876543,85.22173611111111,1.6461501346153844,7.111999999999999,41.6394,-91.5445,204.0,public observation
2023-12-17,IOW,4.14429012345679,2.7777777777777777,6.111111111111111,2.4151234567901234,88.6463888888889,4.322993508084045,0.0,41.6394,-91.5445,204.0,public observation
2023-12-18,IOW,-1.0532407407407407,-3.888888888888889,2.7777777777777777,-7.1759259259259265,64.62229166666667,7.23112510177739,0.0,41.6394,-91.5445,204.0,public observation
2023-12-19,IOW,-5.277777777777778,-11.11111111111111,3.3333333333333335,-10.648148148148149,68.0425,2.825264890598291,0.0,41.6394,-91.5445,204.0,public observation
2023-12-20,IOW,0.06944444444444446,-4.444444444444445,7.222222222222222,-5.694444444444444,66.50166666666667,1.4213164358974357,0.0,41.6394,-91.5445,204.0,public observation
2023-12-21,IOW,4.826388888888888,2.7777777777777777,9.444444444444445,-0.5671296296296297,68.22687499999999,2.352270421425797,0.0,41.6394,-91.5445,204.0,public observation
2023-12-22,IOW,7.398148148148149,6.111111111111111,8.333333333333334,5.028935185185185,85.423625,1.0099094946455505,9.906,41.6394,-91.5445,204.0,public observation
2023-12-23,IOW,8.716435185185185,7.222222222222222,13.055555555555555,8.046296296296296,95.83645138888888,0.5859347955662394,0.254,41.6394,-91.5445,204.0,public observation
2023-12-24,IOW,9.912610229276895,4.8888888888888875,14.444444444444445,9.253439153439153,95.90051587301588,3.729411114320239,0.7619999999999999,41.6394,-91.5445,204.0,public observation
2023-12-25,IOW,11.96141975308642,8.0,13.055555555555555,10.794367283950615,92.63114583333333,4.9178623295551676,14.224,41.6394,-91.5445,204.0,public observation
2023-12-26,IOW,2.398148148148148,1.0740740740740722,7.037037037037032,-0.9791666666666666,78.730625,4.101164099417249,0.508,41.6394,-91.5445,204.0,public observation
2023-12-27,IOW,2.0150462962962963,0.5555555555555556,4.444444444444445,-0.29282407407407424,84.89121527777777,2.9851914520833334,4.572,41.6394,-91.5445,204.0,public observation
2023-12-28,IOW,1.6368055555555558,0.4166666666666667,3.888888888888889,-1.524537037037037,79.86458333333333,5.168298804612871,2.286,41.6394,-91.5445,204.0,public observation
2023-12-29,IOW,0.73804012345679,-0.5555555555555556,2.2222222222222223,-1.177854938271605,87.10869791666666,4.316414674106449,1.016,41.6394,-91.5445,204.0,public observation
2023-12-30,IOW,-1.9074074074074074,-6.666666666666667,3.888888888888889,-3.489197530864198,89.383125,1.7476099235042737,0.0,41.6394,-91.5445,204.0,public observation
2023-12-31,IOW,-0.2577160493827162,-1.7777777777777775,1.6666666666666667,-3.6666666666666665,77.965625,5.6466828004856255,0.0,41.6394,-91.5445,204.0,public observation
2024-01-01,IOW,-1.8865740740740742,-3.3333333333333335,0.5555555555555556,-5.833333333333333,74.4675,3.6359303311965814,0.0,41.6394,-91.5445,204.0,public observation
2024-01-02,IOW,-3.576388888888889,-7.222222222222222,0.0,-5.555555555555556,86.23583333333333,2.6411003103794353,0.0,41.6394,-91.5445,204.0,public observation
2024-01-03,IOW,0.7291666666666666,-0.5555555555555556,2.2222222222222223,-2.7314814814814814,78.09854166666666,3.1893732813714064,0.0,41.6394,-91.5445,204.0,public observation
2024-01-04,IOW,0.48611111111111116,-1.6666666666666667,1.6666666666666667,-5.393518518518518,64.94541666666667,1.749130656857032,0.0,41.6394,-91.5445,204.0,public observation
2024-01-05,IOW,-1.8055555555555556,-5.0,2.2222222222222223,-4.791666666666667,80.40333333333334,1.2142347383449883,0.0,41.6394,-91.5445,204.0,public observation
2024-01-06,IOW,0.20833333333333334,-1.1111111111111112,1.1111111111111112,-2.332175925925926,83.20979166666667,1.8416960912675968,0.0,41.6394,-91.5445,204.0,public observation
2024-01-07,IOW,-0.8912037037037037,-3.888888888888889,0.5555555555555556,-3.6805555555555554,81.66104166666666,3.316138534835535,0.0,41.6394,-91.5445,204.0,public observation
2024-01-08,IOW,-0.9637345679012347,-4.166666666666667,2.2222222222222223,-3.424382716049383,83.46055555555556,3.385854457439782,0.0,41.6394,-91.5445,204.0,public observation
2024-01-09,IOW,0.5012345679012348,0.0,1.1111111111111112,-0.47206790123456804,93.21369444444444,6.8994758771127565,15.494,41.6394,-91.5445,204.0,public observation
2024-01-10,IOW,-3.243055555555556,-5.555555555555555,0.0,-4.938271604938271,88.07286111111112,5.39118210932401,0.254,41.6394,-91.5445,204.0,public observation
2024-01-11,IOW,-4.895833333333333,-9.259259259259258,-2.2222222222222223,-6.402006172839506,89.21055555555556,2.876834093939108,1.5239999999999998,41.6394,-91.5445,204.0,public observation
2024-01-12,IOW,-2.774691358024692,-5.555555555555555,-0.5555555555555556,-4.236111111111112,89.67357638888889,6.604352078546685,3.048,41.6394,-91.5445,204.0,public observation
2024-01-13,IOW,-11.881338183421517,-17.698412698412696,-5.555555555555555,-14.85708774250441,78.55040674603175,9.171147836723952,0.0,41.6394,-91.5445,204.0,public observation
2024-01-14,IOW,-23.550154320987655,-26.666666666666668,-19.185185185185183,-27.704012345679015,68.81618055555556,7.391572461828599,0.0,41.6394,-91.5445,204.0,public observation
2024-01-15,IOW,-23.405797101449277,-27.77777777777778,-17.22222222222222,-26.956521739130434,72.79391304347826,3.2028816715358714,0.0,41.6394,-91.5445,204.0,public observation
2024-01-16,IOW,-19.675925925925927,-23.333333333333332,-15.555555555555555,-24.421296296296294,66.36958333333332,5.338251713837089,0.0,41.6394,-91.5445,204.0,public observation
2024-01-17,IOW,-14.212962962962962,-18.333333333333332,-7.222222222222222,-19.39814814814815,64.85041666666667,3.0052178614801868,0.0,41.6394,-91.5445,204.0,public observation
2024-01-18,IOW,-7.5543430335097,-9.444444444444445,-6.111111111111111,-11.383046737213403,74.58622519841269,1.815971770886181,0.254,41.6394,-91.5445,204.0,public observation
2024-01-19,IOW,-14.484567901234568,-17.77777777777778,-9.444444444444445,-18.1766975308642,73.65027777777777,5.676860310227273,0.254,41.6394,-91.5445,204.0,public observation
2024-01-20,IOW,-18.055555555555554,-21.11111111111111,-13.333333333333334,-22.199074074074076,70.12125,3.308350174452862,0.0,41.6394,-91.5445,204.0,public observation
2024-01-21,IOW,-17.24537037037037,-25.0,-6.666666666666667,-20.76388888888889,75.06708333333333,2.118833747474748,0.0,41.6394,-91.5445,204.0,public observation
2024-01-22,IOW,-1.724537037037037,-6.666666666666667,1.1111111111111112,-5.277777777777778,77.17999999999999,4.94516432917638,0.0,41.6394,-91.5445,204.0,public observation
2024-01-23,IOW,0.9760802469135802,0.5555555555555556,1.6666666666666667,0.2299382716049382,94.84423611111112,2.2340910419337607,4.063999999999999,41.6394,-91.5445,204.0,public observation
2024-01-24,IOW,1.1419753086419753,0.0,2.7777777777777777,0.3240740740740741,94.35798611111112,1.921346660363248,0.762,41.6394,-91.5445,204.0,public observation
2024-01-25,IOW,1.525462962962963,0.5555555555555556,2.7777777777777777,1.2530864197530864,98.09413194444444,0.6783052493589744,3.048,41.6394,-91.5445,204.0,public observation
2024-01-26,IOW,2.2241512345679015,1.2777777777777801,3.3333333333333335,1.6651234567901234,96.12278472222222,1.5056195591921286,5.334,41.6394,-91.5445,204.0,public observation
2024-01-27,IOW,2.267361111111111,1.1111111111111112,4.296296296296293,1.4290123456790125,94.42364583333334,2.277106631891026,0.0,41.6394,-91.5445,204.0,public observation
2024-01-28,IOW,0.628858024691358,0.0,3.0555555555555554,-0.763888888888889,90.44138888888888,4.19115610982906,0.0,41.6394,-91.5445,204.0,public observation
2024-01-29,IOW,0.6288580246913581,-2.2222222222222223,6.666666666666667,-0.5841049382716049,92.16993055555555,2.668423069444444,0.0,41.6394,-91.5445,204.0,public observation
2024-01-30,IOW,3.6489197530864197,2.2222222222222223,5.0,0.6905864197530863,81.07000000000001,4.226261102564103,0.0,41.6394,-91.5445,204.0,public observation
2024-01-31,IOW,3.8310185185185186,1.1111111111111112,8.88888888888889,0.6597222222222222,80.29104166666667,3.007400993589744,0.0,41.6394,-91.5445,204.0,public observation
2024-02-01,IOW,3.542824074074074,-1.6666666666666667,13.88888888888889,1.0324074074074074,84.9634375,0.5507188974358975,0.0,41.6394,-91.5445,204.0,public observation
2024-02-02,IOW,2.9143518518518516,0.0,6.666666666666667,0.5462962962962964,84.55145833333334,3.9207510897435895,0.0,41.6394,-91.5445,204.0,public observation
2024-02-03,IOW,2.8356481481481484,1.1111111111111112,4.722222222222222,0.28935185185185186,83.41229166666666,4.168433262820513,0.0,41.6394,-91.5445,204.0,public observation
2024-02-04,IOW,2.9166666666666665,-1.1111111111111112,7.777777777777778,-0.7407407407407408,78.08375,3.7499175224358976,0.0,41.6394,-91.5445,204.0,public observation
2024-02-05,IOW,3.9583333333333335,-3.888888888888889,12.777777777777779,-3.5185185185185186,60.645833333333336,1.6116846993006995,0.0,41.6394,-91.5445,204.0,public observation
2024-02-06,IOW,2.6929012345679006,-4.444444444444445,12.222222222222221,-1.2731481481481481,77.09944444444444,1.1596974786324787,0.0,41.6394,-91.5445,204.0,public observation
2024-02-07,IOW,4.560185185185185,0.5555555555555556,10.555555555555555,0.763888888888889,77.57208333333334,3.089961717948718,0.0,41.6394,-91.5445,204.0,public observation
2024-02-08,IOW,10.439814814814815,4.444444444444445,19.444444444444443,2.986111111111111,62.32958333333334,5.9295180851727975,0.0,41.6394,-91.5445,204.0,public observation
2024-02-09,IOW,5.358796296296297,1.1111111111111112,11.38888888888889,0.39351851851851855,71.48979166666668,4.4537604566239315,0.0,41.6394,-91.5445,204.0,public observation
2024-02-10,IOW,2.9347826086956523,0.0,7.222222222222222,-3.1280193236714977,65.48173913043478,4.879542954059829,0.0,41.6394,-91.5445,204.0,public observation
2024-02-11,IOW,1.5277777777777777,-3.3333333333333335,6.666666666666667,-4.421296296296297,65.58520833333334,2.687620498931624,0.0,41.6394,-91.5445,204.0,public observation
2024-02-12,IOW,0.06944444444444448,-6.666666666666667,8.88888888888889,-4.953703703703703,71.69958333333334,1.663698705128205,0.0,41.6394,-91.5445,204.0,public observation
2024-02-13,IOW,1.6203703703703705,-3.3333333333333335,7.222222222222222,-4.791666666666667,64.02958333333333,1.3035604241452992,0.0,41.6394,-91.5445,204.0,public observation
2024-02-14,IOW,2.1527777777777777,-5.555555555555555,11.666666666666666,-4.560185185185185,65.22083333333333,1.809847568764569,0.0,41.6394,-91.5445,204.0,public observation
2024-02-15,IOW,4.405864197530864,0.5555555555555556,7.222222222222222,-2.434413580246914,64.68784722222223,5.342970829118104,3.302,41.6394,-91.5445,204.0,public observation
2024-02-16,IOW,-1.1377314814814816,-4.444444444444445,2.7777777777777777,-7.869598765432099,61.82000694444445,4.786894704059258,0.508,41.6394,-91.5445,204.0,public observation
2024-02-17,IOW,-7.476851851851852,-13.333333333333334,-0.5555555555555556,-13.773148148148147,62.040416666666665,6.434620992359492,0.0,41.6394,-91.5445,204.0,public observation
2024-02-18,IOW,0.7407407407407408,-4.444444444444445,8.333333333333334,-8.310185185185185,52.30916666666667,5.4930071216653715,0.0,41.6394,-91.5445,204.0,public observation
2024-02-19,IOW,1.2731481481481481,-7.222222222222222,13.333333333333334,-5.648148148148149,66.24958333333333,2.0825088846153847,0.0,41.6394,-91.5445,204.0,public observation
2024-02-20,IOW,4.236111111111112,-3.3333333333333335,13.88888888888889,-4.0740740740740735,59.11708333333333,1.868019813034188,0.0,41.6394,-91.5445,204.0,public observation
2024-02-21,IOW,9.305555555555555,3.888888888888889,15.555555555555555,-0.9722222222222223,49.440416666666664,1.7906608461538462,0.0,41.6394,-91.5445,204.0,public observation
2024-02-22,IOW,11.157407407407407,4.444444444444445,17.77777777777778,-0.5555555555555555,47.32041666666667,2.360016846542347,0.0,41.6394,-91.5445,204.0,public observation
2024-02-23,IOW,6.689814814814814,-2.2222222222222223,13.88888888888889,-1.25,59.406666666666666,5.441252103282828,0.0,41.6394,-91.5445,204.0,public observation
2024-02-24,IOW,1.3618827160493827,-5.0,6.666666666666667,-6.477623456790123,58.21736111111111,4.491193481196581,0.0,41.6394,-91.5445,204.0,public observation
2024-02-25,IOW,5.694444444444444,-3.888888888888889,19.444444444444443,-4.537037037037037,52.612500000000004,1.5132403237179488,0.0,41.6394,-91.5445,204.0,public observation
2024-02-26,IOW,11.689814814814815,1.6666666666666667,23.88888888888889,-0.763888888888889,46.58708333333333,3.5395755810023313,0.0,41.6394,-91.5445,204.0,public observation
2024-02-27,IOW,13.00925925925926,4.444444444444445,23.88888888888889,2.3379629629629632,52.54916666666667,2.6181864051087804,0.0,41.6394,-91.5445,204.0,public observation
2024-02-28,IOW,-5.923225308641975,-12.777777777777779,1.6666666666666667,-14.885802469135802,52.59229166666666,9.12792600993266,0.0,41.6394,-91.5445,204.0,public observation
2024-02-29,IOW,-1.203703703703704,-8.88888888888889,11.666666666666666,-13.125,43.49458333333333,3.1988408963610464,0.0,41.6394,-91.5445,204.0,public observation
2024-03-01,IOW,4.560185185185185,-2.7777777777777777,10.0,-6.064814814814816,46.97708333333333,4.999130555477856,0.0,41.6394,-91.5445,204.0,public observation
2024-03-02,IOW,6.435185185185186,-2.2222222222222223,18.333333333333332,0.3703703703703704,69.8575,3.3831838055555554,0.0,41.6394,-91.5445,204.0,public observation
2024-03-03,IOW,14.722222222222221,7.777777777777778,26.666666666666668,6.087962962962963,60.90375,6.63514460911681,0.0,41.6394,-91.5445,204.0,public observation
2024-03-04,IOW,11.68364197530864,6.666666666666667,22.22222222222222,3.1157407407407405,57.54756944444444,3.926416217042217,0.508,41.6394,-91.5445,204.0,public observation
2024-03-05,IOW,7.239969135802469,5.555555555555555,12.222222222222221,3.5466820987654324,77.88197916666667,4.752698856347125,7.366,41.6394,-91.5445,204.0,public observation
2024-03-06,IOW,6.111111111111111,0.5555555555555556,13.333333333333334,0.462962962962963,69.37416666666667,2.199577871794872,0.0,41.6394,-91.5445,204.0,public observation
2024-03-07,IOW,7.465277777777778,3.888888888888889,10.555555555555555,1.6087962962962965,66.680625,3.5052386282051287,0.0,41.6394,-91.5445,204.0,public observation
2024-03-08,IOW,7.291666666666667,6.111111111111111,8.333333333333334,5.543981481481481,88.69631944444444,5.376010465384616,11.684,41.6394,-91.5445,204.0,public observation
2024-03-09,IOW,2.2685185185185186,-2.7777777777777777,6.666666666666667,-4.467592592592593,62.734166666666674,6.453163458420747,0.0,41.6394,-91.5445,204.0,public observation
2024-03-10,IOW,2.361111111111111,-3.888888888888889,10.0,-8.125,48.92666666666667,2.590137600854701,0.0,41.6394,-91.5445,204.0,public observation
2024-03-11,IOW,9.467592592592593,0.5555555555555556,23.333333333333332,-1.875,48.83166666666667,3.4948386822066824,0.0,41.6394,-91.5445,204.0,public observation
2024-03-12,IOW,14.652777777777779,6.666666666666667,21.666666666666668,3.611111111111111,48.736250000000005,4.2219583658119655,0.0,41.6394,-91.5445,204.0,public observation
2024-03-13,IOW,13.819444444444445,6.111111111111111,21.666666666666668,7.12962962962963,66.56458333333333,1.5671030502136754,0.254,41.6394,-91.5445,204.0,public observation
2024-03-14,IOW,11.959876543209875,8.88888888888889,18.333333333333332,7.0351080246913575,73.5879861111111,4.8624953761412195,18.288,41.6394,-91.5445,204.0,public observation
2024-03-15,IOW,9.82638888888889,3.3333333333333335,15.555555555555555,1.8865740740740742,60.1525,3.066797747630148,0.0,41.6394,-91.5445,204.0,public observation
2024-03-16,IOW,8.24074074074074,1.6666666666666667,13.333333333333334,0.2777777777777778,59.42041666666666,5.6834111341394715,0.0,41.6394,-91.5445,204.0,public observation
2024-03-17,IOW,2.060185185185185,-0.5555555555555556,8.333333333333334,-8.055555555555555,47.571666666666665,6.700893158132608,0.0,41.6394,-91.5445,204.0,public observation
2024-03-18,IOW,-2.013888888888889,-6.111111111111111,2.7777777777777777,-11.388888888888888,49.581250000000004,5.380605737794613,0.0,41.6394,-91.5445,204.0,public observation
2024-03-19,IOW,5.277777777777778,-2.7777777777777777,17.22222222222222,-7.083333333333333,42.7825,4.888513103776224,0.0,41.6394,-91.5445,204.0,public observation
2024-03-20,IOW,4.976851851851852,-0.5555555555555556,13.88888888888889,-10.879629629629632,31.417083333333334,5.900832358974359,0.0,41.6394,-91.5445,204.0,public observation
2024-03-21,IOW,2.1464646464646466,-1.1111111111111112,8.333333333333334,-11.969696969696969,35.79545454545455,3.2235192948717946,0.0,41.6394,-91.5445,204.0,public observation
2024-03-22,IOW,3.199074074074074,-0.44444444444444486,7.222222222222222,-3.609567901234568,63.90020833333333,4.668232516168091,10.668,41.6394,-91.5445,204.0,public observation
2024-03-23,IOW,0.46064814814814814,-3.888888888888889,4.444444444444445,-6.736111111111111,59.338541666666664,3.920160427059052,0.0,41.6394,-91.5445,204.0,public observation
2024-03-24,IOW,4.421296296296297,1.6666666666666667,11.666666666666666,-3.6342592592592595,56.57333333333333,5.368932149358975,0.0,41.6394,-91.5445,204.0,public observation
2024-03-25,IOW,12.118827160493828,9.444444444444445,15.92592592592592,3.2384259259259256,56.11833333333333,5.814609807731158,0.508,41.6394,-91.5445,204.0,public observation
2024-03-26,IOW,6.60787037037037,0.5555555555555556,12.222222222222221,4.963526570048309,88.1453695652174,6.395191700412782,5.842,41.6394,-91.5445,204.0,public observation
2024-03-27,IOW,0.6712962962962962,-4.444444444444445,6.111111111111111,-6.944444444444444,59.134166666666665,6.505702220159932,0.0,41.6394,-91.5445,204.0,public observation
2024-03-28,IOW,4.375,-0.5555555555555556,12.222222222222221,-4.282407407407407,54.969166666666666,1.1513157788461539,0.0,41.6394,-91.5445,204.0,public observation
2024-03-29,IOW,9.143518518518519,2.7777777777777777,17.77777777777778,-1.3194444444444444,48.291666666666664,3.8242553656759903,0.0,41.6394,-91.5445,204.0,public observation
2024-03-30,IOW,12.25,6.666666666666667,17.22222222222222,5.273148148148148,65.32138888888889,3.935211797086247,0.508,41.6394,-91.5445,204.0,public observation
2024-03-31,IOW,10.459104938271606,5.833333333333333,15.0,4.239969135802469,67.23006944444444,3.507028817948718,2.032,41.6394,-91.5445,204.0,public observation
2024-04-01,IOW,7.642361111111112,6.111111111111111,9.444444444444445,6.0640432098765435,89.75395833333333,5.171924641088773,6.604,41.6394,-91.5445,204.0,public observation
2024-04-02,IOW,4.442901234567901,1.3333333333333326,6.666666666666667,3.1936728395061724,91.62816666666667,6.37442383982129,59.436,41.6394,-91.5445,204.0,public observation
2024-04-03,IOW,2.846801346801347,1.1111111111111112,5.555555555555555,0.2365319865319864,83.48239393939394,7.4844404185922775,3.556,41.6394,-91.5445,204.0,public observation
2024-04-04,IOW,4.305555555555555,1.6666666666666667,7.777777777777778,-1.6782407407407407,65.63145833333333,6.239049305963481,0.0,41.6394,-91.5445,204.0,public observation
2024-04-05,IOW,7.083333333333333,2.2222222222222223,12.222222222222221,-0.9027777777777778,57.96,3.4198959004467757,0.0,41.6394,-91.5445,204.0,public observation
2024-04-06,IOW,6.25,-1.6666666666666667,13.88888888888889,-1.3194444444444444,61.785833333333336,3.1145047339549343,0.0,41.6394,-91.5445,204.0,public observation
2024-04-07,IOW,10.470679012345679,6.666666666666667,18.333333333333332,4.344135802469135,67.02819444444445,6.8595962778307555,3.048,41.6394,-91.5445,204.0,public observation
2024-04-08,IOW,14.398148148148147,7.777777777777778,20.0,4.027777777777778,50.89125000000001,4.79062234508547,0.0,41.6394,-91.5445,204.0,public observation
2024-04-09,IOW,11.13425925925926,3.3333333333333335,18.333333333333332,2.986111111111111,59.71083333333333,4.060315224358974,0.0,41.6394,-91.5445,204.0,public observation
2024-04-10,IOW,11.967592592592593,3.3333333333333335,21.666666666666668,3.032407407407408,59.50125,0.9143297753496503,0.0,41.6394,-91.5445,204.0,public observation
2024-04-11,IOW,12.673611111111112,8.333333333333334,17.22222222222222,4.791666666666667,59.874583333333334,4.105136707478633,0.762,41.6394,-91.5445,204.0,public observation
2024-04-12,IOW,11.898148148148147,7.222222222222222,18.333333333333332,2.8703703703703702,57.715833333333336,7.136859513006994,0.508,41.6394,-91.5445,204.0,public observation
2024-04-13,IOW,13.333333333333334,2.2222222222222223,26.666666666666668,2.060185185185185,50.85,4.0455579365384615,0.0,41.6394,-91.5445,204.0,public observation
2024-04-14,IOW,22.199074074074076,16.666666666666668,30.0,8.425925925925926,43.66375,3.4801916752136752,0.0,41.6394,-91.5445,204.0,public observation
2024-04-15,IOW,20.069444444444446,11.666666666666666,26.11111111111111,1.8055555555555556,30.454166666666666,4.638560906339031,0.0,41.6394,-91.5445,204.0,public observation
2024-04-16,IOW,18.88150352733686,16.11111111111111,23.055555555555557,7.862544091710759,51.841438492063496,6.1032375746503496,19.304,41.6394,-91.5445,204.0,public observation
2024-04-17,IOW,15.397376543209875,12.5,20.0,10.709876543209875,74.24625,7.596118594337607,0.0,41.6394,-91.5445,204.0,public observation
2024-04-18,IOW,9.805555555555555,7.777777777777778,14.444444444444445,7.215277777777778,84.22791666666667,2.6039980093240094,9.398,41.6394,-91.5445,204.0,public observation
2024-04-19,IOW,7.700617283950617,0.0,13.333333333333334,0.015432098765431853,62.13930555555555,5.253378185198135,0.0,41.6394,-91.5445,204.0,public observation
2024-04-20,IOW,4.305555555555555,-1.1111111111111112,10.0,-4.0509259259259265,55.632083333333334,5.13116668525641,0.0,41.6394,-91.5445,204.0,public observation
2024-04-21,IOW,6.5740740740740735,-2.2222222222222223,15.555555555555555,-3.425925925925926,53.41291666666667,3.79162615967366,0.0,41.6394,-91.5445,204.0,public observation
2024-04-22,IOW,10.856481481481481,2.2222222222222223,18.88888888888889,-1.4583333333333333,44.98916666666667,3.7582887532763536,0.0,41.6394,-91.5445,204.0,public observation
2024-04-23,IOW,15.972222222222221,11.666666666666666,21.11111111111111,3.1018518518518516,44.190625000000004,5.861709714160839,0.0,41.6394,-91.5445,204.0,public observation
2024-04-24,IOW,11.805555555555555,6.111111111111111,16.666666666666668,1.4583333333333333,52.586666666666666,3.2425586194832943,0.0,41.6394,-91.5445,204.0,public observation
2024-04-25,IOW,11.458333333333334,6.666666666666667,17.22222222222222,-0.7175925925925926,45.05875,4.3630640527065525,0.0,41.6394,-91.5445,204.0,public observation
2024-04-26,IOW,10.906635802469134,8.88888888888889,14.444444444444445,5.4282407407407405,71.15993055555556,6.120942703490029,7.112,41.6394,-91.5445,204.0,public observation
2024-04-27,IOW,20.695987654320987,15.0,27.22222222222222,16.304783950617285,77.19270833333333,6.414328368376069,0.0,41.6394,-91.5445,204.0,public observation
2024-04-28,IOW,17.38310185185185,15.555555555555555,20.38888888888889,15.644675925925926,89.81729166666666,3.19163470489082,27.939999999999998,41.6394,-91.5445,204.0,public observation
2024-04-29,IOW,16.79783950617284,13.88888888888889,18.88888888888889,11.811342592592593,73.72621527777777,5.415065849412393,0.0,41.6394,-91.5445,204.0,public observation
2024-04-30,IOW,15.207098765432098,6.111111111111111,25.0,9.134182098765432,70.15406944444445,2.8060248715358718,0.0,41.6394,-91.5445,204.0,public observation
2024-05-01,IOW,18.00925925925926,12.222222222222221,22.77777777777778,7.8240740740740735,55.44708333333333,4.57127829985755,2.794,41.6394,-91.5445,204.0,public observation
2024-05-02,IOW,15.825617283950619,12.777777777777779,17.77777777777778,9.725308641975309,69.5705,3.257640745537959,23.622,41.6394,-91.5445,204.0,public observation
2024-05-03,IOW,15.688580246913581,7.088888888888892,22.77777777777778,9.063734567901234,71.59083333333334,2.444050427721217,8.889999999999999,41.6394,-91.5445,204.0,public observation
2024-05-04,IOW,15.528549382716049,10.555555555555555,21.11111111111111,9.907407407407407,69.93055555555556,3.375802306478244,0.508,41.6394,-91.5445,204.0,public observation
2024-05-05,IOW,13.888888888888888,6.111111111111111,21.11111111111111,6.527777777777778,64.87,2.4523454542929293,0.0,41.6394,-91.5445,204.0,public observation
2024-05-06,IOW,17.75462962962963,13.333333333333334,24.444444444444443,8.148148148148147,54.23666666666667,3.397411459887335,0.0,41.6394,-91.5445,204.0,public observation
2024-05-07,IOW,19.67650462962963,13.88888888888889,25.0,14.231867283950619,73.64461805555555,4.95934641980057,13.716,41.6394,-91.5445,204.0,public observation
2024-05-08,IOW,18.912037037037038,11.11111111111111,26.666666666666668,9.51388888888889,56.98166666666666,2.834913213869464,0.0,41.6394,-91.5445,204.0,public observation
2024-05-09,IOW,16.443287037037038,12.777777777777779,23.88888888888889,11.868055555555555,75.4209375,4.215994992521368,8.128,41.6394,-91.5445,204.0,public observation
2024-05-10,IOW,16.084104938271604,11.11111111111111,22.22222222222222,10.771604938271606,74.62472222222222,2.923375925427351,0.254,41.6394,-91.5445,204.0,public observation
2024-05-11,IOW,17.77777777777778,8.333333333333334,24.444444444444443,6.087962962962963,49.819583333333334,4.376319463173401,0.0,41.6394,-91.5445,204.0,public observation
2024-05-12,IOW,19.49074074074074,10.0,29.444444444444443,9.375,56.98208333333333,2.6583728814102563,0.0,41.6394,-91.5445,204.0,public observation
2024-05-13,IOW,19.90740740740741,15.0,24.444444444444443,13.958333333333334,69.74166666666666,2.1851503557692307,1.27,41.6394,-91.5445,204.0,public observation
2024-05-14,IOW,17.01658950617284,14.444444444444445,18.88888888888889,15.450231481481481,90.6673263888889,3.463359573183761,22.86,41.6394,-91.5445,204.0,public observation
2024-05-15,IOW,16.93287037037037,11.11111111111111,23.88888888888889,11.238425925925926,70.39458333333333,2.187662902777778,0.0,41.6394,-91.5445,204.0,public observation
2024-05-16,IOW,20.011574074074073,15.555555555555555,25.0,14.652777777777779,73.935625,2.532313686965812,0.0,41.6394,-91.5445,204.0,public observation
2024-05-17,IOW,19.791666666666668,11.11111111111111,27.22222222222222,11.273148148148147,62.39416666666667,1.465860610916861,0.0,41.6394,-91.5445,204.0,public observation
2024-05-18,IOW,22.89351851851852,14.444444444444445,31.11111111111111,14.305555555555555,61.61083333333334,2.9495505504403003,0.0,41.6394,-91.5445,204.0,public observation
2024-05-19,IOW,23.541666666666668,17.22222222222222,29.444444444444443,11.504629629629632,48.30166666666667,3.004633266025641,0.0,41.6394,-91.5445,204.0,public observation
2024-05-20,IOW,22.260196208112873,17.460317460317462,28.333333333333332,15.694720017636683,69.22305059523809,3.648021688176638,22.351999999999997,41.6394,-91.5445,204.0,public observation
2024-05-21,IOW,24.125,20.555555555555557,29.444444444444443,18.675154320987655,72.51850694444444,4.373404991919192,0.254,41.6394,-91.5445,204.0,public observation
2024-05-22,IOW,18.767746913580247,13.055555555555555,23.333333333333332,10.646604938271606,61.32441666666667,7.23773505144069,1.27,41.6394,-91.5445,204.0,public observation
2024-05-23,IOW,19.212962962962962,11.11111111111111,27.22222222222222,9.976851851851853,59.9125,1.7249812970085472,0.0,41.6394,-91.5445,204.0,public observation
2024-05-24,IOW,20.05902777777778,16.11111111111111,24.444444444444443,15.842995169082126,77.31748550724637,3.5327656506798757,37.592,41.6394,-91.5445,204.0,public observation
2024-05-25,IOW,17.38425925925926,8.333333333333334,24.444444444444443,9.652777777777777,63.4,2.644457510975136,0.0,41.6394,-91.5445,204.0,public observation
2024-05-26,IOW,19.34027777777778,16.666666666666668,24.444444444444443,13.329475308641975,69.49111111111111,4.347040200883838,4.064,41.6394,-91.5445,204.0,public observation
2024-05-27,IOW,17.925925925925927,12.777777777777779,23.333333333333332,11.266203703703704,66.41583333333334,5.192632900067988,0.0,41.6394,-91.5445,204.0,public observation
2024-05-28,IOW,16.805555555555554,12.222222222222221,21.666666666666668,10.555555555555555,69.11833333333333,4.425122417268843,0.0,41.6394,-91.5445,204.0,public observation
2024-05-29,IOW,17.15277777777778,11.11111111111111,23.333333333333332,9.050925925925926,62.08375,2.184063607808858,0.0,41.6394,-91.5445,204.0,public observation
2024-05-30,IOW,18.61111111111111,12.222222222222221,24.444444444444443,8.287037037037036,53.522083333333335,3.2049696314102563,0.0,41.6394,-91.5445,204.0,public observation
2024-05-31,IOW,20.25462962962963,13.88888888888889,26.666666666666668,9.097222222222223,49.637499999999996,3.2695049723581975,0.0,41.6394,-91.5445,204.0,public observation
2024-06-01,IOW,18.962962962962962,16.666666666666668,23.88888888888889,14.436921296296296,77.32296875,2.284624970797721,12.7,41.6394,-91.5445,204.0,public observation
2024-06-02,IOW,18.83641975308642,12.777777777777779,25.0,15.178626543209878,81.1103125,1.8181280588270525,0.0,41.6394,-91.5445,204.0,public observation
2024-06-03,IOW,23.743961352657003,18.333333333333332,31.11111111111111,17.83816425120773,71.18826086956521,4.495828428532116,0.0,41.6394,-91.5445,204.0,public observation
2024-06-04,IOW,23.609953703703706,20.555555555555557,27.77777777777778,19.58564814814815,78.63753472222221,2.7266037007672885,1.778,41.6394,-91.5445,204.0,public observation
2024-06-05,IOW,21.94521604938272,16.11111111111111,27.77777777777778,14.469907407407407,66.401875,4.4398354499999995,2.54,41.6394,-91.5445,204.0,public observation
2024-06-06,IOW,21.770833333333332,14.444444444444445,26.666666666666668,9.814814814814815,51.23979166666667,5.676780662962963,0.0,41.6394,-91.5445,204.0,public observation
2024-06-07,IOW,20.56712962962963,12.222222222222221,27.77777777777778,7.44212962962963,46.640208333333334,3.7354180324074076,0.0,41.6394,-91.5445,204.0,public observation
2024-06-08,IOW,21.060185185185187,17.77777777777778,25.0,13.951388888888888,64.70944444444444,2.8510391973970477,0.0,41.6394,-91.5445,204.0,public observation
2024-06-09,IOW,19.969135802469136,12.222222222222221,27.77777777777778,9.691358024691358,60.12263888888889,3.263282968518519,0.0,41.6394,-91.5445,204.0,public observation
2024-06-10,IOW,19.444444444444446,15.0,25.0,7.1759259259259265,47.681666666666665,3.7278952620435124,0.0,41.6394,-91.5445,204.0,public observation
2024-06-11,IOW,19.305555555555554,10.0,28.88888888888889,9.25925925925926,55.595416666666665,2.678121715034965,0.0,41.6394,-91.5445,204.0,public observation
2024-06-12,IOW,25.48611111111111,16.11111111111111,33.888888888888886,15.208333333333334,57.39083333333334,2.7992004274475524,0.0,41.6394,-91.5445,204.0,public observation
2024-06-13,IOW,27.33024691358025,21.666666666666668,33.333333333333336,16.936728395061728,54.905972222222225,3.7189093375291375,0.508,41.6394,-91.5445,204.0,public observation
2024-06-14,IOW,24.583333333333332,17.22222222222222,30.555555555555557,12.916666666666666,53.66416666666667,2.6483872915306916,0.0,41.6394,-91.5445,204.0,public observation
2024-06-15,IOW,23.26388888888889,18.333333333333332,28.88888888888889,12.314814814814815,51.043749999999996,3.425961702855478,0.0,41.6394,-91.5445,204.0,public observation
2024-06-16,IOW,26.48148148148148,22.77777777777778,31.11111111111111,17.662037037037038,58.895833333333336,4.841107052059052,0.0,41.6394,-91.5445,204.0,public observation
2024-06-17,IOW,28.912037037037038,24.444444444444443,33.888888888888886,20.787037037037038,63.71208333333333,4.944497112325175,0.0,41.6394,-91.5445,204.0,public observation
2024-06-18,IOW,28.368055555555557,23.333333333333332,33.333333333333336,20.97222222222222,65.62520833333333,6.6510020284932665,0.0,41.6394,-91.5445,204.0,public observation
2024-06-19,IOW,26.27314814814815,23.333333333333332,31.11111111111111,19.375,66.34229166666667,3.784902836085211,0.0,41.6394,-91.5445,204.0,public observation
2024-06-20,IOW,23.60252425044092,20.749999999999996,30.0,20.3521164021164,83.0449429563492,2.083955878638192,67.31,41.6394,-91.5445,204.0,public observation
2024-06-21,IOW,26.689814814814813,22.77777777777778,32.22222222222222,21.50462962962963,75.51833333333333,2.1730587232905982,0.508,41.6394,-91.5445,204.0,public observation
2024-06-22,IOW,28.634259259259256,25.555555555555557,32.77777777777778,21.203703703703706,64.64625,4.743987117094018,0.508,41.6394,-91.5445,204.0,public observation
2024-06-23,IOW,24.791666666666668,20.555555555555557,29.444444444444443,18.802083333333332,71.39583333333333,4.501363050903263,2.5399999999999996,41.6394,-91.5445,204.0,public observation
2024-06-24,IOW,26.319444444444443,21.11111111111111,32.22222222222222,19.699074074074073,68.40166666666666,3.0795739064102565,0.0,41.6394,-91.5445,204.0,public observation
2024-06-25,IOW,29.504243827160494,26.666666666666668,32.77777777777778,22.91087962962963,67.88704861111111,3.884494393997669,1.524,41.6394,-91.5445,204.0,public observation
2024-06-26,IOW,25.31360229276896,21.666666666666668,31.666666666666668,17.26686507936508,66.53330357142858,3.657595338811189,20.066,41.6394,-91.5445,204.0,public observation
2024-06-27,IOW,22.615740740740744,17.77777777777778,28.88888888888889,14.722222222222221,62.371249999999996,3.1629237275641024,0.0,41.6394,-91.5445,204.0,public observation
2024-06-28,IOW,20.046296296296294,16.666666666666668,23.88888888888889,16.77006172839506,81.84969444444444,3.978592708467404,22.098,41.6394,-91.5445,204.0,public observation
2024-06-29,IOW,24.525462962962962,21.11111111111111,29.444444444444443,19.224537037037038,74.62479166666667,3.280554825757576,0.0,41.6394,-91.5445,204.0,public observation
2024-06-30,IOW,19.930555555555557,15.0,23.88888888888889,11.064814814814815,58.123333333333335,3.7229262006798756,0.0,41.6394,-91.5445,204.0,public observation
2024-07-01,IOW,18.65740740740741,12.777777777777779,22.22222222222222,10.092592592592593,59.025,3.179000102564103,0.0,41.6394,-91.5445,204.0,public observation
2024-07-02,IOW,22.211728395061726,18.333333333333332,28.88888888888889,16.045216049382717,68.55475,4.320414875854701,29.717999999999996,41.6394,-91.5445,204.0,public observation
2024-07-03,IOW,24.869212962962962,21.666666666666668,28.88888888888889,19.539737654320987,74.7948611111111,2.2218798440862244,4.572,41.6394,-91.5445,204.0,public observation
2024-07-04,IOW,23.671497584541065,20.555555555555557,26.666666666666668,19.347826086956523,77.36086956521739,1.453194376068376,2.286,41.6394,-91.5445,204.0,public observation
2024-07-05,IOW,21.540123456790123,17.77777777777778,25.555555555555557,16.34104938271605,73.57118055555556,4.008755546989122,5.8420000000000005,41.6394,-91.5445,204.0,public observation
2024-07-06,IOW,21.990740740740744,16.666666666666668,27.77777777777778,14.837962962962962,66.42958333333333,2.349674003885004,0.0,41.6394,-91.5445,204.0,public observation
2024-07-07,IOW,21.944444444444443,19.444444444444443,25.0,17.26851851851852,75.2075,2.1887228835470087,1.27,41.6394,-91.5445,204.0,public observation
2024-07-08,IOW,21.7608024691358,18.333333333333332,27.22222222222222,17.325617283950617,77.29055555555556,2.0089579967948716,4.572,41.6394,-91.5445,204.0,public observation
2024-07-09,IOW,23.587962962962962,18.88888888888889,27.77777777777778,17.79320987654321,71.25625000000001,1.3417864713675216,0.0,41.6394,-91.5445,204.0,public observation
2024-07-10,IOW,23.87739197530864,18.88888888888889,30.0,17.974305555555556,70.85060416666667,3.0319255192401964,28.194,41.6394,-91.5445,204.0,public observation
2024-07-11,IOW,22.277777777777775,17.333333333333332,27.77777777777778,17.344135802469136,75.88544444444445,1.8690031241704375,0.0,41.6394,-91.5445,204.0,public observation
2024-07-12,IOW,23.402777777777775,17.77777777777778,28.88888888888889,17.546296296296294,71.03875000000001,2.050081324786325,0.0,41.6394,-91.5445,204.0,public observation
2024-07-13,IOW,26.46604938271605,21.666666666666668,32.22222222222222,20.609567901234566,71.84430555555555,3.6936861969373225,0.0,41.6394,-91.5445,204.0,public observation
2024-07-14,IOW,27.68287037037037,23.333333333333332,33.333333333333336,22.180555555555557,72.985,3.555818358707265,2.2859999999999996,41.6394,-91.5445,204.0,public observation
2024-07-15,IOW,27.28395061728395,21.11111111111111,33.74074074074073,21.281635802469136,70.43159722222222,2.4469120713869463,14.985999999999999,41.6394,-91.5445,204.0,public observation
2024-07-16,IOW,23.427854938271604,20.0,28.333333333333332,19.305555555555554,78.64326388888888,2.382434190675991,7.365999999999999,41.6394,-91.5445,204.0,public observation
2024-07-17,IOW,23.125,18.333333333333332,26.666666666666668,14.722222222222221,62.07666666666666,3.444204078962704,0.0,41.6394,-91.5445,204.0,public observation
2024-07-18,IOW,20.37037037037037,14.444444444444445,25.0,11.273148148148147,57.68375,2.0552527461149963,0.0,41.6394,-91.5445,204.0,public observation
2024-07-19,IOW,19.65277777777778,13.88888888888889,25.0,12.800925925925926,66.83666666666666,1.139911170940171,0.0,41.6394,-91.5445,204.0,public observation
2024-07-20,IOW,20.555555555555554,16.11111111111111,26.11111111111111,14.722222222222221,70.24291666666666,0.8032691303418803,0.0,41.6394,-91.5445,204.0,public observation
2024-07-21,IOW,22.01388888888889,16.666666666666668,27.22222222222222,16.34259259259259,71.83375,1.5977443461538463,0.0,41.6394,-91.5445,204.0,public observation
2024-07-22,IOW,22.800925925925924,16.666666666666668,28.333333333333332,16.50462962962963,69.71041666666666,0.8880204816239315,0.0,41.6394,-91.5445,204.0,public observation
2024-07-23,IOW,22.970458553791886,18.333333333333332,29.444444444444443,17.908289241622576,74.56123015873017,1.8767829155529656,8.89,41.6394,-91.5445,204.0,public observation
2024-07-24,IOW,22.123456790123456,19.444444444444443,25.740740740740737,18.541203703703705,80.6913611111111,1.4231075493715435,6.35,41.6394,-91.5445,204.0,public observation
2024-07-25,IOW,23.333333333333332,18.88888888888889,27.22222222222222,17.65817901234568,71.38756944444445,3.161722416025641,0.0,41.6394,-91.5445,204.0,public observation
2024-07-26,IOW,23.1983024691358,19.444444444444443,27.77777777777778,16.59722222222222,66.82916666666667,3.7719415673076924,0.0,41.6394,-91.5445,204.0,public observation
2024-07-27,IOW,23.51851851851852,18.88888888888889,29.444444444444443,18.796296296296294,75.35916666666667,3.1097480256410255,0.0,41.6394,-91.5445,204.0,public observation
2024-07-28,IOW,24.838734567901238,21.666666666666668,30.0,20.144290123456788,76.04347222222222,2.7102530512820517,0.0,41.6394,-91.5445,204.0,public observation
2024-07-29,IOW,24.516718106995885,20.555555555555557,29.444444444444443,20.320473251028805,78.38735648148149,3.129653148171192,41.147999999999996,41.6394,-91.5445,204.0,public observation
2024-07-30,IOW,23.849537037037038,20.666666666666668,28.88888888888889,19.32928240740741,76.57166666666667,1.6865668087606835,3.556,41.6394,-91.5445,204.0,public observation
2024-07-31,IOW,24.647762345679013,21.11111111111111,29.444444444444443,19.173996913580247,72.29038194444445,2.409087888927739,1.016,41.6394,-91.5445,204.0,public observation
2024-08-01,IOW,25.216765873015873,22.063492063492063,28.88888888888889,20.443838183421516,75.89852182539683,3.5780504738782053,18.034,41.6394,-91.5445,204.0,public observation
2024-08-02,IOW,25.79783950617284,21.666666666666668,31.11111111111111,18.583333333333332,65.62527777777778,4.687810991491841,0.0,41.6394,-91.5445,204.0,public observation
2024-08-03,IOW,26.38888888888889,20.555555555555557,31.11111111111111,16.96759259259259,60.61958333333333,2.837661312160062,0.0,41.6394,-91.5445,204.0,public observation
2024-08-04,IOW,25.833333333333332,20.0,32.77777777777778,18.449074074074073,64.91041666666666,1.8615617820512822,0.0,41.6394,-91.5445,204.0,public observation
2024-08-05,IOW,28.37962962962963,25.0,32.77777777777778,21.412037037037038,66.57958333333333,2.8654021152680653,0.0,41.6394,-91.5445,204.0,public observation
2024-08-06,IOW,22.932098765432098,18.333333333333332,28.88888888888889,17.783564814814813,73.14628472222222,4.925528512580938,0.0,41.6394,-91.5445,204.0,public observation
2024-08-07,IOW,22.060185185185187,17.22222222222222,26.11111111111111,13.981481481481481,61.143750000000004,2.779197602920228,0.0,41.6394,-91.5445,204.0,public observation
2024-08-08,IOW,21.07638888888889,16.11111111111111,25.555555555555557,15.324074074074074,70.99701388888889,2.1081250865384615,0.0,41.6394,-91.5445,204.0,public observation
2024-08-09,IOW,17.962962962962962,11.666666666666666,22.77777777777778,10.046296296296296,61.25625,4.2514354673853925,0.0,41.6394,-91.5445,204.0,public observation
2024-08-10,IOW,17.38425925925926,11.11111111111111,24.444444444444443,9.12037037037037,61.517500000000005,3.6254528198264695,0.0,41.6394,-91.5445,204.0,public observation
2024-08-11,IOW,19.050925925925927,11.666666666666666,26.666666666666668,11.319444444444445,63.8725,1.2617893301282053,0.0,41.6394,-91.5445,204.0,public observation
2024-08-12,IOW,20.60185185185185,17.22222222222222,25.555555555555557,15.324074074074074,72.89833333333333,1.3982324102564103,6.604,41.6394,-91.5445,204.0,public observation
2024-08-13,IOW,20.833333333333332,17.77777777777778,26.11111111111111,15.995370370370372,75.22,1.6858208963675214,0.508,41.6394,-91.5445,204.0,public observation
2024-08-14,IOW,20.546296296296294,16.666666666666668,23.88888888888889,16.375,77.56691666666667,1.9603833965811968,0.254,41.6394,-91.5445,204.0,public observation
2024-08-15,IOW,23.069058641975307,20.648148148148152,27.77777777777778,19.91358024691358,82.78657638888889,4.066333388165402,64.262,41.6394,-91.5445,204.0,public observation
2024-08-16,IOW,23.88888888888889,17.77777777777778,30.0,18.37962962962963,73.46791666666667,2.8392518781403777,0.0,41.6394,-91.5445,204.0,public observation
2024-08-17,IOW,22.939814814814813,18.88888888888889,27.77777777777778,17.8125,73.68895833333333,4.200569952505828,0.0,41.6394,-91.5445,204.0,public observation
2024-08-18,IOW,23.194444444444443,18.88888888888889,28.333333333333332,17.09490740740741,70.375625,3.8797259081196582,0.0,41.6394,-91.5445,204.0,public observation
2024-08-19,IOW,22.214506172839506,17.22222222222222,26.11111111111111,15.31635802469136,66.38569444444444,2.8218447573620824,0.0,41.6394,-91.5445,204.0,public observation
2024-08-20,IOW,19.953703703703706,15.555555555555555,24.444444444444443,14.097222222222223,70.21541666666667,1.9799773373931624,0.0,41.6394,-91.5445,204.0,public observation
2024-08-21,IOW,19.39814814814815,15.0,23.88888888888889,11.851851851851853,63.39333333333334,2.2177153205128204,0.0,41.6394,-91.5445,204.0,public observation
2024-08-22,IOW,17.77777777777778,11.666666666666666,23.88888888888889,10.833333333333334,66.22333333333334,1.9433177061965814,0.0,41.6394,-91.5445,204.0,public observation
2024-08-23,IOW,19.35185185185185,13.333333333333334,26.666666666666668,12.893518518518519,68.87166666666667,1.8924778878205128,0.0,41.6394,-91.5445,204.0,public observation
2024-08-24,IOW,23.449074074074076,16.666666666666668,31.666666666666668,17.662037037037038,71.07541666666667,1.9324627179487182,0.0,41.6394,-91.5445,204.0,public observation
2024-08-25,IOW,27.24537037037037,22.77777777777778,33.333333333333336,21.527777777777775,71.885,3.663100100893551,0.0,41.6394,-91.5445,204.0,public observation
2024-08-26,IOW,28.703703703703706,23.333333333333332,34.44444444444444,23.287037037037038,73.62958333333333,2.6266323461538463,0.0,41.6394,-91.5445,204.0,public observation
2024-08-27,IOW,29.537037037037038,24.444444444444443,35.0,22.40740740740741,68.22458333333333,1.8633355545843049,0.0,41.6394,-91.5445,204.0,public observation
2024-08-28,IOW,25.312114197530864,21.666666666666668,31.11111111111111,20.15625,74.57180555555556,2.417246885683761,11.684000000000001,41.6394,-91.5445,204.0,public observation
2024-08-29,IOW,26.550925925925924,22.22222222222222,32.22222222222222,21.712962962962962,75.73916666666666,3.1243129465811967,0.0,41.6394,-91.5445,204.0,public observation
2024-08-30,IOW,24.01543209876543,21.666666666666668,28.333333333333332,19.71219135802469,78.22030555555556,2.775996337833082,25.654,41.6394,-91.5445,204.0,public observation
2024-08-31,IOW,21.08695652173913,13.88888888888889,27.77777777777778,13.985507246376812,66.94565217391305,1.5749676078671329,0.0,41.6394,-91.5445,204.0,public observation
2024-09-01,IOW,21.875,18.333333333333332,25.555555555555557,12.523148148148147,58.55458333333333,3.5144954366938617,0.0,41.6394,-91.5445,204.0,public observation
2024-09-02,IOW,18.88888888888889,13.333333333333334,24.444444444444443,8.680555555555555,53.32833333333334,2.306816161907537,0.0,41.6394,-91.5445,204.0,public observation
2024-09-03,IOW,18.194444444444446,11.666666666666666,25.0,10.324074074074074,63.58375,1.9011343974358974,0.0,41.6394,-91.5445,204.0,public observation
2024-09-04,IOW,17.898550724637683,10.555555555555555,26.11111111111111,10.41062801932367,64.63391304347826,1.3463807920551671,0.0,41.6394,-91.5445,204.0,public observation
2024-09-05,IOW,19.3560405643739,12.063492063492069,26.666666666666668,13.723104056437391,71.63666666666667,1.755595111965812,0.0,41.6394,-91.5445,204.0,public observation
2024-09-06,IOW,19.23611111111111,13.88888888888889,22.77777777777778,11.689814814814815,64.37708333333333,4.194659756701632,0.0,41.6394,-91.5445,204.0,public observation
2024-09-07,IOW,15.347222222222221,10.0,20.555555555555557,5.833333333333333,55.987500000000004,3.1839716621989123,0.0,41.6394,-91.5445,204.0,public observation
2024-09-08,IOW,14.328703703703704,6.944444444444445,22.77777777777778,6.701388888888889,63.68625,1.5037593846153847,0.0,41.6394,-91.5445,204.0,public observation
2024-09-09,IOW,17.47685185185185,9.444444444444445,25.555555555555557,8.194444444444445,57.465833333333336,1.4261630819735822,0.0,41.6394,-91.5445,204.0,public observation
2024-09-10,IOW,18.287037037037038,10.555555555555555,27.77777777777778,9.282407407407407,60.59291666666667,2.108890628205128,0.0,41.6394,-91.5445,204.0,public observation
2024-09-11,IOW,20.02314814814815,12.777777777777779,29.444444444444443,11.157407407407407,59.211666666666666,1.7025218391608392,0.0,41.6394,-91.5445,204.0,public observation
2024-09-12,IOW,21.574074074074076,13.88888888888889,30.0,12.245370370370372,60.33833333333333,1.5598205897435895,0.0,41.6394,-91.5445,204.0,public observation
2024-09-13,IOW,22.337962962962962,17.77777777777778,27.77777777777778,13.310185185185185,57.68083333333333,3.1255221098290598,0.0,41.6394,-91.5445,204.0,public observation
2024-09-14,IOW,23.51851851851852,19.444444444444443,29.444444444444443,17.685185185185187,70.915,1.5609198290598292,0.0,41.6394,-91.5445,204.0,public observation
2024-09-15,IOW,24.166666666666668,17.77777777777778,30.555555555555557,17.5,68.82666666666667,1.271957293803419,0.0,41.6394,-91.5445,204.0,public observation
2024-09-16,IOW,23.819444444444443,17.22222222222222,30.555555555555557,15.925925925925926,64.3225,1.3178505352564103,0.0,41.6394,-91.5445,204.0,public observation
2024-09-17,IOW,22.777777777777775,15.555555555555555,30.555555555555557,13.935185185185185,62.24458333333333,1.4775150459401711,0.0,41.6394,-91.5445,204.0,public observation
2024-09-18,IOW,21.52173913043478,13.333333333333334,30.555555555555557,12.198067632850242,58.11869565217391,1.4956524946581198,0.0,41.6394,-91.5445,204.0,public observation
2024-09-19,IOW,23.91304347826087,16.11111111111111,32.77777777777778,14.613526570048311,58.18695652173913,2.6032106375259,0.0,41.6394,-91.5445,204.0,public observation
2024-09-20,IOW,26.087962962962962,19.444444444444443,32.77777777777778,14.768518518518519,54.284166666666664,1.9055363512432013,0.0,41.6394,-91.5445,204.0,public observation
2024-09-21,IOW,22.824074074074073,15.0,31.11111111111111,14.791666666666666,62.59125,2.504866609168609,0.0,41.6394,-91.5445,204.0,public observation
2024-09-22,IOW,20.74074074074074,18.333333333333332,25.555555555555557,14.861111111111112,69.6975,3.829239416666667,1.016,41.6394,-91.5445,204.0,public observation
2024-09-23,IOW,16.755233494363928,11.11111111111111,21.666666666666668,9.066022544283415,61.26057971014493,3.1714153512820515,0.0,41.6394,-91.5445,204.0,public observation
2024-09-24,IOW,18.454106280193237,12.222222222222221,24.444444444444443,11.3768115942029,65.05347826086957,2.3957685346153847,0.0,41.6394,-91.5445,204.0,public observation
2024-09-25,IOW,17.430555555555554,11.11111111111111,25.555555555555557,10.578703703703704,68.46958333333333,0.9691543362470862,0.0,41.6394,-91.5445,204.0,public observation
2024-09-26,IOW,18.564814814814813,11.11111111111111,27.22222222222222,10.37037037037037,63.724583333333335,0.8326987647630147,0.0,41.6394,-91.5445,204.0,public observation
2024-09-27,IOW,19.14351851851852,14.444444444444445,25.555555555555557,10.48611111111111,59.540416666666665,3.420009988163688,0.0,41.6394,-91.5445,204.0,public observation
2024-09-28,IOW,21.85185185185185,16.666666666666668,28.88888888888889,9.537037037037036,49.31125,5.472299130358068,0.0,41.6394,-91.5445,204.0,public observation
2024-09-29,IOW,21.48148148148148,15.0,28.88888888888889,9.51388888888889,49.82125,3.554252924145299,0.0,41.6394,-91.5445,204.0,public observation
2024-09-30,IOW,21.574074074074076,14.444444444444445,28.333333333333332,12.592592592592593,58.12708333333333,1.433645404137529,0.0,41.6394,-91.5445,204.0,public observation
2024-10-01,IOW,18.171296296296294,12.777777777777779,22.77777777777778,2.939814814814815,39.47,5.1766755498446,0.0,41.6394,-91.5445,204.0,public observation
2024-10-02,IOW,13.587962962962962,5.555555555555555,23.333333333333332,0.300925925925926,46.969166666666666,2.435231226068376,0.0,41.6394,-91.5445,204.0,public observation
2024-10-03,IOW,16.34259259259259,7.777777777777778,27.77777777777778,4.328703703703703,49.93416666666667,1.3773968286713287,0.0,41.6394,-91.5445,204.0,public observation
2024-10-04,IOW,19.12361111111111,13.88888888888889,23.333333333333332,9.006944444444445,53.22435416666667,4.904561563569994,5.08,41.6394,-91.5445,204.0,public observation
2024-10-05,IOW,21.48148148148148,14.444444444444445,32.22222222222222,11.620370370370372,55.86541666666667,4.575340250854701,0.0,41.6394,-91.5445,204.0,public observation
2024-10-06,IOW,18.78240740740741,11.666666666666666,27.22222222222222,4.763888888888888,41.391875,5.221990263073038,0.0,41.6394,-91.5445,204.0,public observation
2024-10-07,IOW,12.708333333333334,5.0,20.0,-0.763888888888889,42.942499999999995,1.9831776227661229,0.0,41.6394,-91.5445,204.0,public observation
2024-10-08,IOW,12.962962962962962,4.444444444444445,23.88888888888889,1.2037037037037037,50.73333333333333,1.0455139946581198,0.0,41.6394,-91.5445,204.0,public observation
2024-10-09,IOW,15.833333333333334,6.666666666666667,27.22222222222222,3.888888888888889,51.73041666666666,1.3289803333333332,0.0,41.6394,-91.5445,204.0,public observation
2024-10-10,IOW,16.087962962962962,10.0,26.11111111111111,6.9907407407407405,58.75833333333333,1.1842929583333335,0.0,41.6394,-91.5445,204.0,public observation
2024-10-11,IOW,17.38425925925926,8.333333333333334,29.444444444444443,7.731481481481482,59.60458333333333,1.488919653846154,0.0,41.6394,-91.5445,204.0,public observation
2024-10-12,IOW,20.162037037037038,16.11111111111111,25.555555555555557,10.810185185185185,55.59375,3.149412244301994,0.0,41.6394,-91.5445,204.0,public observation
2024-10-13,IOW,13.101851851851853,6.666666666666667,18.88888888888889,4.189814814814815,57.95791666666667,5.026964686858975,0.0,41.6394,-91.5445,204.0,public observation
2024-10-14,IOW,9.074074074074074,4.444444444444445,12.222222222222221,-0.8333333333333334,51.954583333333325,5.029244716200466,0.0,41.6394,-91.5445,204.0,public observation
2024-10-15,IOW,8.333333333333334,1.6666666666666667,13.333333333333334,-1.9444444444444446,50.975,4.187707068026418,0.0,41.6394,-91.5445,204.0,public observation
2024-10-16,IOW,6.597222222222222,-1.1111111111111112,15.555555555555555,-3.842592592592592,52.23166666666666,1.2985451447649574,0.0,41.6394,-91.5445,204.0,public observation
2024-10-17,IOW,8.217592592592593,-0.5555555555555556,20.0,-3.1018518518518516,52.7425,2.518082463675214,0.0,41.6394,-91.5445,204.0,public observation
2024-10-18,IOW,11.226851851851853,2.2222222222222223,21.11111111111111,-1.1342592592592593,46.2725,3.1300839529914533,0.0,41.6394,-91.5445,204.0,public observation
2024-10-19,IOW,11.527777777777779,1.6666666666666667,23.88888888888889,0.16203703703703703,52.005833333333335,1.5433320000000001,0.0,41.6394,-91.5445,204.0,public observation
2024-10-20,IOW,15.486111111111112,7.222222222222222,27.22222222222222,2.9166666666666665,48.25375,1.7201721250000002,0.0,41.6394,-91.5445,204.0,public observation
2024-10-21,IOW,15.972222222222221,6.111111111111111,27.77777777777778,2.847222222222222,46.002916666666664,1.6446618787878788,0.0,41.6394,-91.5445,204.0,public observation
2024-10-22,IOW,16.358796296296294,12.222222222222221,24.444444444444443,6.439814814814816,52.86304166666667,3.351022290612574,1.27,41.6394,-91.5445,204.0,public observation
2024-10-23,IOW,13.75,9.444444444444445,16.666666666666668,4.62962962962963,55.93083333333333,4.3951022986111115,0.0,41.6394,-91.5445,204.0,public observation
2024-10-24,IOW,8.252314814814815,-0.74074074074074,19.444444444444443,-0.12962962962962976,61.63111111111112,2.2629756666019167,0.0,41.6394,-91.5445,204.0,public observation
2024-10-25,IOW,13.790123456790125,10.555555555555555,17.77777777777778,4.9359567901234565,59.164680555555556,3.9615357235431237,16.002,41.6394,-91.5445,204.0,public observation
2024-10-26,IOW,9.027777777777777,1.1111111111111112,16.11111111111111,-1.1574074074074074,53.53041666666667,2.053076751923077,0.0,41.6394,-91.5445,204.0,public observation
2024-10-27,IOW,7.965277777777778,0.0,17.22222222222222,-1.7766203703703702,55.54125,1.9657896554001555,0.0,41.6394,-91.5445,204.0,public observation
2024-10-28,IOW,12.38425925925926,7.222222222222222,20.555555555555557,4.097222222222222,57.41166666666666,3.2085421591880343,0.0,41.6394,-91.5445,204.0,public observation
2024-10-29,IOW,23.310185185185187,18.88888888888889,28.88888888888889,13.148148148148147,53.875416666666666,6.4421789764504025,0.0,41.6394,-91.5445,204.0,public observation
2024-10-30,IOW,22.5,20.555555555555557,24.444444444444443,13.277777777777777,56.2435,6.4213238845571095,4.826,41.6394,-91.5445,204.0,public observation
2024-10-31,IOW,,,,,,,0.0,41.6394,-91.5445,204.0,public observation
2024-11-01,IOW,8.484848484848484,1.6666666666666667,11.666666666666666,-0.8585858585858586,53.57181818181818,1.1955726526806527,0.0,41.6394,-91.5445,204.0,public observation
2024-11-02,IOW,7.6157407407407405,2.7777777777777777,16.11111111111111,0.5092592592592592,62.1175,2.0330431153846154,0.0,41.6394,-91.5445,204.0,public observation
2024-11-03,IOW,11.206018518518519,9.11111111111111,15.555555555555555,7.445987654320987,78.50659722222223,4.276118267612017,34.29,41.6394,-91.5445,204.0,public observation
2024-11-04,IOW,16.596836419753085,14.444444444444445,19.444444444444443,14.087962962962962,85.27059027777777,2.549768306387213,0.7619999999999999,41.6394,-91.5445,204.0,public observation
2024-11-05,IOW,16.85108024691358,14.444444444444445,18.333333333333332,14.412422839506172,85.69552083333333,3.4313393207799145,12.192,41.6394,-91.5445,204.0,public observation
2024-11-06,IOW,9.402006172839506,6.111111111111111,13.407407407407407,4.897376543209877,73.83541666666666,3.2222630213675214,0.0,41.6394,-91.5445,204.0,public observation
2024-11-07,IOW,4.62962962962963,1.1111111111111112,7.777777777777778,1.7037037037037037,81.53066666666668,1.6389658205128206,0.0,41.6394,-91.5445,204.0,public observation
2024-11-15,IOW,12.36111111111111,9.444444444444445,14.444444444444445,4.097222222222222,57.3175,2.4663007970668223,0.0,41.6394,-91.5445,204.0,public observation
2024-11-16,IOW,5.760030864197531,2.2222222222222223,9.444444444444445,2.608024691358025,80.43972222222222,3.9643732242521366,0.0,41.6394,-91.5445,204.0,public observation
2024-11-17,IOW,9.55026455026455,7.777777777777778,11.11111111111111,4.550264550264551,71.2747619047619,2.7848585664335666,0.0,41.6394,-91.5445,204.0,public observation
2024-11-18,IOW,,,,,,,0.0,41.6394,-91.5445,204.0,public observation
2024-11-19,IOW,12.11111111111111,10.555555555555555,13.88888888888889,3.444444444444444,55.538,6.143120903589744,0.0,41.6394,-91.5445,204.0,public observation
2024-11-20,IOW,5.154320987654321,1.1111111111111112,10.0,-2.685185185185185,57.44013888888889,5.852752341317017,0.0,41.6394,-91.5445,204.0,public observation
2024-11-21,IOW,1.577932098765432,-1.1111111111111112,6.111111111111111,-4.575617283950617,64.07243055555556,8.31035885728762,0.0,41.6394,-91.5445,204.0,public observation
2024-11-22,IOW,3.152777777777778,2.2222222222222223,4.444444444444445,-1.0601851851851853,73.94895833333334,5.533468645726496,0.0,41.6394,-91.5445,204.0,public observation
2024-11-23,IOW,2.1875,0.0,7.222222222222222,-1.840277777777778,75.5575,2.282042234265734,0.0,41.6394,-91.5445,204.0,public observation
2024-11-24,IOW,6.388888888888889,2.2222222222222223,13.88888888888889,1.0185185185185184,69.85291666666667,3.0019726072261075,0.0,41.6394,-91.5445,204.0,public observation
2024-11-25,IOW,6.616512345679013,0.5555555555555556,10.555555555555555,1.3734567901234567,69.34763888888888,5.449813500145687,0.0,41.6394,-91.5445,204.0,public observation
2024-11-26,IOW,-1.5740740740740742,-6.666666666666667,3.3333333333333335,-9.375,56.23541666666667,3.493827239277389,0.0,41.6394,-91.5445,204.0,public observation
2024-11-27,IOW,1.9675925925925926,-1.1111111111111112,4.444444444444445,-4.791666666666667,61.21625,2.054478282051282,0.0,41.6394,-91.5445,204.0,public observation
2024-11-28,IOW,-1.1265432098765433,-3.3333333333333335,2.7777777777777777,-7.83179012345679,60.85590277777778,5.202356171474359,0.0,41.6394,-91.5445,204.0,public observation
2024-11-29,IOW,-5.391203703703703,-8.88888888888889,-1.1111111111111112,-14.171296296296296,50.64291666666667,6.4317395934570065,0.0,41.6394,-91.5445,204.0,public observation
2024-11-30,IOW,-8.287037037037036,-11.666666666666666,-2.7777777777777777,-17.01388888888889,50.95083333333333,4.0968149662004665,0.0,41.6394,-91.5445,204.0,public observation
2024-12-01,IOW,-6.643518518518519,-8.333333333333334,-3.3333333333333335,-16.921296296296294,44.35041666666667,4.294247091346154,0.0,41.6394,-91.5445,204.0,public observation
2024-12-02,IOW,-6.460108024691358,-9.444444444444445,-4.444444444444445,-12.160493827160494,64.26359722222223,2.8469628585972853,0.0,41.6394,-91.5445,204.0,public observation
2024-12-03,IOW,-4.8842592592592595,-7.222222222222222,-1.1111111111111112,-10.682870370370368,64.08,3.552662952991453,0.0,41.6394,-91.5445,204.0,public observation
2024-12-04,IOW,-0.2546296296296297,-5.555555555555555,7.777777777777778,-6.898148148148149,62.13958333333333,5.788415612927351,0.0,41.6394,-91.5445,204.0,public observation
2024-12-05,IOW,-9.6929012345679,-12.777777777777779,-5.0,-18.48533950617284,49.086597222222224,7.13607260517353,0.0,41.6394,-91.5445,204.0,public observation
2024-12-06,IOW,-4.861111111111112,-11.11111111111111,3.3333333333333335,-14.398148148148147,49.456250000000004,3.2007100790598293,0.0,41.6394,-91.5445,204.0,public observation
2024-12-07,IOW,1.3194444444444444,-7.222222222222222,15.555555555555555,-8.425925925925926,51.528333333333336,2.458311325854701,0.0,41.6394,-91.5445,204.0,public observation
2024-12-08,IOW,7.1990740740740735,-2.7777777777777777,16.11111111111111,-1.2268518518518519,56.98458333333334,3.170068783119658,0.0,41.6394,-91.5445,204.0,public observation
2024-12-09,IOW,7.056327160493827,-1.1111111111111112,11.666666666666666,-1.077932098765432,60.01506944444444,4.146357824941725,0.0,41.6394,-91.5445,204.0,public observation
2024-12-10,IOW,0.6481481481481481,-2.2222222222222223,6.666666666666667,-7.291666666666667,55.87083333333334,5.766323579390054,0.0,41.6394,-91.5445,204.0,public observation
2024-12-11,IOW,-3.2878086419753085,-11.11111111111111,0.5555555555555556,-9.48341049382716,63.21465277777778,5.443850662198912,0.508,41.6394,-91.5445,204.0,public observation
2024-12-12,IOW,-13.078703703703704,-15.0,-10.555555555555555,-20.949074074074073,51.81791666666667,3.794703672863248,0.0,41.6394,-91.5445,204.0,public observation
2024-12-13,IOW,-9.976851851851853,-13.333333333333334,-4.444444444444445,-18.587962962962965,49.80041666666667,3.4947565961538465,0.0,41.6394,-91.5445,204.0,public observation
2024-12-14,IOW,-1.5023148148148149,-4.444444444444445,1.1111111111111112,-6.273148148148149,71.27833333333334,4.995036424368687,20.573999999999998,41.6394,-91.5445,204.0,public observation
2024-12-15,IOW,1.027777777777778,0.0,1.6666666666666667,-0.6574074074074074,88.52958333333333,2.0235896572649574,1.778,41.6394,-91.5445,204.0,public observation
2024-12-16,IOW,3.0671296296296298,-0.5555555555555556,7.777777777777778,0.625,84.61333333333333,3.2364418999287747,0.0,41.6394,-91.5445,204.0,public observation
2024-12-17,IOW,0.34722222222222227,-3.888888888888889,3.3333333333333335,-4.814814814814815,68.7375,2.8690146153846157,0.0,41.6394,-91.5445,204.0,public observation
2024-12-18,IOW,-0.13310185185185194,-1.6666666666666667,1.1111111111111112,-4.74729938271605,71.7532986111111,4.056432107939977,1.524,41.6394,-91.5445,204.0,public observation
2024-12-19,IOW,-0.6512345679012347,-2.7777777777777777,3.888888888888889,-5.83641975308642,68.1075,3.744216110722611,0.254,41.6394,-91.5445,204.0,public observation
2024-12-20,IOW,-2.5424382716049383,-5.0,1.1111111111111112,-7.692901234567902,67.83784722222222,6.6255659995078995,0.254,41.6394,-91.5445,204.0,public observation
2024-12-21,IOW,-5.324074074074074,-8.88888888888889,-1.1111111111111112,-10.277777777777777,68.8925,1.9330123376068375,0.0,41.6394,-91.5445,204.0,public observation
2024-12-22,IOW,-1.5046296296296298,-6.111111111111111,3.888888888888889,-7.152777777777779,65.92833333333333,4.1728498493589745,0.0,41.6394,-91.5445,204.0,public observation
2024-12-23,IOW,3.6714975845410627,1.6666666666666667,6.111111111111111,-3.0434782608695654,61.67130434782609,4.595549658614996,0.0,41.6394,-91.5445,204.0,public observation
2024-12-24,IOW,1.8518518518518519,1.1111111111111112,2.7777777777777777,-2.5578703703703702,72.70708333333333,2.782111895726496,0.0,41.6394,-91.5445,204.0,public observation
2024-12-25,IOW,1.875,0.5555555555555556,4.444444444444445,-2.6041666666666665,72.30541666666666,2.425709065491453,0.0,41.6394,-91.5445,204.0,public observation
2024-12-26,IOW,3.8047839506172836,1.6666666666666667,7.222222222222222,1.8981481481481481,87.37791666666668,2.0633292999223003,0.0,41.6394,-91.5445,204.0,public observation
2024-12-27,IOW,7.732638888888889,7.11111111111111,8.333333333333334,5.690972222222221,86.95010416666668,2.607656727457265,9.143999999999998,41.6394,-91.5445,204.0,public observation
2024-12-28,IOW,7.668981481481481,6.666666666666667,8.88888888888889,4.828703703703703,82.29645833333333,3.6540266739064857,5.08,41.6394,-91.5445,204.0,public observation
2024-12-29,IOW,6.814814814814814,5.740740740740742,8.333333333333334,4.436728395061729,84.89694444444444,2.03886631256913,0.0,41.6394,-91.5445,204.0,public observation
2024-12-30,IOW,3.3179012345679015,2.037037037037036,5.555555555555555,0.9027777777777778,84.27055555555556,2.9671112554131054,0.0,41.6394,-91.5445,204.0,public observation
2024-12-31,IOW,2.064814814814815,-0.5555555555555556,3.3333333333333335,-1.2407407407407407,78.90833333333335,6.2625186601916605,8.128,41.6394,-91.5445,204.0,public observation
2025-01-01,IOW,-1.5895061728395063,-3.888888888888889,1.1111111111111112,-8.233024691358025,61.07277777777778,6.074067938879177,0.0,41.6394,-91.5445,204.0,public observation
2025-01-02,IOW,-4.210648148148148,-6.666666666666667,-2.7777777777777777,-7.96412037037037,75.27107638888889,1.4525456285790599,2.2859999999999996,41.6394,-91.5445,204.0,public observation
2025-01-03,IOW,-8.61111111111111,-11.11111111111111,-6.111111111111111,-13.611111111111112,67.53291666666667,4.954278260347061,0.0,41.6394,-91.5445,204.0,public observation
2025-01-04,IOW,-11.828703703703704,-15.555555555555555,-8.333333333333334,-17.199074074074073,64.80083333333333,3.0800685641025645,0.0,41.6394,-91.5445,204.0,public observation
2025-01-05,IOW,-7.973765432098766,-9.444444444444445,-6.666666666666667,-16.63271604938272,50.25972222222222,4.136771601554002,0.0,41.6394,-91.5445,204.0,public observation
2025-01-06,IOW,-7.202932098765433,-9.444444444444445,-4.444444444444445,-14.124228395061728,58.003125000000004,5.15131666985237,0.0,41.6394,-91.5445,204.0,public observation
2025-01-07,IOW,-9.375,-12.777777777777779,-4.444444444444445,-14.652777777777779,65.80083333333333,1.4213164358974357,0.0,41.6394,-91.5445,204.0,public observation
2025-01-08,IOW,-8.541666666666666,-13.333333333333334,-5.555555555555555,-15.833333333333334,56.74791666666667,2.9351063792735044,0.0,41.6394,-91.5445,204.0,public observation
2025-01-09,IOW,-7.662037037037037,-12.777777777777779,2.2222222222222223,-13.425925925925926,63.830000000000005,2.332860638888889,0.0,41.6394,-91.5445,204.0,public observation
2025-01-10,IOW,-1.3055555555555556,-2.2222222222222223,0.0,-5.694444444444444,72.21010416666667,3.0548253183760683,0.0,41.6394,-91.5445,204.0,public observation
2025-01-11,IOW,-1.8557098765432098,-4.444444444444445,0.5555555555555556,-7.893518518518519,63.64847222222222,3.7713173564102562,0.254,41.6394,-91.5445,204.0,public observation
2025-01-12,IOW,-1.1944444444444444,-4.444444444444445,1.0555555555555547,-7.0532407407407405,64.82784722222222,5.517256531326081,0.0,41.6394,-91.5445,204.0,public observation
2025-01-13,IOW,-10.092592592592593,-14.444444444444445,-5.555555555555555,-17.38425925925926,55.55583333333333,5.6749641224067595,0.0,41.6394,-91.5445,204.0,public observation
2025-01-14,IOW,-11.362654320987653,-16.11111111111111,-6.777777777777778,-17.718364197530864,59.679236111111116,3.7390939410256414,0.0,41.6394,-91.5445,204.0,public observation
2025-01-15,IOW,-11.805555555555555,-17.22222222222222,-2.2222222222222223,-18.61111111111111,58.58708333333333,2.786453891025641,0.0,41.6394,-91.5445,204.0,public observation
2025-01-16,IOW,-0.6481481481481483,-5.0,5.555555555555555,-7.6157407407407405,60.100833333333334,5.252810066436804,0.0,41.6394,-91.5445,204.0,public observation
2025-01-17,IOW,1.5277777777777777,-6.111111111111111,12.777777777777779,-5.7330246913580245,62.850833333333334,3.1812724586441337,0.0,41.6394,-91.5445,204.0,public observation
2025-01-18,IOW,-3.5956790123456788,-8.333333333333334,5.0,-13.3179012345679,48.568263888888886,7.098909988714063,0.0,41.6394,-91.5445,204.0,public observation
2025-01-19,IOW,-15.150462962962962,-19.444444444444443,-7.777777777777778,-25.474537037037038,41.8175,7.024669221153847,0.0,41.6394,-91.5445,204.0,public observation
2025-01-20,IOW,-16.929012345679013,-20.555555555555557,-11.666666666666666,-24.490740740740744,52.62694444444444,3.905997013986014,0.0,41.6394,-91.5445,204.0,public observation
2025-01-21,IOW,-19.57175925925926,-24.444444444444443,-13.333333333333334,-28.34490740740741,47.071041666666666,4.978435233974359,0.0,41.6394,-91.5445,204.0,public observation
2025-01-22,IOW,-8.790895061728396,-16.11111111111111,-2.2222222222222223,-16.650077160493826,54.33739583333334,5.105413405573362,0.508,41.6394,-91.5445,204.0,public observation
2025-01-23,IOW,-8.800925925925926,-14.444444444444445,-2.2222222222222223,-13.773148148148147,67.58245833333334,4.474236602068193,0.508,41.6394,-91.5445,204.0,public observation
2025-01-24,IOW,-13.688271604938272,-21.11111111111111,-3.888888888888889,-19.030864197530864,64.96208333333333,2.453502153846154,0.0,41.6394,-91.5445,204.0,public observation
2025-01-25,IOW,-2.013888888888889,-7.777777777777778,4.444444444444445,-8.981481481481481,60.33708333333333,3.978367766090391,0.0,41.6394,-91.5445,204.0,public observation
2025-01-26,IOW,-5.347222222222222,-10.0,-0.5555555555555556,-14.305555555555555,50.100833333333334,4.253698901068376,0.0,41.6394,-91.5445,204.0,public observation
2025-01-27,IOW,-3.240740740740741,-11.11111111111111,8.88888888888889,-14.398148148148147,46.189166666666665,3.7695206235754988,0.0,41.6394,-91.5445,204.0,public observation
2025-01-28,IOW,2.5,-5.555555555555555,12.222222222222221,-8.356481481481481,47.904583333333335,4.754381352758353,0.0,41.6394,-91.5445,204.0,public observation
2025-01-29,IOW,5.5092592592592595,-1.1111111111111112,11.11111111111111,-6.5509259259259265,43.19333333333333,5.363002086350686,0.0,41.6394,-91.5445,204.0,public observation
2025-01-30,IOW,0.6211419753086421,-6.111111111111111,12.222222222222221,-4.872685185185186,67.74131944444444,0.9779618128205129,0.0,41.6394,-91.5445,204.0,public observation
2025-01-31,IOW,6.095756172839507,4.444444444444445,10.0,1.6335648148148145,76.11178472222223,3.616175409348005,13.208,41.6394,-91.5445,204.0,public observation
2025-02-01,IOW,1.5046296296296298,-1.6666666666666667,6.111111111111111,-5.034722222222222,62.74895833333333,4.624198821225071,0.0,41.6394,-91.5445,204.0,public observation
2025-02-02,IOW,4.733796296296297,1.6666666666666667,11.11111111111111,0.4282407407407407,74.05875,2.312603228632479,0.0,41.6394,-91.5445,204.0,public observation
2025-02-03,IOW,4.950617283950617,2.018518518518518,11.666666666666666,1.5154320987654322,79.1854861111111,1.6594248769425022,0.0,41.6394,-91.5445,204.0,public observation
2025-02-04,IOW,-2.9907407407407405,-7.777777777777778,2.2222222222222223,-10.722222222222221,56.153333333333336,5.110236883158508,0.0,41.6394,-91.5445,204.0,public observation
2025-02-05,IOW,-4.143518518518518,-6.111111111111111,-1.1111111111111112,-10.74074074074074,60.668958333333336,4.636282274839743,0.0,41.6394,-91.5445,204.0,public observation
2025-02-06,IOW,-0.6751543209876544,-1.6666666666666667,1.6666666666666667,-4.494598765432099,75.85513888888889,4.533582718881119,0.0,41.6394,-91.5445,204.0,public observation
2025-02-07,IOW,-3.425925925925926,-7.222222222222222,0.5555555555555556,-14.328703703703704,43.19291666666667,2.9895187254273505,0.0,41.6394,-91.5445,204.0,public observation
2025-02-08,IOW,-1.3396604938271606,-2.2222222222222223,0.5555555555555556,-8.442901234567902,59.034388888888884,3.9926977655647735,0.0,41.6394,-91.5445,204.0,public observation
2025-02-09,IOW,-6.1342592592592595,-12.222222222222221,-1.1111111111111112,-14.861111111111112,52.13666666666666,4.711776906857032,0.0,41.6394,-91.5445,204.0,public observation
2025-02-10,IOW,-6.203703703703703,-12.222222222222221,1.6666666666666667,-14.421296296296296,54.199999999999996,0.6553839682400933,0.0,41.6394,-91.5445,204.0,public observation
2025-02-11,IOW,-5.138888888888889,-9.444444444444445,0.0,-14.675925925925926,48.32041666666667,4.979526621581196,0.0,41.6394,-91.5445,204.0,public observation
2025-02-12,IOW,-8.024305555555555,-10.0,-5.555555555555555,-13.635416666666666,65.94297916666666,5.0559691708102905,1.27,41.6394,-91.5445,204.0,public observation
2025-02-13,IOW,-13.86766975308642,-18.333333333333332,-8.333333333333334,-19.517746913580247,62.58065972222223,5.256552595619659,0.0,41.6394,-91.5445,204.0,public observation
2025-02-14,IOW,-13.379629629629632,-20.555555555555557,-3.3333333333333335,-18.35648148148148,66.77374999999999,2.8614296856546235,0.0,41.6394,-91.5445,204.0,public observation
2025-02-15,IOW,-2.7083333333333335,-3.888888888888889,-1.6666666666666667,-7.858796296296297,67.76083333333334,4.01583529059829,0.0,41.6394,-91.5445,204.0,public observation
2025-02-16,IOW,-7.1134259259259265,-12.222222222222221,-3.3333333333333335,-13.246527777777779,61.77868055555555,7.103601741977467,0.0,41.6394,-91.5445,204.0,public observation
2025-02-17,IOW,-16.689814814814813,-20.0,-13.333333333333334,-23.171296296296294,57.90708333333333,4.687321330341881,0.0,41.6394,-91.5445,204.0,public observation
2025-02-18,IOW,-18.03240740740741,-21.666666666666668,-13.333333333333334,-26.62037037037037,47.31833333333333,4.039017462606838,0.0,41.6394,-91.5445,204.0,public observation
2025-02-19,IOW,-15.50925925925926,-17.22222222222222,-12.777777777777779,-23.26388888888889,51.51083333333333,4.85454894062419,0.0,41.6394,-91.5445,204.0,public observation
2025-02-20,IOW,-15.11574074074074,-19.444444444444443,-8.88888888888889,-21.689814814814813,57.46208333333333,4.540957615384616,0.0,41.6394,-91.5445,204.0,public observation
2025-02-21,IOW,-12.430555555555555,-19.444444444444443,-5.555555555555555,-18.47222222222222,61.41375,2.178217653263403,0.0,41.6394,-91.5445,204.0,public observation
2025-02-22,IOW,-7.5,-13.88888888888889,1.6666666666666667,-14.976851851851853,55.66791666666666,2.9102360897435897,0.0,41.6394,-91.5445,204.0,public observation
2025-02-23,IOW,-1.4583333333333333,-9.444444444444445,11.666666666666666,-7.5,65.58791666666666,1.2580793974358975,0.0,41.6394,-91.5445,204.0,public observation
2025-02-24,IOW,7.152777777777778,2.7777777777777777,14.444444444444445,-0.46296296296296297,59.32749999999999,2.7783273717948718,0.0,41.6394,-91.5445,204.0,public observation
2025-02-25,IOW,6.527777777777779,0.0,13.333333333333334,-0.8333333333333334,63.04083333333333,3.00775610499223,0.0,41.6394,-91.5445,204.0,public observation
2025-02-26,IOW,5.891203703703703,0.0,12.222222222222221,-0.4166666666666667,64.79020833333333,2.9710047515540015,0.7619999999999999,41.6394,-91.5445,204.0,public observation
2025-02-27,IOW,5.625,0.5555555555555556,11.666666666666666,-2.060185185185185,61.21625,5.415007764607615,0.0,41.6394,-91.5445,204.0,public observation
2025-02-28,IOW,7.546296296296297,1.6666666666666667,15.0,-3.935185185185185,45.65166666666667,6.011466438267289,0.0,41.6394,-91.5445,204.0,public observation
2025-03-01,IOW,-1.0648148148148149,-5.555555555555555,5.555555555555555,-13.359788359788359,44.52714285714286,5.772465400621601,0.0,41.6394,-91.5445,204.0,public observation
2025-03-02,IOW,-3.564814814814815,-10.555555555555555,5.555555555555555,-15.231481481481481,44.66625,1.6205410706099457,0.0,41.6394,-91.5445,204.0,public observation
2025-03-03,IOW,4.722222222222222,-0.5555555555555556,15.0,-4.814814814814815,51.12166666666667,3.3148061235431237,0.7619999999999999,41.6394,-91.5445,204.0,public observation
2025-03-04,IOW,9.791666666666666,7.222222222222222,12.5,3.3040123456790123,65.80777777777779,4.348043732621083,22.352,41.6394,-91.5445,204.0,public observation
2025-03-05,IOW,3.547067901234568,-1.1111111111111112,7.777777777777778,0.5216049382716047,80.79401984126984,7.339347283856857,12.7,41.6394,-91.5445,204.0,public observation
2025-03-06,IOW,-0.4050925925925926,-5.555555555555555,6.111111111111111,-7.847222222222222,58.520833333333336,4.927888902978503,0.0,41.6394,-91.5445,204.0,public observation
2025-03-07,IOW,2.2677469135802473,0.5555555555555556,4.166666666666667,-1.337962962962963,77.77284722222223,3.2301546436253563,5.08,41.6394,-91.5445,204.0,public observation
2025-03-08,IOW,2.8132716049382718,-5.0,11.11111111111111,-4.950617283950617,61.42166666666666,4.27945631479539,0.0,41.6394,-91.5445,204.0,public observation
2025-03-09,IOW,5.231481481481482,-3.888888888888889,17.22222222222222,-4.768518518518518,52.73666666666667,2.580033343094406,0.0,41.6394,-91.5445,204.0,public observation
2025-03-10,IOW,10.217391304347826,-1.1111111111111112,23.88888888888889,-3.1884057971014492,46.00086956521739,2.61949085955711,0.0,41.6394,-91.5445,204.0,public observation
2025-03-11,IOW,11.041666666666666,5.555555555555555,16.666666666666668,-1.8055555555555556,33.965,3.6537066012820514,0.0,41.6394,-91.5445,204.0,public observation
2025-03-12,IOW,7.847222222222222,-0.5555555555555556,18.88888888888889,-4.398148148148148,42.848749999999995,2.858659281371407,0.0,41.6394,-91.5445,204.0,public observation
2025-03-13,IOW,12.685185185185185,3.3333333333333335,22.77777777777778,0.20833333333333334,44.73916666666667,2.9316712564102563,0.0,41.6394,-91.5445,204.0,public observation
2025-03-14,IOW,18.796296296296294,12.222222222222221,28.333333333333332,5.277777777777778,45.59875,5.797857828826729,0.0,41.6394,-91.5445,204.0,public observation
2025-03-15,IOW,9.690200617283951,2.7777777777777777,23.333333333333332,2.8672839506172836,63.75819444444445,7.54452530927221,4.318,41.6394,-91.5445,204.0,public observation
2025-03-16,IOW,1.5663580246913582,-2.7777777777777777,7.222222222222222,-8.834876543209877,48.298611111111114,7.390414336441336,0.0,41.6394,-91.5445,204.0,public observation
2025-03-17,IOW,6.003086419753086,-3.888888888888889,21.666666666666668,-7.075617283950617,44.826249999999995,5.041574933576146,0.0,41.6394,-91.5445,204.0,public observation
2025-03-18,IOW,12.870370370370372,2.2222222222222223,23.333333333333332,-0.25462962962962965,44.6675,2.623459541763792,0.0,41.6394,-91.5445,204.0,public observation
2025-03-19,IOW,8.286265432098764,3.3333333333333335,17.77777777777778,1.8510802469135799,65.02975694444444,5.623848691185898,9.143999999999998,41.6394,-91.5445,204.0,public observation
2025-03-20,IOW,2.800925925925926,-1.1111111111111112,7.777777777777778,-8.132716049382717,48.20166666666666,7.057237992786843,0.7619999999999999,41.6394,-91.5445,204.0,public observation
2025-03-21,IOW,7.222222222222222,-0.5555555555555556,16.666666666666668,-6.087962962962963,40.943333333333335,5.098138826554002,0.0,41.6394,-91.5445,204.0,public observation
2025-03-22,IOW,4.027777777777778,-3.3333333333333335,12.222222222222221,-8.425925925925926,43.529583333333335,4.30238253297397,0.7619999999999999,41.6394,-91.5445,204.0,public observation
2025-03-23,IOW,8.22469135802469,6.111111111111111,10.0,-0.954320987654321,54.40831944444444,6.610035794172494,3.81,41.6394,-91.5445,204.0,public observation
2025-03-24,IOW,4.521604938271605,-1.6666666666666667,11.666666666666666,-5.725308641975308,51.29013888888889,6.092931135372961,0.0,41.6394,-91.5445,204.0,public observation
2025-03-25,IOW,8.425925925925926,5.555555555555555,12.777777777777779,-3.5185185185185186,48.28791666666667,3.4638304972999223,2.794,41.6394,-91.5445,204.0,public observation
2025-03-26,IOW,7.65432098765432,0.5555555555555556,15.0,-2.2916666666666665,55.1625,2.567873008158508,1.27,41.6394,-91.5445,204.0,public observation
2025-03-27,IOW,11.46604938271605,5.0,18.333333333333332,0.470679012345679,47.442499999999995,3.168965617948718,0.0,41.6394,-91.5445,204.0,public observation
2025-03-28,IOW,17.63888888888889,8.88888888888889,26.666666666666668,7.291666666666667,54.60125,5.88338096745338,0.7619999999999999,41.6394,-91.5445,204.0,public observation
2025-03-29,IOW,19.23611111111111,15.0,24.444444444444443,10.208333333333334,56.77125,5.0614632540080295,0.0,41.6394,-91.5445,204.0,public observation
2025-03-30,IOW,12.863425925925926,5.555555555555555,20.0,7.497685185185184,70.14923611111111,6.213339002492877,0.254,41.6394,-91.5445,204.0,public observation
2025-03-31,IOW,5.362654320987654,1.1111111111111112,11.11111111111111,-4.8842592592592595,51.809583333333336,5.566183506740482,0.0,41.6394,-91.5445,204.0,public observation
2025-04-01,IOW,5.092592592592593,0.5555555555555556,8.333333333333334,-4.328703703703703,51.58166666666667,5.117632717553742,0.0,41.6394,-91.5445,204.0,public observation
2025-04-02,IOW,11.806327160493828,7.177777777777779,23.333333333333332,4.047608024691358,61.922159722222226,7.081072920365418,23.622,41.6394,-91.5445,204.0,public observation
2025-04-03,IOW,8.4375,3.3333333333333335,13.88888888888889,-0.7060185185185186,53.34166666666667,5.395879453956229,0.0,41.6394,-91.5445,204.0,public observation
2025-04-04,IOW,6.712962962962963,2.7777777777777777,10.555555555555555,-0.5092592592592593,60.51,3.3563898472222227,0.508,41.6394,-91.5445,204.0,public observation
2025-04-05,IOW,7.638888888888889,5.0,9.444444444444445,-1.6435185185185184,54.63041666666666,5.019958285353535,0.0,41.6394,-91.5445,204.0,public observation
2025-04-06,IOW,6.157407407407407,0.5555555555555556,12.777777777777779,-8.550724637681158,34.50086956521739,3.375051932886558,0.0,41.6394,-91.5445,204.0,public observation
2025-04-07,IOW,5.601851851851852,3.888888888888889,8.88888888888889,-5.625,45.57583333333333,5.331360649184149,0.0,41.6394,-91.5445,204.0,public observation
2025-04-08,IOW,2.986111111111111,-3.3333333333333335,10.0,-9.166666666666666,42.40708333333333,2.6064171685767934,0.0,41.6394,-91.5445,204.0,public observation
2025-04-09,IOW,9.050925925925926,3.888888888888889,17.22222222222222,-0.11574074074074074,53.423750000000005,3.6168471083916085,0.0,41.6394,-91.5445,204.0,public observation
2025-04-10,IOW,8.654320987654321,2.7777777777777777,17.77777777777778,4.4645061728395055,77.8182638888889,3.0892885230914917,0.0,41.6394,-91.5445,204.0,public observation
2025-04-11,IOW,9.36111111111111,5.0,13.88888888888889,2.0902777777777777,62.546458333333334,3.0444235878982133,0.0,41.6394,-91.5445,204.0,public observation
2025-04-12,IOW,9.518518518518519,0.5555555555555556,18.88888888888889,2.805555555555556,67.510625,3.0569845384615384,0.0,41.6394,-91.5445,204.0,public observation
2025-04-13,IOW,15.532407407407407,9.444444444444445,24.444444444444443,6.50462962962963,56.37,4.9409982835470085,0.0,41.6394,-91.5445,204.0,public observation
2025-04-14,IOW,14.930555555555555,10.555555555555555,20.0,3.9583333333333335,49.145833333333336,6.5779692345279726,0.0,41.6394,-91.5445,204.0,public observation
2025-04-15,IOW,9.930555555555555,5.0,15.555555555555555,-0.6712962962962963,50.63708333333333,8.079437526029526,0.0,41.6394,-91.5445,204.0,public observation
2025-04-16,IOW,9.62962962962963,-0.5555555555555556,19.444444444444443,-1.8287037037037035,49.54083333333333,3.0891797590714845,0.0,41.6394,-91.5445,204.0,public observation
2025-04-17,IOW,15.632716049382715,11.666666666666666,22.22222222222222,5.513117283950617,51.850208333333335,4.810722721153846,2.032,41.6394,-91.5445,204.0,public observation
2025-04-18,IOW,18.90432098765432,13.88888888888889,22.22222222222222,14.270833333333334,75.03916666666667,5.00613428026418,6.858,41.6394,-91.5445,204.0,public observation
2025-04-19,IOW,11.701388888888888,7.777777777777778,15.0,1.138117283950617,50.662708333333335,3.7102646054778554,0.0,41.6394,-91.5445,204.0,public observation
2025-04-20,IOW,9.900462962962964,7.222222222222222,12.777777777777779,4.396604938271605,71.26659722222222,4.55672155778134,18.034,41.6394,-91.5445,204.0,public observation
2025-04-21,IOW,11.514274691358025,7.222222222222222,16.666666666666668,7.604166666666667,79.15857638888889,6.4432547498624055,22.86,41.6394,-91.5445,204.0,public observation
2025-04-22,IOW,13.649691358024691,6.111111111111111,22.77777777777778,9.741512345679013,78.89277777777778,2.3700070760683762,2.7939999999999996,41.6394,-91.5445,204.0,public observation
2025-04-23,IOW,18.08256172839506,13.333333333333334,25.0,12.843364197530866,73.41437499999999,3.6829570739704742,0.0,41.6394,-91.5445,204.0,public observation
2025-04-24,IOW,20.13888888888889,14.444444444444445,25.555555555555557,12.662037037037038,64.20625,2.5890333649961152,0.0,41.6394,-91.5445,204.0,public observation
2025-04-25,IOW,15.891203703703704,11.666666666666666,21.666666666666668,11.334876543209875,74.52930555555555,4.277306492968143,1.5239999999999998,41.6394,-91.5445,204.0,public observation
2025-04-26,IOW,12.268518518518519,7.222222222222222,17.77777777777778,5.092592592592593,65.40375,4.215880072047397,0.0,41.6394,-91.5445,204.0,public observation
2025-04-27,IOW,13.379629629629628,7.222222222222222,20.0,4.768518518518518,57.2175,4.146455614413365,0.0,41.6394,-91.5445,204.0,public observation
2025-04-28,IOW,19.14351851851852,12.777777777777779,27.77777777777778,13.00925925925926,68.88895833333333,6.369008301709402,3.0479999999999996,41.6394,-91.5445,204.0,public observation
2025-04-29,IOW,18.136574074074073,8.88888888888889,26.666666666666668,9.224537037037036,58.45583333333334,7.26723061246223,0.0,41.6394,-91.5445,204.0,public observation
2025-04-30,IOW,11.956018518518519,6.666666666666667,17.22222222222222,5.694444444444444,66.969375,2.3388723877940243,0.0,41.6394,-91.5445,204.0,public observation
2025-05-01,IOW,14.081018518518519,11.666666666666666,18.333333333333332,12.381944444444445,89.89645833333333,3.5335047820512817,14.732,41.6394,-91.5445,204.0,public observation
2025-05-02,IOW,12.544367283950619,8.88888888888889,16.259259259259263,9.908950617283951,84.50548611111111,3.68476103569633,5.08,41.6394,-91.5445,204.0,public observation
2025-05-03,IOW,11.222993827160494,5.555555555555555,15.555555555555555,7.5038580246913575,79.03430555555555,3.42720834017094,0.0,41.6394,-91.5445,204.0,public observation
2025-05-04,IOW,12.650462962962962,4.444444444444445,21.666666666666668,6.157407407407407,69.40020833333334,2.502855500874126,0.0,41.6394,-91.5445,204.0,public observation
2025-05-05,IOW,14.745370370370372,6.666666666666667,20.555555555555557,6.25,59.060833333333335,2.143278498148148,0.0,41.6394,-91.5445,204.0,public observation
2025-05-06,IOW,15.381944444444445,6.666666666666667,23.88888888888889,8.599537037037036,68.45208333333333,1.488204523722805,0.0,41.6394,-91.5445,204.0,public observation
2025-05-07,IOW,19.050925925925927,12.222222222222221,27.22222222222222,9.88425925925926,58.412083333333335,0.9393999265734266,1.5239999999999998,41.6394,-91.5445,204.0,public observation
2025-05-08,IOW,16.574074074074073,10.0,22.77777777777778,7.685185185185186,56.581250000000004,4.7850886744366745,0.0,41.6394,-91.5445,204.0,public observation
2025-05-09,IOW,15.393518518518519,6.666666666666667,22.77777777777778,1.412037037037037,42.03333333333333,1.7809050972222222,0.0,41.6394,-91.5445,204.0,public observation
2025-05-10,IOW,18.65740740740741,9.444444444444445,28.88888888888889,4.62962962962963,43.90625,2.0017772516511267,0.0,41.6394,-91.5445,204.0,public observation
2025-05-11,IOW,19.305555555555554,10.555555555555555,27.22222222222222,3.310185185185185,36.904583333333335,3.1744657403846155,0.0,41.6394,-91.5445,204.0,public observation
2025-05-12,IOW,20.625,13.333333333333334,28.88888888888889,8.37962962962963,47.752916666666664,2.0637593594599846,0.0,41.6394,-91.5445,204.0,public observation
2025-05-13,IOW,22.12962962962963,16.11111111111111,28.333333333333332,14.976851851851853,66.61333333333333,2.4747249674630925,0.0,41.6394,-91.5445,204.0,public observation
2025-05-14,IOW,22.546296296296294,15.555555555555555,30.0,15.023148148148147,65.74625,2.3897462735042736,0.0,41.6394,-91.5445,204.0,public observation
2025-05-15,IOW,24.834104938271604,19.444444444444443,31.666666666666668,16.433256172839506,63.46270833333333,5.5349650209353145,0.0,41.6394,-91.5445,204.0,public observation
2025-05-16,IOW,21.319444444444446,15.555555555555555,28.333333333333332,8.86574074074074,47.321666666666665,5.6591671373996375,0.0,41.6394,-91.5445,204.0,public observation
2025-05-17,IOW,13.935185185185185,9.722222222222221,18.88888888888889,5.960648148148148,59.81583333333333,8.245612471908185,0.0,41.6394,-91.5445,204.0,public observation
2025-05-18,IOW,14.212962962962962,4.444444444444445,23.333333333333332,5.671296296296297,59.900416666666665,2.692158668000518,0.0,41.6394,-91.5445,204.0,public observation
2025-05-19,IOW,14.048611111111112,9.444444444444445,22.22222222222222,7.638888888888889,67.17308333333334,5.298466061352305,9.652,41.6394,-91.5445,204.0,public observation
2025-05-20,IOW,14.796296296296296,10.555555555555555,20.740740740740737,13.467592592592593,92.0095,4.718505087028658,38.608,41.6394,-91.5445,204.0,public observation
2025-05-21,IOW,13.174768518518519,11.500000000000002,15.833333333333334,11.760802469135802,91.6988888888889,4.892575036928581,4.572,41.6394,-91.5445,204.0,public observation
2025-05-22,IOW,12.125385802469134,8.88888888888889,18.333333333333332,8.345293209876543,79.58979166666667,4.418688833653847,0.508,41.6394,-91.5445,204.0,public observation
2025-05-23,IOW,14.49074074074074,6.111111111111111,22.77777777777778,6.180555555555556,62.38375,2.3144233976301476,0.0,41.6394,-91.5445,204.0,public observation
2025-05-24,IOW,17.12962962962963,11.666666666666666,21.666666666666668,9.097222222222223,60.71875,1.9506001666666668,0.0,41.6394,-91.5445,204.0,public observation
2025-05-25,IOW,15.925925925925926,13.333333333333334,18.88888888888889,9.606481481481483,66.46208333333333,3.710382381118881,0.254,41.6394,-91.5445,204.0,public observation
2025-05-26,IOW,15.023148148148147,7.222222222222222,21.666666666666668,7.3842592592592595,64.59916666666666,2.396629010586636,0.0,41.6394,-91.5445,204.0,public observation
2025-05-27,IOW,18.35648148148148,14.444444444444445,22.77777777777778,7.5,50.03125,3.3905062383644133,0.0,41.6394,-91.5445,204.0,public observation
2025-05-28,IOW,17.314814814814813,13.88888888888889,20.555555555555557,11.296296296296296,69.99333333333333,2.189684717948718,1.27,41.6394,-91.5445,204.0,public observation
2025-05-29,IOW,17.01388888888889,12.777777777777779,22.77777777777778,10.902777777777779,70.38083333333334,1.454593407925408,0.0,41.6394,-91.5445,204.0,public observation
2025-05-30,IOW,19.51388888888889,12.777777777777779,27.22222222222222,9.768518518518519,56.84041666666667,4.020643510884486,0.0,41.6394,-91.5445,204.0,public observation
2025-05-31,IOW,21.203703703703706,12.777777777777779,29.444444444444443,9.953703703703704,51.39875,3.517016192307693,0.0,41.6394,-91.5445,204.0,public observation
2025-06-01,IOW,20.324074074074073,13.88888888888889,25.555555555555557,7.708333333333333,45.47708333333333,2.4963724871794875,0.0,41.6394,-91.5445,204.0,public observation
2025-06-02,IOW,20.949074074074073,11.666666666666666,31.666666666666668,12.662037037037038,62.28041666666667,2.3829488345376846,0.0,41.6394,-91.5445,204.0,public observation
2025-06-03,IOW,23.273919753086417,18.666666666666664,27.22222222222222,18.7391975308642,76.77520833333334,4.640177287788138,14.732,41.6394,-91.5445,204.0,public observation
2025-06-04,IOW,18.535493827160494,15.555555555555555,23.333333333333332,15.094521604938272,82.12215277777777,3.539039255715812,3.556,41.6394,-91.5445,204.0,public observation
2025-06-05,IOW,20.09259259259259,14.444444444444445,25.555555555555557,13.472222222222221,69.50416666666666,1.7329507820512822,0.0,41.6394,-91.5445,204.0,public observation
2025-06-06,IOW,21.516975308641975,17.77777777777778,26.666666666666668,13.445987654320987,61.80041666666667,1.6358829538850037,0.0,41.6394,-91.5445,204.0,public observation
2025-06-07,IOW,19.699074074074073,14.444444444444445,24.444444444444443,13.171296296296298,67.5675,1.4955150897435898,0.0,41.6394,-91.5445,204.0,public observation
2025-06-08,IOW,18.69212962962963,12.777777777777779,25.555555555555557,13.784722222222221,75.37729166666666,3.017918358333333,0.0,41.6394,-91.5445,204.0,public observation
2025-06-09,IOW,16.50462962962963,11.666666666666666,22.22222222222222,3.4259259259259256,48.163333333333334,4.688453166148666,0.0,41.6394,-91.5445,204.0,public observation
2025-06-10,IOW,18.078703703703706,10.0,27.22222222222222,8.26388888888889,57.26416666666666,2.9203553371309248,0.0,41.6394,-91.5445,204.0,public observation
2025-06-11,IOW,24.28240740740741,16.11111111111111,33.888888888888886,14.328703703703704,57.0225,3.011503511752137,0.0,41.6394,-91.5445,204.0,public observation
2025-06-12,IOW,25.046296296296294,18.333333333333332,30.0,17.59259259259259,64.61666666666666,2.9539308525641026,0.0,41.6394,-91.5445,204.0,public observation
2025-06-13,IOW,22.484953703703706,17.22222222222222,26.666666666666668,19.06442901234568,81.75795138888888,2.6229989676282055,0.0,41.6394,-91.5445,204.0,public observation
2025-06-14,IOW,23.277777777777775,18.88888888888889,28.333333333333332,18.894290123456788,77.55986111111112,2.3302813523504273,0.0,41.6394,-91.5445,204.0,public observation
2025-06-15,IOW,24.12037037037037,20.555555555555557,27.77777777777778,19.90740740740741,78.12416666666667,1.408400373931624,0.0,41.6394,-91.5445,204.0,public observation
2025-06-16,IOW,23.695652173913043,18.88888888888889,30.0,19.67391304347826,80.15021739130434,1.4862805277648279,0.0,41.6394,-91.5445,204.0,public observation
2025-06-17,IOW,25.416666666666668,18.333333333333332,32.77777777777778,18.77314814814815,69.70958333333333,2.0991348792735045,0.0,41.6394,-91.5445,204.0,public observation
2025-06-18,IOW,21.9361221340388,20.833333333333332,22.96296296296296,20.3831569664903,91.0162996031746,2.5200391406517095,12.446,41.6394,-91.5445,204.0,public observation
2025-06-19,IOW,23.194444444444443,15.555555555555555,30.555555555555557,16.73611111111111,71.60125000000001,3.2399004589549336,0.0,41.6394,-91.5445,204.0,public observation
2025-06-20,IOW,24.36728395061728,20.370370370370374,31.11111111111111,19.26273148148148,74.73757638888888,4.118749311240611,2.7939999999999996,41.6394,-91.5445,204.0,public observation
2025-06-21,IOW,29.537037037037038,25.555555555555557,35.0,23.77314814814815,72.615,6.410070778952992,0.0,41.6394,-91.5445,204.0,public observation
2025-06-22,IOW,29.837962962962962,24.444444444444443,34.44444444444444,22.800925925925924,67.05,6.17199891973582,0.0,41.6394,-91.5445,204.0,public observation
2025-06-23,IOW,29.490740740740737,23.333333333333332,34.44444444444444,21.805555555555557,64.25041666666667,5.147125938924502,0.0,41.6394,-91.5445,204.0,public observation
2025-06-24,IOW,25.065586419753085,22.22222222222222,31.11111111111111,22.542438271604937,86.72659722222222,2.069872866951567,8.128,41.6394,-91.5445,204.0,public observation
2025-06-25,IOW,26.566358024691358,22.22222222222222,32.77777777777778,23.417438271604937,84.39158333333333,2.4716014986802413,8.128,41.6394,-91.5445,204.0,public observation
2025-06-26,IOW,28.958333333333332,25.0,32.77777777777778,23.564814814814813,74.43083333333333,4.014740096102046,0.0,41.6394,-91.5445,204.0,public observation
2025-06-27,IOW,24.05246913580247,21.666666666666668,28.333333333333332,20.287037037037038,81.13605555555556,3.56794808982129,7.366,41.6394,-91.5445,204.0,public observation
2025-06-28,IOW,25.694444444444443,18.88888888888889,33.333333333333336,21.180555555555554,78.19041666666666,2.012294973290598,0.0,41.6394,-91.5445,204.0,public observation
2025-06-29,IOW,26.73611111111111,21.666666666666668,31.11111111111111,22.962962962962962,80.96374999999999,2.676697700466201,0.0,41.6394,-91.5445,204.0,public observation
2025-06-30,IOW,25.625,21.11111111111111,30.0,21.38888888888889,79.11916666666667,2.160005256410256,0.0,41.6394,-91.5445,204.0,public observation
2025-07-01,IOW,24.60648148148148,18.333333333333332,30.0,17.26851851851852,66.17583333333333,3.5068607199883446,0.0,41.6394,-91.5445,204.0,public observation
2025-07-02,IOW,24.814814814814813,17.77777777777778,31.11111111111111,17.824074074074073,68.55083333333333,1.7885997724358973,0.0,41.6394,-91.5445,204.0,public observation
2025-07-03,IOW,26.296296296296294,18.88888888888889,33.333333333333336,20.09259259259259,70.89166666666667,2.487978296037296,0.0,41.6394,-91.5445,204.0,public observation
2025-07-04,IOW,28.402777777777775,22.22222222222222,33.333333333333336,21.62037037037037,68.97458333333334,2.957750709188034,0.0,41.6394,-91.5445,204.0,public observation
2025-07-05,IOW,26.148405349794235,22.098765432098762,31.666666666666668,21.95601851851852,79.04527777777777,3.697175627457265,33.273999999999994,41.6394,-91.5445,204.0,public observation
2025-07-06,IOW,25.31134259259259,21.055555555555557,31.666666666666668,21.768904320987655,82.86628472222222,3.058737789481352,6.096,41.6394,-91.5445,204.0,public observation
2025-07-07,IOW,25.570987654320987,21.11111111111111,30.555555555555557,21.277006172839506,78.87069444444445,1.5332621826923079,0.0,41.6394,-91.5445,204.0,public observation
2025-07-08,IOW,24.814814814814813,22.22222222222222,28.88888888888889,21.442901234567902,82.40486111111112,1.3485075346153845,10.414,41.6394,-91.5445,204.0,public observation
2025-07-09,IOW,25.64814814814815,19.444444444444443,31.11111111111111,20.555555555555554,75.92791666666666,1.6200039423076922,0.0,41.6394,-91.5445,204.0,public observation
2025-07-10,IOW,25.462962962962962,21.11111111111111,31.11111111111111,21.19212962962963,78.29712301587301,2.0632682707264958,36.57599999999999,41.6394,-91.5445,204.0,public observation
2025-07-11,IOW,23.977854938271605,20.0,29.72222222222222,21.68479938271605,87.75108333333333,3.2837326767806267,40.132,41.6394,-91.5445,204.0,public observation
2025-07-12,IOW,22.908564814814813,20.092592592592595,28.88888888888889,20.109953703703706,86.17091666666666,2.865582384427705,3.81,41.6394,-91.5445,204.0,public observation
2025-07-13,IOW,22.52314814814815,17.22222222222222,27.22222222222222,17.36111111111111,74.585,1.2575297777777779,0.0,41.6394,-91.5445,204.0,public observation
2025-07-14,IOW,23.3953373015873,18.333333333333332,29.444444444444443,19.739032186948855,82.22454365079365,1.3005140501214065,0.0,41.6394,-91.5445,204.0,public observation
2025-07-15,IOW,25.33564814814815,19.444444444444443,31.11111111111111,21.145833333333332,79.23020833333334,1.8687460961538462,0.0,41.6394,-91.5445,204.0,public observation
2025-07-16,IOW,25.828703703703706,22.77777777777778,28.88888888888889,22.248456790123456,81.92333333333333,3.7362359188034184,1.016,41.6394,-91.5445,204.0,public observation
2025-07-17,IOW,21.24266975308642,17.77777777777778,26.11111111111111,17.538194444444446,79.87010416666666,3.8313191381944445,0.0,41.6394,-91.5445,204.0,public observation
2025-07-18,IOW,21.20216049382716,17.555555555555557,26.666666666666668,18.180555555555554,83.34107638888888,2.6817778456730768,0.0,41.6394,-91.5445,204.0,public observation
2025-07-19,IOW,24.61226851851852,20.888888888888886,30.0,22.01658950617284,86.54620833333333,2.6801549088863754,20.066,41.6394,-91.5445,204.0,public observation
2025-07-20,IOW,25.802854938271604,21.944444444444443,29.444444444444443,22.39274691358025,82.559375,2.095063589500777,6.858,41.6394,-91.5445,204.0,public observation
2025-07-21,IOW,23.6766975308642,20.555555555555557,26.666666666666668,21.203703703703706,86.09881944444446,3.4977937801087804,0.0,41.6394,-91.5445,204.0,public observation
2025-07-22,IOW,26.53125,23.166666666666668,31.666666666666668,24.51388888888889,89.42190972222222,3.6683304677758923,0.0,41.6394,-91.5445,204.0,public observation
2025-07-23,IOW,29.14236111111111,25.0,33.333333333333336,25.144675925925924,80.78614583333334,4.238306338578089,0.0,41.6394,-91.5445,204.0,public observation
2025-07-24,IOW,26.270833333333332,21.666666666666668,30.0,23.128472222222225,83.46690972222223,3.139495565068959,5.334,41.6394,-91.5445,204.0,public observation
2025-07-25,IOW,25.736882716049383,23.333333333333332,28.88888888888889,23.45293209876543,87.65375,2.013476655555556,2.032,41.6394,-91.5445,204.0,public observation
2025-07-26,IOW,24.66628086419753,22.77777777777778,28.333333333333332,23.537808641975307,93.81486111111111,1.8068216270299144,8.382,41.6394,-91.5445,204.0,public observation
2025-07-27,IOW,26.45906635802469,22.77777777777778,32.22222222222222,24.71292438271605,91.10055555555556,1.1881479167169433,0.0,41.6394,-91.5445,204.0,public observation
2025-07-28,IOW,27.127314814814813,21.11111111111111,32.77777777777778,23.113425925925924,80.43604166666667,2.5302588589257966,1.016,41.6394,-91.5445,204.0,public observation
2025-07-29,IOW,26.925154320987655,20.555555555555557,32.5,23.321759259259256,81.42944444444444,2.683236033022533,8.636,41.6394,-91.5445,204.0,public observation
2025-07-30,IOW,24.07765652557319,20.0,30.555555555555557,22.057429453262785,88.76617063492063,3.6331469002136756,17.272,41.6394,-91.5445,204.0,public observation
2025-07-31,IOW,21.4375,17.77777777777778,25.0,15.828703703703704,73.06479166666666,5.202813979666861,0.0,41.6394,-91.5445,204.0,public observation
2025-08-01,IOW,20.0,15.0,25.0,12.731481481481481,64.37791666666666,3.220433929972805,0.0,41.6394,-91.5445,204.0,public observation
2025-08-02,IOW,21.041666666666668,16.11111111111111,25.0,13.86574074074074,65.06041666666667,2.409382684926185,0.0,41.6394,-91.5445,204.0,public observation
2025-08-03,IOW,20.21759259259259,14.11111111111111,26.11111111111111,14.864197530864198,73.94208333333334,1.1573491037296038,0.0,41.6394,-91.5445,204.0,public observation
2025-08-04,IOW,21.13425925925926,15.0,26.11111111111111,15.787037037037036,73.47500000000001,1.203342276029526,0.0,41.6394,-91.5445,204.0,public observation
2025-08-05,IOW,23.541666666666668,18.333333333333332,28.333333333333332,17.662037037037038,71.05833333333334,2.2636085619658117,0.0,41.6394,-91.5445,204.0,public observation
2025-08-06,IOW,22.89351851851852,17.77777777777778,28.88888888888889,19.537037037037038,81.94583333333334,2.3365705715811966,0.0,41.6394,-91.5445,204.0,public observation
2025-08-07,IOW,24.212962962962962,21.11111111111111,28.333333333333332,21.39351851851852,85.77270833333334,2.126144759615385,0.0,41.6394,-91.5445,204.0,public observation
2025-08-08,IOW,26.01851851851852,21.11111111111111,32.22222222222222,22.5,82.06875,4.112534088422689,0.0,41.6394,-91.5445,204.0,public observation
2025-08-09,IOW,27.10648148148148,23.88888888888889,30.0,23.472222222222225,80.77458333333333,4.103597772435898,0.0,41.6394,-91.5445,204.0,public observation
2025-08-10,IOW,26.04475308641975,23.333333333333332,30.0,23.775462962962962,88.03541666666666,3.0142546121669187,18.796,41.6394,-91.5445,204.0,public observation
2025-08-11,IOW,23.61111111111111,20.0,26.38888888888889,21.689814814814813,89.51104166666666,1.1311172564102565,0.0,41.6394,-91.5445,204.0,public observation
2025-08-12,IOW,24.112874779541446,20.555555555555557,28.148148148148152,22.197089947089946,89.73915674603175,1.6915919027777777,10.414,41.6394,-91.5445,204.0,public observation
2025-08-13,IOW,24.097222222222225,17.77777777777778,28.333333333333332,18.24074074074074,72.02458333333333,2.192070566919192,0.0,41.6394,-91.5445,204.0,public observation
2025-08-14,IOW,22.083333333333332,16.666666666666668,26.666666666666668,17.800925925925927,78.415,1.358614825990676,0.0,41.6394,-91.5445,204.0,public observation
2025-08-15,IOW,24.706790123456788,18.88888888888889,32.77777777777778,21.145833333333332,81.92798611111111,2.1249081153846157,8.636000000000001,41.6394,-91.5445,204.0,public observation
2025-08-16,IOW,25.766666666666666,21.11111111111111,33.333333333333336,22.993672839506175,85.79519444444445,2.33201450173454,3.8099999999999996,41.6394,-91.5445,204.0,public observation
2025-08-17,IOW,28.125,23.88888888888889,32.77777777777778,25.416666666666668,86.12958333333334,1.7182484561965812,0.0,41.6394,-91.5445,204.0,public observation
2025-08-18,IOW,26.855709876543212,22.22222222222222,32.77777777777778,23.73649691358025,84.09760416666667,2.8106636555021365,0.0,41.6394,-91.5445,204.0,public observation
2025-08-19,IOW,25.668209876543212,22.22222222222222,29.444444444444443,22.149691358024693,81.79555555555555,2.8832183576923076,0.0,41.6394,-91.5445,204.0,public observation
2025-08-20,IOW,25.439814814814813,21.11111111111111,31.11111111111111,21.89814814814815,81.88645833333334,1.9567048707264956,0.0,41.6394,-91.5445,204.0,public observation
2025-08-21,IOW,22.67746913580247,17.22222222222222,26.666666666666668,17.89351851851852,75.42902777777778,2.215391928321678,0.0,41.6394,-91.5445,204.0,public observation
2025-08-22,IOW,21.95138888888889,16.11111111111111,27.22222222222222,17.983796296296294,80.193125,1.1537533777195026,0.0,41.6394,-91.5445,204.0,public observation
2025-08-23,IOW,22.546296296296294,18.88888888888889,25.0,17.083333333333332,73.69083333333333,3.837212232737633,0.0,41.6394,-91.5445,204.0,public observation
2025-08-24,IOW,18.21759259259259,11.666666666666666,23.333333333333332,11.99074074074074,69.65166666666666,4.276945314335665,0.0,41.6394,-91.5445,204.0,public observation
2025-08-25,IOW,16.78240740740741,10.555555555555555,22.22222222222222,10.0,67.51791666666666,3.5912897942890445,0.0,41.6394,-91.5445,204.0,public observation
2025-08-26,IOW,16.50462962962963,9.444444444444445,23.88888888888889,10.11574074074074,69.69208333333333,1.873363615073815,0.0,41.6394,-91.5445,204.0,public observation
2025-08-27,IOW,16.180555555555554,10.555555555555555,23.333333333333332,12.9320987654321,82.02777777777779,1.2474717380341882,0.508,41.6394,-91.5445,204.0,public observation
2025-08-28,IOW,21.064814814814813,14.444444444444445,28.88888888888889,15.590277777777779,73.723125,1.577595789141414,1.778,41.6394,-91.5445,204.0,public observation
2025-08-29,IOW,21.38888888888889,16.11111111111111,27.77777777777778,17.662037037037038,80.74458333333334,1.850706793803419,0.0,41.6394,-91.5445,204.0,public observation
2025-08-30,IOW,21.747685185185187,17.77777777777778,26.833333333333332,17.9375,80.16333333333334,2.3190220010683764,0.0,41.6394,-91.5445,204.0,public observation
2025-08-31,IOW,21.574074074074076,16.666666666666668,26.666666666666668,16.412037037037038,73.82041666666667,2.6491667521367526,0.0,41.6394,-91.5445,204.0,public observation
2025-09-01,IOW,20.48611111111111,15.0,26.11111111111111,13.055555555555555,64.1225,1.7289660395299145,0.0,41.6394,-91.5445,204.0,public observation
2025-09-02,IOW,20.416666666666668,15.0,26.666666666666668,13.425925925925926,67.68875,1.0658499220085471,0.0,41.6394,-91.5445,204.0,public observation
2025-09-03,IOW,18.662037037037038,16.11111111111111,22.22222222222222,14.557870370370372,78.14395833333333,2.7790497290598295,1.016,41.6394,-91.5445,204.0,public observation
2025-09-04,IOW,14.421296296296296,7.777777777777778,20.555555555555557,8.217592592592593,69.40958333333333,3.016962234265734,0.0,41.6394,-91.5445,204.0,public observation
2025-09-05,IOW,16.064814814814813,11.666666666666666,19.444444444444443,8.472222222222223,62.26916666666667,5.523150845263533,0.0,41.6394,-91.5445,204.0,public observation
2025-09-06,IOW,13.055555555555555,6.111111111111111,20.0,6.319444444444444,68.06375,2.680969744172494,0.0,41.6394,-91.5445,204.0,public observation
2025-09-07,IOW,13.287037037037038,5.0,21.666666666666668,6.388888888888889,67.745,1.6317957822455325,0.0,41.6394,-91.5445,204.0,public observation
2025-09-08,IOW,15.925925925925926,8.333333333333334,24.444444444444443,8.680555555555555,65.97125,2.603261019327894,0.0,41.6394,-91.5445,204.0,public observation
2025-09-09,IOW,17.47685185185185,10.555555555555555,25.0,10.393518518518517,66.46583333333334,2.5903574487179486,0.0,41.6394,-91.5445,204.0,public observation
2025-09-10,IOW,19.51388888888889,11.666666666666666,28.333333333333332,11.550925925925926,64.49958333333333,0.6820280303030303,0.0,41.6394,-91.5445,204.0,public observation
2025-09-11,IOW,21.828703703703706,15.555555555555555,30.0,14.189814814814815,65.33041666666666,1.2260640523504274,0.0,41.6394,-91.5445,204.0,public observation
2025-09-12,IOW,22.962962962962962,15.555555555555555,32.22222222222222,15.208333333333334,64.66041666666666,2.9610759081196583,0.0,41.6394,-91.5445,204.0,public observation
2025-09-13,IOW,26.64351851851852,18.88888888888889,35.0,18.63425925925926,64.78333333333333,2.310288758838384,0.0,41.6394,-91.5445,204.0,public observation
2025-09-14,IOW,26.473765432098762,18.88888888888889,35.55555555555556,19.97685185185185,71.37638888888888,0.8320966814102565,0.0,41.6394,-91.5445,204.0,public observation
2025-09-15,IOW,26.78240740740741,21.11111111111111,32.22222222222222,20.150462962962962,68.63604166666667,2.5709637264957266,0.0,41.6394,-91.5445,204.0,public observation
2025-09-16,IOW,25.625,17.22222222222222,33.333333333333336,16.666666666666668,60.81333333333333,1.3189222935897436,0.0,41.6394,-91.5445,204.0,public observation
2025-09-17,IOW,24.328703703703706,17.77777777777778,32.22222222222222,16.319444444444446,64.16458333333334,1.3693773782051284,0.0,41.6394,-91.5445,204.0,public observation
2025-09-18,IOW,21.520061728395063,18.88888888888889,24.444444444444443,18.591049382716047,83.69194444444445,1.754885602952603,3.302,41.6394,-91.5445,204.0,public observation
2025-09-19,IOW,21.759259259259256,18.333333333333332,27.22222222222222,18.175154320987655,82.18277777777779,2.230835526923077,4.064,41.6394,-91.5445,204.0,public observation
2025-09-20,IOW,19.72222222222222,15.0,23.88888888888889,16.75925925925926,84.11874999999999,0.9959108205128206,1.524,41.6394,-91.5445,204.0,public observation
2025-09-21,IOW,19.79398148148148,15.0,25.555555555555557,17.125771604938272,86.11006944444443,0.4436176553418803,0.0,41.6394,-91.5445,204.0,public observation
2025-09-22,IOW,21.21689814814815,16.22222222222222,28.88888888888889,18.433333333333334,86.30395833333334,1.6820956381461676,0.0,41.6394,-91.5445,204.0,public observation
2025-09-23,IOW,19.949294532627864,16.11111111111111,23.333333333333332,17.14506172839506,84.91380952380952,1.6068380532245534,19.304,41.6394,-91.5445,204.0,public observation
2025-09-24,IOW,20.353535353535353,16.11111111111111,25.555555555555557,15.808080808080808,77.5490909090909,2.9666545476495725,0.0,41.6394,-91.5445,204.0,public observation
2025-09-25,IOW,18.34490740740741,11.11111111111111,26.11111111111111,12.789351851851853,74.19125,1.72366408353244,0.0,41.6394,-91.5445,204.0,public observation
2025-09-26,IOW,19.675925925925927,11.666666666666666,30.0,12.800925925925926,70.02208333333333,0.8890322814491065,0.0,41.6394,-91.5445,204.0,public observation
2025-09-27,IOW,21.412037037037038,12.222222222222221,30.555555555555557,12.847222222222221,63.81125,1.6389658205128204,0.0,41.6394,-91.5445,204.0,public observation
2025-09-28,IOW,22.89351851851852,16.666666666666668,30.555555555555557,14.189814814814815,59.54624999999999,1.999616247086247,0.0,41.6394,-91.5445,204.0,public observation
2025-09-29,IOW,21.574074074074076,13.333333333333334,31.11111111111111,13.726851851851853,67.34625,1.025782648931624,0.0,41.6394,-91.5445,204.0,public observation
2025-09-30,IOW,21.875,13.88888888888889,31.666666666666668,14.074074074074074,66.66916666666667,0.6717726271367521,0.0,41.6394,-91.5445,204.0,public observation
2025-10-01,IOW,22.291666666666668,16.666666666666668,29.444444444444443,13.402777777777779,59.82749999999999,2.191745791666667,0.0,41.6394,-91.5445,204.0,public observation
2025-10-02,IOW,20.76388888888889,13.88888888888889,30.555555555555557,12.986111111111112,64.4525,0.882744132905983,0.0,41.6394,-91.5445,204.0,public observation
2025-10-03,IOW,22.52314814814815,15.0,31.666666666666668,15.162037037037038,67.86416666666666,1.3141406025641025,0.0,41.6394,-91.5445,204.0,public observation
2025-10-04,IOW,23.009259259259256,16.666666666666668,30.555555555555557,15.763888888888888,68.10208333333334,2.6799923253172757,0.0,41.6394,-91.5445,204.0,public observation
2025-10-05,IOW,22.87037037037037,15.555555555555555,29.444444444444443,13.842592592592593,58.84583333333333,4.685163716287879,0.0,41.6394,-91.5445,204.0,public observation
2025-10-06,IOW,19.03935185185185,16.666666666666668,24.444444444444443,15.254629629629628,79.60875,2.6802595213675215,0.0,41.6394,-91.5445,204.0,public observation
2025-10-07,IOW,15.834876543209878,12.777777777777779,21.11111111111111,9.68287037037037,71.90038888888888,3.7902445947209653,5.588,41.6394,-91.5445,204.0,public observation
2025-10-08,IOW,13.125,6.666666666666667,21.11111111111111,4.814814814814815,63.62875,1.2877588589743592,0.0,41.6394,-91.5445,204.0,public observation
2025-10-09,IOW,12.870370370370372,6.666666666666667,21.11111111111111,5.25462962962963,63.67666666666667,2.156707538461539,0.0,41.6394,-91.5445,204.0,public observation
2025-10-10,IOW,15.960648148148147,10.555555555555555,24.444444444444443,10.601851851851853,71.35708333333334,2.570924467948718,1.016,41.6394,-91.5445,204.0,public observation
2025-10-11,IOW,15.833333333333334,9.444444444444445,22.22222222222222,7.5,58.95249999999999,3.2195345523504275,0.0,41.6394,-91.5445,204.0,public observation
2025-10-12,IOW,16.435185185185187,10.555555555555555,25.555555555555557,10.37037037037037,70.30583333333333,3.850658225605413,0.0,41.6394,-91.5445,204.0,public observation
2025-10-13,IOW,20.11574074074074,16.11111111111111,24.444444444444443,14.027777777777779,68.62291666666667,3.0208470459401706,0.0,41.6394,-91.5445,204.0,public observation
2025-10-14,IOW,16.42746913580247,14.444444444444445,21.11111111111111,9.29783950617284,63.763749999999995,3.783385433760684,0.508,41.6394,-91.5445,204.0,public observation
2025-10-15,IOW,17.916666666666668,15.0,22.77777777777778,14.050925925925926,78.72458333333334,2.729960841880342,0.254,41.6394,-91.5445,204.0,public observation
2025-10-16,IOW,17.814814814814813,13.88888888888889,25.555555555555557,14.423611111111112,82.436875,3.602756858974359,1.524,41.6394,-91.5445,204.0,public observation
2025-10-17,IOW,20.90277777777778,16.11111111111111,27.77777777777778,15.277777777777779,72.74041666666666,3.799859747668998,0.0,41.6394,-91.5445,204.0,public observation
2025-10-18,IOW,20.208333333333332,16.666666666666668,25.0,16.103395061728396,80.07840277777778,2.1914529883368945,9.905999999999999,41.6394,-91.5445,204.0,public observation
2025-10-19,IOW,13.171296296296296,7.777777777777778,19.444444444444443,4.652777777777778,59.595,6.308575518578952,1.27,41.6394,-91.5445,204.0,public observation
2025-10-20,IOW,11.342592592592593,3.888888888888889,22.22222222222222,3.1712962962962963,61.45708333333334,3.473486315384615,0.0,41.6394,-91.5445,204.0,public observation
2025-10-21,IOW,10.185185185185185,7.222222222222222,13.88888888888889,4.224537037037037,67.76979166666666,6.342762000106838,2.2859999999999996,41.6394,-91.5445,204.0,public observation
2025-10-22,IOW,8.900462962962964,4.444444444444445,14.444444444444445,3.700743415417188e-17,56.328125,7.167421447199559,0.0,41.6394,-91.5445,204.0,public observation
2025-10-23,IOW,6.666666666666667,0.0,15.0,-0.6712962962962963,63.0925,2.6778843792735043,0.0,41.6394,-91.5445,204.0,public observation
2025-10-24,IOW,5.931712962962963,-0.8333333333333334,15.0,0.16782407407407407,71.659375,0.9166281848290598,0.0,41.6394,-91.5445,204.0,public observation
2025-10-25,IOW,9.675925925925926,7.777777777777778,12.777777777777779,0.46296296296296297,53.03875,2.8963581933760683,0.0,41.6394,-91.5445,204.0,public observation
2025-10-26,IOW,12.013888888888888,8.88888888888889,18.333333333333332,-0.02314814814814815,44.6875,3.537854272163947,0.0,41.6394,-91.5445,204.0,public observation
2025-10-27,IOW,10.949074074074074,6.111111111111111,17.22222222222222,0.06944444444444445,48.876666666666665,3.321168387464388,0.0,41.6394,-91.5445,204.0,public observation
2025-10-28,IOW,9.476851851851853,7.222222222222222,11.666666666666666,0.2638888888888889,52.90166666666667,2.8151257165242165,0.254,41.6394,-91.5445,204.0,public observation
2025-10-29,IOW,10.330632716049383,8.25,14.444444444444445,5.554783950617284,74.60465277777779,6.0286034186043125,8.89,41.6394,-91.5445,204.0,public observation
2025-10-30,IOW,7.106481481481481,1.6666666666666667,11.11111111111111,3.263888888888889,77.78708333333333,2.622716306089744,0.0,41.6394,-91.5445,204.0,public observation
2025-10-31,IOW,6.481481481481481,-0.5555555555555556,12.222222222222221,2.013888888888889,76.09458333333333,3.3794697090779593,0.0,41.6394,-91.5445,204.0,public observation
2025-11-01,IOW,5.459104938271605,1.1111111111111112,8.88888888888889,2.058256172839506,79.56125,2.2404941109508547,0.7619999999999999,41.6394,-91.5445,204.0,public observation
2025-11-02,IOW,4.302469135802469,-2.2222222222222223,12.222222222222221,0.5848765432098765,80.43118055555556,2.1833502919062417,0.0,41.6394,-91.5445,204.0,public observation
2025-11-03,IOW,8.842592592592593,3.3333333333333335,17.22222222222222,0.3703703703703704,60.99583333333334,3.5096213096348094,0.0,41.6394,-91.5445,204.0,public observation
2025-11-04,IOW,9.49074074074074,3.3333333333333335,20.555555555555557,2.361111111111111,63.68166666666667,2.215955823815074,0.0,41.6394,-91.5445,204.0,public observation
2025-11-05,IOW,11.122685185185185,6.388888888888889,16.666666666666668,4.212962962962963,68.12,3.6643285365190366,0.0,41.6394,-91.5445,204.0,public observation
2025-11-06,IOW,7.3842592592592595,0.5555555555555556,15.555555555555555,-1.5972222222222223,57.788333333333334,2.750021959401709,0.0,41.6394,-91.5445,204.0,public observation
2025-11-07,IOW,12.986111111111112,4.444444444444445,18.88888888888889,4.328703703703703,58.94375,4.792195542132867,0.0,41.6394,-91.5445,204.0,public observation
2025-11-08,IOW,5.8765432098765435,2.2222222222222223,10.0,3.360339506172839,84.40979166666666,2.524348930793512,9.144,41.6394,-91.5445,204.0,public observation
2025-11-09,IOW,0.30131172839506154,-2.2222222222222223,3.7037037037036984,-4.890046296296297,69.97881944444444,6.866842587801659,1.778,41.6394,-91.5445,204.0,public observation
2025-11-10,IOW,-1.8981481481481481,-5.555555555555555,2.2222222222222223,-7.337962962962963,67.67291666666667,5.065706983974359,0.0,41.6394,-91.5445,204.0,public observation
2025-11-11,IOW,2.1064814814814814,-4.444444444444445,11.666666666666666,-4.351851851851852,64.25458333333333,4.025826590811966,0.0,41.6394,-91.5445,204.0,public observation
2025-11-12,IOW,7.847222222222222,2.2222222222222223,15.0,0.23148148148148148,62.27625,4.780244658119658,0.0,41.6394,-91.5445,204.0,public observation
2025-11-13,IOW,6.712962962962963,-0.5555555555555556,17.22222222222222,-0.023148148148148157,67.21875,2.136921230769231,0.0,41.6394,-91.5445,204.0,public observation
2025-11-14,IOW,10.48611111111111,2.2222222222222223,23.333333333333332,4.861111111111112,69.825,1.5763091794871797,0.0,41.6394,-91.5445,204.0,public observation
2025-11-15,IOW,16.921296296296294,15.0,20.555555555555557,10.578703703703704,68.76416666666667,4.814888052991453,0.0,41.6394,-91.5445,204.0,public observation
2025-11-16,IOW,6.481481481481481,-1.1111111111111112,13.333333333333334,-3.9814814814814814,49.718333333333334,3.9143912051282057,0.0,41.6394,-91.5445,204.0,public observation
2025-11-17,IOW,6.944444444444444,3.888888888888889,11.11111111111111,-4.0509259259259265,47.004999999999995,2.324891153846154,0.0,41.6394,-91.5445,204.0,public observation
2025-11-18,IOW,6.43557098765432,5.370370370370365,9.444444444444445,1.91358024691358,74.27402777777777,4.488237312606837,4.8260000000000005,41.6394,-91.5445,204.0,public observation
2025-11-19,IOW,5.601851851851852,4.444444444444445,6.666666666666667,0.3240740740740741,68.99833333333333,2.649009717948718,0.0,41.6394,-91.5445,204.0,public observation
2025-11-20,IOW,7.768518518518519,6.388888888888889,10.0,0.35648148148148145,59.65715277777778,1.7980520758924083,0.0,41.6394,-91.5445,204.0,public observation
2025-11-21,IOW,6.805555555555556,3.888888888888889,8.88888888888889,1.4814814814814816,70.194375,3.0504440645299145,0.0,41.6394,-91.5445,204.0,public observation
2025-11-22,IOW,4.357638888888888,-3.1944444444444446,13.88888888888889,-2.5983796296296298,63.3675,2.2032191020299146,0.0,41.6394,-91.5445,204.0,public observation
2025-11-23,IOW,6.180555555555556,-2.2222222222222223,13.88888888888889,-1.8055555555555556,60.34583333333333,1.5616068536324788,0.0,41.6394,-91.5445,204.0,public observation
2025-11-24,IOW,5.80979938271605,1.1111111111111112,10.0,1.9444444444444444,76.88041666666668,1.7549071059294874,1.016,41.6394,-91.5445,204.0,public observation
2025-11-25,IOW,9.341435185185185,6.666666666666667,11.666666666666666,6.816743827160494,84.30355555555555,1.876802931463675,0.762,41.6394,-91.5445,204.0,public observation
2025-11-26,IOW,2.097993827160494,0.0,5.555555555555555,-7.27391975308642,51.26229166666667,11.087689716297591,0.0,41.6394,-91.5445,204.0,public observation
2025-11-27,IOW,-1.507716049382716,-4.444444444444445,1.1111111111111112,-9.966820987654321,52.69541666666667,6.79822449442502,0.0,41.6394,-91.5445,204.0,public observation
2025-11-28,IOW,-3.2939814814814814,-8.333333333333334,0.5555555555555556,-12.226851851851853,51.81666666666667,3.123842557808858,0.0,41.6394,-91.5445,204.0,public observation
2025-11-29,IOW,-2.0753086419753086,-3.3333333333333335,-0.5555555555555556,-5.6506944444444445,76.9833125,4.027780802205121,12.7,41.6394,-91.5445,204.0,public observation
2025-11-30,IOW,-4.061342592592593,-6.592592592592593,-0.5555555555555556,-8.710262345679013,70.22225694444445,6.643260124057886,1.016,41.6394,-91.5445,204.0,public observation
2025-12-01,IOW,-7.469907407407407,-9.722222222222221,-5.555555555555555,-11.33179012345679,73.87383333333334,1.0635670375000001,1.524,41.6394,-91.5445,204.0,public observation
2025-12-02,IOW,-5.874614197530864,-11.527777777777779,-2.2222222222222223,-10.0679012345679,72.59051388888889,2.2757924712743005,0.0,41.6394,-91.5445,204.0,public observation
2025-12-03,IOW,-1.4729938271604939,-6.111111111111111,1.8333333333333317,-6.53858024691358,68.41881944444445,4.405091635897436,0.0,41.6394,-91.5445,204.0,public observation
2025-12-04,IOW,-13.425925925925926,-20.555555555555557,-7.222222222222222,-19.39814814814815,61.14083333333334,2.8805566282051287,0.0,41.6394,-91.5445,204.0,public observation
2025-12-05,IOW,-7.198067632850241,-13.88888888888889,1.1111111111111112,-13.92512077294686,58.83760869565218,2.9666113632478637,0.0,41.6394,-91.5445,204.0,public observation
2025-12-06,IOW,-1.486111111111111,-4.444444444444445,2.2222222222222223,-7.1782407407407405,65.28875000000001,3.285744091880342,0.0,41.6394,-91.5445,204.0,public observation
2025-12-07,IOW,-4.639429012345679,-11.11111111111111,-2.7777777777777777,-9.874691358024691,67.59093055555556,4.518554044982728,6.35,41.6394,-91.5445,204.0,public observation
2025-12-08,IOW,-11.550925925925926,-17.77777777777778,-6.666666666666667,-17.708333333333332,60.3725,2.1066528910256412,0.0,41.6394,-91.5445,204.0,public observation
2025-12-09,IOW,-2.8020833333333335,-8.333333333333334,2.7777777777777777,-7.108989197530864,72.42689583333333,2.245421578198844,0.0,41.6394,-91.5445,204.0,public observation
2025-12-10,IOW,1.419753086419753,-3.3333333333333335,6.111111111111111,-4.367283950617284,65.48826388888888,7.346390158721834,0.0,41.6394,-91.5445,204.0,public observation
2025-12-11,IOW,-5.833333333333333,-8.333333333333334,-3.888888888888889,-11.310570987654321,65.3404513888889,3.3538733743589746,0.254,41.6394,-91.5445,204.0,public observation
2025-12-12,IOW,-4.96682098765432,-10.0,-2.7777777777777777,-8.783950617283951,74.69375000000001,2.676529959401709,0.508,41.6394,-91.5445,204.0,public observation
2025-12-13,IOW,-12.390432098765432,-15.555555555555555,-3.3333333333333335,-18.56365740740741,60.25125694444444,5.2297950406662785,3.556,41.6394,-91.5445,204.0,public observation
2025-12-14,IOW,-17.63888888888889,-21.666666666666668,-15.555555555555555,-24.791666666666668,53.77291666666667,4.126242102350427,0.0,41.6394,-91.5445,204.0,public observation
2025-12-15,IOW,-10.50925925925926,-19.444444444444443,-1.1111111111111112,-17.73148148148148,55.72208333333333,3.091610576923077,0.0,41.6394,-91.5445,204.0,public observation
2025-12-16,IOW,-5.787037037037037,-11.666666666666666,3.888888888888889,-9.398148148148149,75.92541666666666,1.2465373846153847,0.0,41.6394,-91.5445,204.0,public observation
2025-12-17,IOW,2.8019323671497585,0.5555555555555556,5.555555555555555,-0.5314009661835749,78.79869565217392,3.200472743298368,0.0,41.6394,-91.5445,204.0,public observation
2025-12-18,IOW,2.3302469135802464,-5.74074074074074,5.92592592592592,0.16820987654320976,85.92940972222222,5.803180811939913,4.064,41.6394,-91.5445,204.0,public observation
2025-12-19,IOW,-10.051311728395062,-14.444444444444445,-5.0,-14.472993827160494,70.16850694444445,6.615925646911422,0.0,41.6394,-91.5445,204.0,public observation
2025-12-20,IOW,0.6018518518518519,-5.0,3.888888888888889,-5.185185185185185,65.59458333333333,4.687980873931624,0.0,41.6394,-91.5445,204.0,public observation
2025-12-21,IOW,-3.4953703703703702,-11.666666666666666,2.2222222222222223,-8.333333333333334,70.06625,2.6530140897435897,0.0,41.6394,-91.5445,204.0,public observation
2025-12-22,IOW,2.002314814814815,0.0,5.555555555555555,-3.738425925925926,66.10784722222222,3.2070699636752136,0.0,41.6394,-91.5445,204.0,public observation
2025-12-23,IOW,2.673611111111111,-2.2222222222222223,7.777777777777778,-0.4166666666666667,81.17583333333333,1.108622108974359,0.0,41.6394,-91.5445,204.0,public observation
2025-12-24,IOW,1.382716049382716,-2.03703703703704,5.555555555555555,-0.44135802469135815,88.01687500000001,1.4588790136752137,0.0,41.6394,-91.5445,204.0,public observation
2025-12-25,IOW,4.479166666666667,3.888888888888889,5.555555555555555,4.349922839506173,99.11489583333334,2.173631570922365,0.0,41.6394,-91.5445,204.0,public observation
2025-12-26,IOW,5.390817901234567,3.3333333333333335,6.25,5.107638888888888,98.07055555555554,3.1602089990384616,0.0,41.6394,-91.5445,204.0,public observation
2025-12-27,IOW,3.997685185185185,2.166666666666666,7.777777777777778,3.905092592592592,99.37416666666667,3.3940266698403723,0.0,41.6394,-91.5445,204.0,public observation
2025-12-28,IOW,5.104717813051146,-5.74074074074074,7.809523809523808,4.759038800705468,97.56604166666666,3.8789776974496086,11.175999999999998,41.6394,-91.5445,204.0,public observation
2025-12-29,IOW,-9.958079805996473,-11.666666666666666,-7.177777777777779,-13.231029541446206,77.09883829365079,9.582186895299145,0.0,41.6394,-91.5445,204.0,public observation
2025-12-30,IOW,-7.6157407407407405,-11.666666666666666,-0.5555555555555556,-10.856481481481481,77.72458333333334,4.1628817473776225,0.0,41.6394,-91.5445,204.0,public observation
