activity_id,date,site_id,characteristic_name,result_value,result_unit,sample_medium,activity_type,latitude,longitude,source_type
nwisia.01.01201871,2012-08-23,USGS-05454500,Specific conductance,492.0,uS/cm @25C,Water,Sample-Routine,41.656,-91.536,public observation
nwisia.01.94700042,1947-09-25,USGS-05454500,Specific conductance,461.0,uS/cm @25C,Water,Sample-Routine,41.656,-91.536,public observation
nwisia.01.94500017,1945-02-19,USGS-05454500,Specific conductance,401.0,uS/cm @25C,Water,Sample-Routine,41.656,-91.536,public observation
nwisia.01.94500017,1945-02-19,USGS-05454500,pH,7.3,std units,Water,Sample-Routine,41.656,-91.536,public observation
nwisia.01.94500017,1945-02-19,USGS-05454500,Nitrate,1.51,mg/L as N,Water,Sample-Routine,41.656,-91.536,public observation
nwisia.01.00101581,2001-05-03,USGS-05454500,"Temperature, water",18.8,deg C,Water,Sample-Routine,41.656,-91.536,public observation
nwisia.01.94500036,1945-07-28,USGS-05454500,Specific conductance,545.0,uS/cm @25C,Water,Sample-Routine,41.656,-91.536,public observation
nwisia.01.94500036,1945-07-28,USGS-05454500,pH,7.9,std units,Water,Sample-Routine,41.656,-91.536,public observation
nwisia.01.94500036,1945-07-28,USGS-05454500,Nitrate,1.94,mg/L as N,Water,Sample-Routine,41.656,-91.536,public observation
nwisia.01.00101581,2001-05-03,USGS-05454500,Specific conductance,497.0,uS/cm @25C,Water,Sample-Routine,41.656,-91.536,public observation
nwisia.01.95200007,1952-03-11,USGS-05454500,Specific conductance,242.0,uS/cm @25C,Water,Sample-Routine,41.656,-91.536,public observation
nwisia.01.95200007,1952-03-11,USGS-05454500,pH,7.9,std units,Water,Sample-Routine,41.656,-91.536,public observation
nwisia.01.95400032,1954-09-15,USGS-05454500,Specific conductance,546.0,uS/cm @25C,Water,Sample-Routine,41.656,-91.536,public observation
nwisia.01.95400032,1954-09-15,USGS-05454500,pH,7.6,std units,Water,Sample-Routine,41.656,-91.536,public observation
nwisia.01.94600007,1946-01-01,USGS-05454500,Specific conductance,581.0,uS/cm @25C,Water,Sample-Routine,41.656,-91.536,public observation
nwisia.01.00200341,2001-10-12,USGS-05454500,"Temperature, water",15.3,deg C,Water,Sample-Routine,41.656,-91.536,public observation
nwisia.01.01201871,2012-08-23,USGS-05454500,Nitrate,0.319,mg/L as N,Water,Sample-Routine,41.656,-91.536,public observation
nwisia.01.00800604,2008-06-14,USGS-05454500,pH,7.5,std units,Water,Sample-Routine,41.656,-91.536,public observation
nwisia.01.00800604,2008-06-14,USGS-05454500,Nitrate,5.13,mg/L as N,Water,Sample-Routine,41.656,-91.536,public observation
nwisia.01.00200341,2001-10-12,USGS-05454500,Specific conductance,466.0,uS/cm @25C,Water,Sample-Routine,41.656,-91.536,public observation
nwisia.01.00800604,2008-06-14,USGS-05454500,Specific conductance,363.0,uS/cm @25C,Water,Sample-Routine,41.656,-91.536,public observation
nwisia.01.00800621,2008-06-20,USGS-05454500,"Temperature, water",22.5,deg C,Water,Sample-Routine,41.656,-91.536,public observation
nwisia.01.00800621,2008-06-20,USGS-05454500,Specific conductance,293.0,uS/cm @25C,Water,Sample-Routine,41.656,-91.536,public observation
nwisia.01.00800621,2008-06-20,USGS-05454500,pH,7.6,std units,Water,Sample-Routine,41.656,-91.536,public observation
nwisia.01.00800621,2008-06-20,USGS-05454500,Nitrate,3.6,mg/L as N,Water,Sample-Routine,41.656,-91.536,public observation
nwisia.01.00700079,2006-12-19,USGS-05454500,"Temperature, water",1.9,deg C,Water,Sample-Routine,41.656,-91.536,public observation
nwisia.01.00800605,2008-06-15,USGS-05454500,"Temperature, water",22.3,deg C,Water,Sample-Routine,41.656,-91.536,public observation
nwisia.01.00800605,2008-06-15,USGS-05454500,Specific conductance,361.0,uS/cm @25C,Water,Sample-Routine,41.656,-91.536,public observation
nwisia.01.00800605,2008-06-15,USGS-05454500,pH,7.3,std units,Water,Sample-Routine,41.656,-91.536,public observation
nwisia.01.00800605,2008-06-15,USGS-05454500,Nitrate,4.94,mg/L as N,Water,Sample-Routine,41.656,-91.536,public observation
nwisia.01.00700079,2006-12-19,USGS-05454500,Specific conductance,617.0,uS/cm @25C,Water,Sample-Routine,41.656,-91.536,public observation
nwisia.01.95200012,1952-05-28,USGS-05454500,Specific conductance,497.0,uS/cm @25C,Water,Sample-Routine,41.656,-91.536,public observation
nwisia.01.95200012,1952-05-28,USGS-05454500,pH,8.1,std units,Water,Sample-Routine,41.656,-91.536,public observation
nwisia.01.95300009,1952-11-17,USGS-05454500,Specific conductance,301.0,uS/cm @25C,Water,Sample-Routine,41.656,-91.536,public observation
nwisia.01.95300009,1952-11-17,USGS-05454500,pH,7.3,std units,Water,Sample-Routine,41.656,-91.536,public observation
nwisia.01.94800019,1948-03-21,USGS-05454500,Specific conductance,159.0,uS/cm @25C,Water,Sample-Routine,41.656,-91.536,public observation
nwisia.01.94800019,1948-03-21,USGS-05454500,pH,7.3,std units,Water,Sample-Routine,41.656,-91.536,public observation
nwisia.01.94800019,1948-03-21,USGS-05454500,Nitrate,1.81,mg/L as N,Water,Sample-Routine,41.656,-91.536,public observation
nwisia.01.00700119,2007-02-20,USGS-05454500,"Temperature, water",0.8,deg C,Water,Sample-Routine,41.656,-91.536,public observation
nwisia.01.94500041,1945-08-26,USGS-05454500,Specific conductance,416.0,uS/cm @25C,Water,Sample-Routine,41.656,-91.536,public observation
nwisia.01.94500041,1945-08-26,USGS-05454500,pH,7.6,std units,Water,Sample-Routine,41.656,-91.536,public observation
nwisia.01.94500041,1945-08-26,USGS-05454500,Nitrate,1.72,mg/L as N,Water,Sample-Routine,41.656,-91.536,public observation
nwisia.01.00700119,2007-02-20,USGS-05454500,Specific conductance,845.0,uS/cm @25C,Water,Sample-Routine,41.656,-91.536,public observation
nwisia.01.94500002,1944-10-11,USGS-05454500,Specific conductance,491.0,uS/cm @25C,Water,Sample-Routine,41.656,-91.536,public observation
nwisia.01.95400012,1954-04-18,USGS-05454500,Specific conductance,445.0,uS/cm @25C,Water,Sample-Routine,41.656,-91.536,public observation
nwisia.01.95400012,1954-04-18,USGS-05454500,pH,7.6,std units,Water,Sample-Routine,41.656,-91.536,public observation
nwisia.01.90700032,1907-08-28,USGS-05454500,Turbidity,80.0,mg/l SiO2,Water,Sample-Routine,41.656,-91.536,public observation
nwisia.01.90700032,1907-08-28,USGS-05454500,Nitrate,0.678,mg/L as N,Water,Sample-Routine,41.656,-91.536,public observation
nwisia.01.00700119,2007-02-20,USGS-05454500,pH,8.0,std units,Water,Sample-Routine,41.656,-91.536,public observation
nwisia.01.95200001,1951-10-01,USGS-05454500,Specific conductance,420.0,uS/cm @25C,Water,Sample-Routine,41.656,-91.536,public observation
nwisia.01.95200001,1951-10-01,USGS-05454500,pH,8.2,std units,Water,Sample-Routine,41.656,-91.536,public observation
nwisia.01.90700003,1906-10-27,USGS-05454500,Turbidity,25.0,mg/l SiO2,Water,Sample-Routine,41.656,-91.536,public observation
nwisia.01.90700003,1906-10-27,USGS-05454500,Nitrate,0.294,mg/L as N,Water,Sample-Routine,41.656,-91.536,public observation
nwisia.01.00700411,2007-07-27,USGS-05454500,"Temperature, water",25.9,deg C,Water,Sample-Routine,41.656,-91.536,public observation
nwisia.01.95300007,1952-10-01,USGS-05454500,Specific conductance,554.0,uS/cm @25C,Water,Sample-Routine,41.656,-91.536,public observation
nwisia.01.95300007,1952-10-01,USGS-05454500,pH,7.7,std units,Water,Sample-Routine,41.656,-91.536,public observation
nwisia.01.95200009,1952-04-01,USGS-05454500,Specific conductance,491.0,uS/cm @25C,Water,Sample-Routine,41.656,-91.536,public observation
nwisia.01.95200009,1952-04-01,USGS-05454500,pH,8.3,std units,Water,Sample-Routine,41.656,-91.536,public observation
nwisia.01.95400013,1954-04-27,USGS-05454500,Specific conductance,379.0,uS/cm @25C,Water,Sample-Routine,41.656,-91.536,public observation
nwisia.01.95400013,1954-04-27,USGS-05454500,pH,7.3,std units,Water,Sample-Routine,41.656,-91.536,public observation
nwisia.01.90700023,1907-05-29,USGS-05454500,Turbidity,190.0,mg/l SiO2,Water,Sample-Routine,41.656,-91.536,public observation
nwisia.01.90700023,1907-05-29,USGS-05454500,Nitrate,0.655,mg/L as N,Water,Sample-Routine,41.656,-91.536,public observation
nwisia.01.00700411,2007-07-27,USGS-05454500,pH,7.9,std units,Water,Sample-Routine,41.656,-91.536,public observation
nwisia.01.95400019,1954-06-07,USGS-05454500,Specific conductance,483.0,uS/cm @25C,Water,Sample-Routine,41.656,-91.536,public observation
nwisia.01.95400019,1954-06-07,USGS-05454500,pH,7.5,std units,Water,Sample-Routine,41.656,-91.536,public observation
nwisia.01.94400024,1944-09-11,USGS-05454500,Specific conductance,491.0,uS/cm @25C,Water,Sample-Routine,41.656,-91.536,public observation
nwisia.01.00700248,2007-05-24,USGS-05454500,"Temperature, water",20.7,deg C,Water,Sample-Routine,41.656,-91.536,public observation
nwisia.01.90700011,1907-01-29,USGS-05454500,Turbidity,10.0,mg/l SiO2,Water,Sample-Routine,41.656,-91.536,public observation
nwisia.01.90700011,1907-01-29,USGS-05454500,Nitrate,0.52,mg/L as N,Water,Sample-Routine,41.656,-91.536,public observation
nwisia.01.94700036,1947-07-16,USGS-05454500,"Temperature, water",29.0,deg C,Water,Sample-Routine,41.656,-91.536,public observation
nwisia.01.94700036,1947-07-16,USGS-05454500,Specific conductance,476.0,uS/cm @25C,Water,Sample-Routine,41.656,-91.536,public observation
nwisia.01.94500033,1945-07-01,USGS-05454500,Specific conductance,511.0,uS/cm @25C,Water,Sample-Routine,41.656,-91.536,public observation
nwisia.01.94700025,1947-05-11,USGS-05454500,"Temperature, water",18.0,deg C,Water,Sample-Routine,41.656,-91.536,public observation
nwisia.01.94700025,1947-05-11,USGS-05454500,Specific conductance,506.0,uS/cm @25C,Water,Sample-Routine,41.656,-91.536,public observation
nwisia.01.95400010,1954-04-09,USGS-05454500,Specific conductance,376.0,uS/cm @25C,Water,Sample-Routine,41.656,-91.536,public observation
nwisia.01.95400010,1954-04-09,USGS-05454500,pH,7.7,std units,Water,Sample-Routine,41.656,-91.536,public observation
nwisia.01.95400016,1954-06-02,USGS-05454500,Specific conductance,339.0,uS/cm @25C,Water,Sample-Routine,41.656,-91.536,public observation
nwisia.01.95400016,1954-06-02,USGS-05454500,pH,7.3,std units,Water,Sample-Routine,41.656,-91.536,public observation
nwisia.01.00100268,1901-01-01,USGS-05454500,"Temperature, water",15.5,deg C,Water,Sample-Routine,41.656,-91.536,public observation
nwisia.01.00100268,1901-01-01,USGS-05454500,Specific conductance,503.0,uS/cm @25C,Water,Sample-Routine,41.656,-91.536,public observation
nwisia.01.95300022,1953-04-01,USGS-05454500,Specific conductance,414.0,uS/cm @25C,Water,Sample-Routine,41.656,-91.536,public observation
nwisia.01.95300022,1953-04-01,USGS-05454500,pH,7.6,std units,Water,Sample-Routine,41.656,-91.536,public observation
nwisia.01.94400016,1944-06-21,USGS-05454500,Specific conductance,416.0,uS/cm @25C,Water,Sample-Routine,41.656,-91.536,public observation
nwisia.01.95300010,1952-11-21,USGS-05454500,Specific conductance,418.0,uS/cm @25C,Water,Sample-Routine,41.656,-91.536,public observation
nwisia.01.95300010,1952-11-21,USGS-05454500,pH,7.5,std units,Water,Sample-Routine,41.656,-91.536,public observation
nwisia.01.95200003,1951-12-01,USGS-05454500,Specific conductance,498.0,uS/cm @25C,Water,Sample-Routine,41.656,-91.536,public observation
nwisia.01.95200003,1951-12-01,USGS-05454500,pH,7.8,std units,Water,Sample-Routine,41.656,-91.536,public observation
nwisia.01.90700027,1907-07-08,USGS-05454500,Turbidity,1200.0,mg/l SiO2,Water,Sample-Routine,41.656,-91.536,public observation
nwisia.01.90700027,1907-07-08,USGS-05454500,Nitrate,0.678,mg/L as N,Water,Sample-Routine,41.656,-91.536,public observation
nwisia.01.00700248,2007-05-24,USGS-05454500,Specific conductance,551.0,uS/cm @25C,Water,Sample-Routine,41.656,-91.536,public observation
nwisia.01.94700015,1947-02-01,USGS-05454500,Specific conductance,511.0,uS/cm @25C,Water,Sample-Routine,41.656,-91.536,public observation
nwisia.01.94900004,1949-06-04,USGS-05454500,Specific conductance,395.0,uS/cm @25C,Water,Sample-Routine,41.656,-91.536,public observation
nwisia.01.94700006,1946-11-01,USGS-05454500,Specific conductance,526.0,uS/cm @25C,Water,Sample-Routine,41.656,-91.536,public observation
nwisia.01.90700021,1907-05-09,USGS-05454500,Turbidity,50.0,mg/l SiO2,Water,Sample-Routine,41.656,-91.536,public observation
nwisia.01.90700033,1907-09-07,USGS-05454500,Turbidity,50.0,mg/l SiO2,Water,Sample-Routine,41.656,-91.536,public observation
nwisia.01.90700033,1907-09-07,USGS-05454500,Nitrate,0.136,mg/L as N,Water,Sample-Routine,41.656,-91.536,public observation
nwisia.01.00700248,2007-05-24,USGS-05454500,pH,8.6,std units,Water,Sample-Routine,41.656,-91.536,public observation
nwisia.01.95400003,1953-11-01,USGS-05454500,Specific conductance,561.0,uS/cm @25C,Water,Sample-Routine,41.656,-91.536,public observation
nwisia.01.95400003,1953-11-01,USGS-05454500,pH,8.0,std units,Water,Sample-Routine,41.656,-91.536,public observation
nwisia.01.94500042,1945-09-01,USGS-05454500,Specific conductance,483.0,uS/cm @25C,Water,Sample-Routine,41.656,-91.536,public observation
nwisia.01.94500004,1944-11-01,USGS-05454500,Specific conductance,493.0,uS/cm @25C,Water,Sample-Routine,41.656,-91.536,public observation
nwisia.01.95300033,1953-07-23,USGS-05454500,Specific conductance,449.0,uS/cm @25C,Water,Sample-Routine,41.656,-91.536,public observation
nwisia.01.95300033,1953-07-23,USGS-05454500,pH,7.6,std units,Water,Sample-Routine,41.656,-91.536,public observation
nwisia.01.94700028,1947-06-11,USGS-05454500,"Temperature, water",16.5,deg C,Water,Sample-Routine,41.656,-91.536,public observation
nwisia.01.94700028,1947-06-11,USGS-05454500,Specific conductance,354.0,uS/cm @25C,Water,Sample-Routine,41.656,-91.536,public observation
nwisia.01.94500039,1945-08-18,USGS-05454500,Specific conductance,420.0,uS/cm @25C,Water,Sample-Routine,41.656,-91.536,public observation
nwisia.01.94500039,1945-08-18,USGS-05454500,pH,7.7,std units,Water,Sample-Routine,41.656,-91.536,public observation
nwisia.01.94500039,1945-08-18,USGS-05454500,Nitrate,1.63,mg/L as N,Water,Sample-Routine,41.656,-91.536,public observation
nwisia.01.00700129,2007-03-20,USGS-05454500,"Temperature, water",5.7,deg C,Water,Sample-Routine,41.656,-91.536,public observation
nwisia.01.90700022,1907-05-19,USGS-05454500,Turbidity,540.0,mg/l SiO2,Water,Sample-Routine,41.656,-91.536,public observation
nwisia.01.90700022,1907-05-19,USGS-05454500,Nitrate,1.22,mg/L as N,Water,Sample-Routine,41.656,-91.536,public observation
nwisia.01.00700129,2007-03-20,USGS-05454500,Specific conductance,350.0,uS/cm @25C,Water,Sample-Routine,41.656,-91.536,public observation
nwisia.01.94500018,1945-02-21,USGS-05454500,Specific conductance,384.0,uS/cm @25C,Water,Sample-Routine,41.656,-91.536,public observation
nwisia.01.94500008,1944-12-01,USGS-05454500,Specific conductance,556.0,uS/cm @25C,Water,Sample-Routine,41.656,-91.536,public observation
nwisia.01.94800010,1947-12-18,USGS-05454500,Specific conductance,521.0,uS/cm @25C,Water,Sample-Routine,41.656,-91.536,public observation
nwisia.01.94800010,1947-12-18,USGS-05454500,pH,8.0,std units,Water,Sample-Routine,41.656,-91.536,public observation
nwisia.01.94800010,1947-12-18,USGS-05454500,Nitrate,2.26,mg/L as N,Water,Sample-Routine,41.656,-91.536,public observation
nwisia.01.00700129,2007-03-20,USGS-05454500,pH,7.8,std units,Water,Sample-Routine,41.656,-91.536,public observation
nwisia.01.95400022,1954-06-20,USGS-05454500,Specific conductance,362.0,uS/cm @25C,Water,Sample-Routine,41.656,-91.536,public observation
nwisia.01.95400022,1954-06-20,USGS-05454500,pH,7.5,std units,Water,Sample-Routine,41.656,-91.536,public observation
nwisia.01.94700014,1947-01-21,USGS-05454500,Specific conductance,506.0,uS/cm @25C,Water,Sample-Routine,41.656,-91.536,public observation
nwisia.01.94600005,1945-11-21,USGS-05454500,"Temperature, water",1.5,deg C,Water,Sample-Routine,41.656,-91.536,public observation
nwisia.01.94600005,1945-11-21,USGS-05454500,Specific conductance,533.0,uS/cm @25C,Water,Sample-Routine,41.656,-91.536,public observation
nwisia.01.95400014,1954-05-01,USGS-05454500,Specific conductance,333.0,uS/cm @25C,Water,Sample-Routine,41.656,-91.536,public observation
nwisia.01.95400014,1954-05-01,USGS-05454500,pH,7.6,std units,Water,Sample-Routine,41.656,-91.536,public observation
nwisia.01.94600029,1946-08-11,USGS-05454500,"Temperature, water",24.0,deg C,Water,Sample-Routine,41.656,-91.536,public observation
nwisia.01.94600029,1946-08-11,USGS-05454500,Specific conductance,408.0,uS/cm @25C,Water,Sample-Routine,41.656,-91.536,public observation
nwisia.01.90700010,1907-01-16,USGS-05454500,Turbidity,120.0,mg/l SiO2,Water,Sample-Routine,41.656,-91.536,public observation
nwisia.01.90700010,1907-01-16,USGS-05454500,Nitrate,0.384,mg/L as N,Water,Sample-Routine,41.656,-91.536,public observation
nwisia.01.00700101,2007-01-23,USGS-05454500,"Temperature, water",0.4,deg C,Water,Sample-Routine,41.656,-91.536,public observation
nwisia.01.95400006,1954-02-01,USGS-05454500,Specific conductance,642.0,uS/cm @25C,Water,Sample-Routine,41.656,-91.536,public observation
nwisia.01.95400006,1954-02-01,USGS-05454500,pH,7.7,std units,Water,Sample-Routine,41.656,-91.536,public observation
nwisia.01.95300032,1953-07-16,USGS-05454500,Specific conductance,485.0,uS/cm @25C,Water,Sample-Routine,41.656,-91.536,public observation
nwisia.01.95300032,1953-07-16,USGS-05454500,pH,7.8,std units,Water,Sample-Routine,41.656,-91.536,public observation
nwisia.01.95400009,1954-04-01,USGS-05454500,Specific conductance,471.0,uS/cm @25C,Water,Sample-Routine,41.656,-91.536,public observation
nwisia.01.95400009,1954-04-01,USGS-05454500,pH,7.4,std units,Water,Sample-Routine,41.656,-91.536,public observation
nwisia.01.94700019,1947-03-11,USGS-05454500,"Temperature, water",1.0,deg C,Water,Sample-Routine,41.656,-91.536,public observation
nwisia.01.94700019,1947-03-11,USGS-05454500,Specific conductance,335.0,uS/cm @25C,Water,Sample-Routine,41.656,-91.536,public observation
nwisia.01.90700012,1907-02-08,USGS-05454500,Turbidity,15.0,mg/l SiO2,Water,Sample-Routine,41.656,-91.536,public observation
nwisia.01.90700012,1907-02-08,USGS-05454500,Nitrate,0.497,mg/L as N,Water,Sample-Routine,41.656,-91.536,public observation
nwisia.01.00700101,2007-01-23,USGS-05454500,Specific conductance,725.0,uS/cm @25C,Water,Sample-Routine,41.656,-91.536,public observation
nwisia.01.95100004,1951-07-03,USGS-05454500,Specific conductance,323.0,uS/cm @25C,Water,Sample-Routine,41.656,-91.536,public observation
nwisia.01.95400028,1954-07-31,USGS-05454500,Specific conductance,482.0,uS/cm @25C,Water,Sample-Routine,41.656,-91.536,public observation
nwisia.01.95400028,1954-07-31,USGS-05454500,pH,7.8,std units,Water,Sample-Routine,41.656,-91.536,public observation
nwisia.01.94700009,1946-12-01,USGS-05454500,"Temperature, water",4.0,deg C,Water,Sample-Routine,41.656,-91.536,public observation
nwisia.01.94700009,1946-12-01,USGS-05454500,Specific conductance,562.0,uS/cm @25C,Water,Sample-Routine,41.656,-91.536,public observation
nwisia.01.94700016,1947-02-11,USGS-05454500,Specific conductance,425.0,uS/cm @25C,Water,Sample-Routine,41.656,-91.536,public observation
nwisia.01.94600012,1946-02-21,USGS-05454500,"Temperature, water",1.0,deg C,Water,Sample-Routine,41.656,-91.536,public observation
nwisia.01.94600012,1946-02-21,USGS-05454500,Specific conductance,401.0,uS/cm @25C,Water,Sample-Routine,41.656,-91.536,public observation
nwisia.01.94400010,1944-04-21,USGS-05454500,Specific conductance,475.0,uS/cm @25C,Water,Sample-Routine,41.656,-91.536,public observation
nwisia.01.94700020,1947-03-21,USGS-05454500,"Temperature, water",4.0,deg C,Water,Sample-Routine,41.656,-91.536,public observation
nwisia.01.94700020,1947-03-21,USGS-05454500,Specific conductance,416.0,uS/cm @25C,Water,Sample-Routine,41.656,-91.536,public observation
nwisia.01.94700029,1947-06-20,USGS-05454500,"Temperature, water",16.5,deg C,Water,Sample-Routine,41.656,-91.536,public observation
nwisia.01.94700029,1947-06-20,USGS-05454500,Specific conductance,354.0,uS/cm @25C,Water,Sample-Routine,41.656,-91.536,public observation
nwisia.01.94700029,1947-06-20,USGS-05454500,pH,7.7,std units,Water,Sample-Routine,41.656,-91.536,public observation
nwisia.01.94700029,1947-06-20,USGS-05454500,Nitrate,2.71,mg/L as N,Water,Sample-Routine,41.656,-91.536,public observation
nwisia.01.00700101,2007-01-23,USGS-05454500,pH,8.0,std units,Water,Sample-Routine,41.656,-91.536,public observation
nwisia.01.91300002,1913-07-01,USGS-05454500,Turbidity,380.0,mg/l SiO2,Water,Sample-Routine,41.656,-91.536,public observation
nwisia.01.91300002,1913-07-01,USGS-05454500,Nitrate,1.58,mg/L as N,Water,Sample-Routine,41.656,-91.536,public observation
nwisia.01.00700540,2007-08-29,USGS-05454500,"Temperature, water",24.7,deg C,Water,Quality Control Sample-Field Replicate,41.656,-91.536,public observation
nwisia.01.90600003,1906-09-26,USGS-05454500,Turbidity,120.0,mg/l SiO2,Water,Sample-Routine,41.656,-91.536,public observation
nwisia.01.90600003,1906-09-26,USGS-05454500,Nitrate,0.384,mg/L as N,Water,Sample-Routine,41.656,-91.536,public observation
nwisia.01.00700540,2007-08-29,USGS-05454500,Specific conductance,400.0,uS/cm @25C,Water,Quality Control Sample-Field Replicate,41.656,-91.536,public observation
nwisia.01.94500013,1945-01-11,USGS-05454500,Specific conductance,593.0,uS/cm @25C,Water,Sample-Routine,41.656,-91.536,public observation
nwisia.01.95300018,1953-02-20,USGS-05454500,Specific conductance,164.0,uS/cm @25C,Water,Sample-Routine,41.656,-91.536,public observation
nwisia.01.95300018,1953-02-20,USGS-05454500,pH,7.0,std units,Water,Sample-Routine,41.656,-91.536,public observation
nwisia.01.94600015,1946-03-21,USGS-05454500,"Temperature, water",13.0,deg C,Water,Sample-Routine,41.656,-91.536,public observation
nwisia.01.94600015,1946-03-21,USGS-05454500,Specific conductance,422.0,uS/cm @25C,Water,Sample-Routine,41.656,-91.536,public observation
nwisia.01.95400031,1954-09-04,USGS-05454500,Specific conductance,482.0,uS/cm @25C,Water,Sample-Routine,41.656,-91.536,public observation
nwisia.01.95400031,1954-09-04,USGS-05454500,pH,7.6,std units,Water,Sample-Routine,41.656,-91.536,public observation
nwisia.01.95400017,1954-06-02,USGS-05454500,"Temperature, water",16.7,deg C,Water,Sample-Routine,41.656,-91.536,public observation
nwisia.01.94700027,1947-06-01,USGS-05454500,"Temperature, water",18.5,deg C,Water,Sample-Routine,41.656,-91.536,public observation
nwisia.01.94700027,1947-06-01,USGS-05454500,Specific conductance,264.0,uS/cm @25C,Water,Sample-Routine,41.656,-91.536,public observation
nwisia.01.94600003,1945-11-01,USGS-05454500,"Temperature, water",7.0,deg C,Water,Sample-Routine,41.656,-91.536,public observation
nwisia.01.94600003,1945-11-01,USGS-05454500,Specific conductance,507.0,uS/cm @25C,Water,Sample-Routine,41.656,-91.536,public observation
nwisia.01.94700041,1947-09-16,USGS-05454500,Specific conductance,493.0,uS/cm @25C,Water,Sample-Routine,41.656,-91.536,public observation
nwisia.01.94700039,1947-08-20,USGS-05454500,"Temperature, water",28.5,deg C,Water,Sample-Routine,41.656,-91.536,public observation
nwisia.01.94700039,1947-08-20,USGS-05454500,Specific conductance,464.0,uS/cm @25C,Water,Sample-Routine,41.656,-91.536,public observation
nwisia.01.95300016,1953-01-31,USGS-05454500,Specific conductance,523.0,uS/cm @25C,Water,Sample-Routine,41.656,-91.536,public observation
nwisia.01.95300016,1953-01-31,USGS-05454500,pH,7.3,std units,Water,Sample-Routine,41.656,-91.536,public observation
nwisia.01.95200006,1952-02-12,USGS-05454500,Specific conductance,444.0,uS/cm @25C,Water,Sample-Routine,41.656,-91.536,public observation
nwisia.01.95200006,1952-02-12,USGS-05454500,pH,8.5,std units,Water,Sample-Routine,41.656,-91.536,public observation
nwisia.01.90700016,1907-03-20,USGS-05454500,Turbidity,90.0,mg/l SiO2,Water,Sample-Routine,41.656,-91.536,public observation
nwisia.01.90700016,1907-03-20,USGS-05454500,Nitrate,0.294,mg/L as N,Water,Sample-Routine,41.656,-91.536,public observation
nwisia.01.00700540,2007-08-29,USGS-05454500,pH,7.8,std units,Water,Quality Control Sample-Field Replicate,41.656,-91.536,public observation
nwisia.01.94500015,1945-02-01,USGS-05454500,Specific conductance,606.0,uS/cm @25C,Water,Sample-Routine,41.656,-91.536,public observation
nwisia.01.94400007,1944-02-11,USGS-05454500,Specific conductance,443.0,uS/cm @25C,Water,Sample-Routine,41.656,-91.536,public observation
nwisia.01.94600022,1946-06-01,USGS-05454500,"Temperature, water",21.5,deg C,Water,Sample-Routine,41.656,-91.536,public observation
nwisia.01.94600022,1946-06-01,USGS-05454500,Specific conductance,487.0,uS/cm @25C,Water,Sample-Routine,41.656,-91.536,public observation
nwisia.01.91300003,1913-07-17,USGS-05454500,Turbidity,200.0,mg/l SiO2,Water,Sample-Routine,41.656,-91.536,public observation
nwisia.01.91300003,1913-07-17,USGS-05454500,Nitrate,0.045,mg/L as N,Water,Sample-Routine,41.656,-91.536,public observation
nwisia.01.00700615,2007-09-19,USGS-05454500,"Temperature, water",19.3,deg C,Water,Sample-Routine,41.656,-91.536,public observation
nwisia.01.94500024,1945-04-21,USGS-05454500,Specific conductance,497.0,uS/cm @25C,Water,Sample-Routine,41.656,-91.536,public observation
nwisia.01.91300004,1913-08-13,USGS-05454500,Turbidity,170.0,mg/l SiO2,Water,Sample-Routine,41.656,-91.536,public observation
nwisia.01.91300004,1913-08-13,USGS-05454500,Nitrate,0.136,mg/L as N,Water,Sample-Routine,41.656,-91.536,public observation
nwisia.01.00700615,2007-09-19,USGS-05454500,Specific conductance,552.0,uS/cm @25C,Water,Sample-Routine,41.656,-91.536,public observation
nwisia.01.95300029,1953-06-28,USGS-05454500,Specific conductance,278.0,uS/cm @25C,Water,Sample-Routine,41.656,-91.536,public observation
nwisia.01.95300029,1953-06-28,USGS-05454500,pH,7.2,std units,Water,Sample-Routine,41.656,-91.536,public observation
nwisia.01.94500012,1945-01-03,USGS-05454500,Specific conductance,635.0,uS/cm @25C,Water,Sample-Routine,41.656,-91.536,public observation
nwisia.01.94500012,1945-01-03,USGS-05454500,pH,7.7,std units,Water,Sample-Routine,41.656,-91.536,public observation
nwisia.01.94500012,1945-01-03,USGS-05454500,Nitrate,1.33,mg/L as N,Water,Sample-Routine,41.656,-91.536,public observation
nwisia.01.00700615,2007-09-19,USGS-05454500,pH,8.1,std units,Water,Sample-Routine,41.656,-91.536,public observation
nwisia.01.94600024,1946-06-21,USGS-05454500,"Temperature, water",24.0,deg C,Water,Sample-Routine,41.656,-91.536,public observation
nwisia.01.94600024,1946-06-21,USGS-05454500,Specific conductance,407.0,uS/cm @25C,Water,Sample-Routine,41.656,-91.536,public observation
nwisia.01.95300037,1953-09-01,USGS-05454500,Specific conductance,533.0,uS/cm @25C,Water,Sample-Routine,41.656,-91.536,public observation
nwisia.01.94500007,1944-11-28,USGS-05454500,Specific conductance,511.0,uS/cm @25C,Water,Sample-Routine,41.656,-91.536,public observation
nwisia.01.94500007,1944-11-28,USGS-05454500,pH,8.1,std units,Water,Sample-Routine,41.656,-91.536,public observation
nwisia.01.94500007,1944-11-28,USGS-05454500,Nitrate,0.565,mg/L as N,Water,Sample-Routine,41.656,-91.536,public observation
nwisia.01.00700200,2007-04-19,USGS-05454500,pH,8.3,std units,Water,Sample-Routine,41.656,-91.536,public observation
nwisia.01.95100001,1951-07-03,USGS-05454500,Specific conductance,336.0,uS/cm @25C,Water,Sample-Routine,41.656,-91.536,public observation
nwisia.01.94800022,1948-04-02,USGS-05454500,Specific conductance,323.0,uS/cm @25C,Water,Sample-Routine,41.656,-91.536,public observation
nwisia.01.94800022,1948-04-02,USGS-05454500,pH,7.1,std units,Water,Sample-Routine,41.656,-91.536,public observation
nwisia.01.94800022,1948-04-02,USGS-05454500,Nitrate,4.29,mg/L as N,Water,Sample-Routine,41.656,-91.536,public observation
nwisia.01.00700200,2007-04-19,USGS-05454500,"Temperature, water",13.9,deg C,Water,Sample-Routine,41.656,-91.536,public observation
nwisia.01.94600027,1946-07-21,USGS-05454500,"Temperature, water",26.5,deg C,Water,Sample-Routine,41.656,-91.536,public observation
nwisia.01.94600027,1946-07-21,USGS-05454500,Specific conductance,509.0,uS/cm @25C,Water,Sample-Routine,41.656,-91.536,public observation
nwisia.01.94600009,1946-02-01,USGS-05454500,"Temperature, water",1.0,deg C,Water,Sample-Routine,41.656,-91.536,public observation
nwisia.01.94600009,1946-02-01,USGS-05454500,Specific conductance,482.0,uS/cm @25C,Water,Sample-Routine,41.656,-91.536,public observation
nwisia.01.94700007,1946-11-11,USGS-05454500,"Temperature, water",4.5,deg C,Water,Sample-Routine,41.656,-91.536,public observation
nwisia.01.94700007,1946-11-11,USGS-05454500,Specific conductance,538.0,uS/cm @25C,Water,Sample-Routine,41.656,-91.536,public observation
nwisia.01.94500025,1945-05-01,USGS-05454500,Specific conductance,523.0,uS/cm @25C,Water,Sample-Routine,41.656,-91.536,public observation
nwisia.01.95200014,1952-07-01,USGS-05454500,Specific conductance,527.0,uS/cm @25C,Water,Sample-Routine,41.656,-91.536,public observation
nwisia.01.95200014,1952-07-01,USGS-05454500,pH,8.1,std units,Water,Sample-Routine,41.656,-91.536,public observation
nwisia.01.95300015,1953-01-15,USGS-05454500,Specific conductance,334.0,uS/cm @25C,Water,Sample-Routine,41.656,-91.536,public observation
nwisia.01.95300015,1953-01-15,USGS-05454500,pH,7.4,std units,Water,Sample-Routine,41.656,-91.536,public observation
nwisia.01.90700002,1906-10-17,USGS-05454500,Turbidity,50.0,mg/l SiO2,Water,Sample-Routine,41.656,-91.536,public observation
nwisia.01.90700002,1906-10-17,USGS-05454500,Nitrate,0.113,mg/L as N,Water,Sample-Routine,41.656,-91.536,public observation
nwisia.01.00700200,2007-04-19,USGS-05454500,Specific conductance,612.0,uS/cm @25C,Water,Sample-Routine,41.656,-91.536,public observation
nwisia.01.90700018,1907-04-09,USGS-05454500,Turbidity,50.0,mg/l SiO2,Water,Sample-Routine,41.656,-91.536,public observation
nwisia.01.90700018,1907-04-09,USGS-05454500,Nitrate,0.226,mg/L as N,Water,Sample-Routine,41.656,-91.536,public observation
nwisia.01.00800015,2007-10-18,USGS-05454500,"Temperature, water",14.4,deg C,Water,Sample-Routine,41.656,-91.536,public observation
nwisia.01.94600018,1946-04-21,USGS-05454500,"Temperature, water",18.5,deg C,Water,Sample-Routine,41.656,-91.536,public observation
nwisia.01.94600018,1946-04-21,USGS-05454500,Specific conductance,426.0,uS/cm @25C,Water,Sample-Routine,41.656,-91.536,public observation
nwisia.01.95300013,1952-12-20,USGS-05454500,Specific conductance,388.0,uS/cm @25C,Water,Sample-Routine,41.656,-91.536,public observation
nwisia.01.95300013,1952-12-20,USGS-05454500,pH,7.4,std units,Water,Sample-Routine,41.656,-91.536,public observation
nwisia.01.94400025,1944-09-21,USGS-05454500,Specific conductance,496.0,uS/cm @25C,Water,Sample-Routine,41.656,-91.536,public observation
nwisia.01.95500003,1954-10-11,USGS-05454500,"Temperature, water",17.8,deg C,Water,Sample-Routine,41.656,-91.536,public observation
nwisia.01.94700034,1947-07-13,USGS-05454500,"Temperature, water",24.5,deg C,Water,Sample-Routine,41.656,-91.536,public observation
nwisia.01.94700034,1947-07-13,USGS-05454500,Specific conductance,386.0,uS/cm @25C,Water,Sample-Routine,41.656,-91.536,public observation
nwisia.01.95400008,1954-03-01,USGS-05454500,Specific conductance,486.0,uS/cm @25C,Water,Sample-Routine,41.656,-91.536,public observation
nwisia.01.95400008,1954-03-01,USGS-05454500,pH,7.8,std units,Water,Sample-Routine,41.656,-91.536,public observation
nwisia.01.95200004,1952-01-01,USGS-05454500,Specific conductance,509.0,uS/cm @25C,Water,Sample-Routine,41.656,-91.536,public observation
nwisia.01.95200004,1952-01-01,USGS-05454500,pH,7.8,std units,Water,Sample-Routine,41.656,-91.536,public observation
nwisia.01.90700004,1906-11-06,USGS-05454500,Turbidity,20.0,mg/l SiO2,Water,Sample-Routine,41.656,-91.536,public observation
nwisia.01.90700004,1906-11-06,USGS-05454500,Nitrate,0.339,mg/L as N,Water,Sample-Routine,41.656,-91.536,public observation
nwisia.01.00800015,2007-10-18,USGS-05454500,Specific conductance,543.0,uS/cm @25C,Water,Sample-Routine,41.656,-91.536,public observation
nwisia.01.95400026,1954-07-06,USGS-05454500,Specific conductance,545.0,uS/cm @25C,Water,Sample-Routine,41.656,-91.536,public observation
nwisia.01.95400026,1954-07-06,USGS-05454500,pH,7.5,std units,Water,Sample-Routine,41.656,-91.536,public observation
nwisia.01.94500023,1945-04-11,USGS-05454500,Specific conductance,434.0,uS/cm @25C,Water,Sample-Routine,41.656,-91.536,public observation
nwisia.01.95300023,1953-04-05,USGS-05454500,Specific conductance,498.0,uS/cm @25C,Water,Sample-Routine,41.656,-91.536,public observation
nwisia.01.95300023,1953-04-05,USGS-05454500,pH,7.9,std units,Water,Sample-Routine,41.656,-91.536,public observation
nwisia.01.94800024,1948-04-02,USGS-05454500,Specific conductance,346.0,uS/cm @25C,Water,Sample-Routine,41.656,-91.536,public observation
nwisia.01.94800024,1948-04-02,USGS-05454500,pH,7.4,std units,Water,Sample-Routine,41.656,-91.536,public observation
nwisia.01.94800024,1948-04-02,USGS-05454500,Nitrate,4.52,mg/L as N,Water,Sample-Routine,41.656,-91.536,public observation
nwisia.01.00800015,2007-10-18,USGS-05454500,pH,8.1,std units,Water,Sample-Routine,41.656,-91.536,public observation
nwisia.01.95400020,1954-06-14,USGS-05454500,Specific conductance,376.0,uS/cm @25C,Water,Sample-Routine,41.656,-91.536,public observation
nwisia.01.95400020,1954-06-14,USGS-05454500,pH,7.2,std units,Water,Sample-Routine,41.656,-91.536,public observation
nwisia.01.94500044,1945-09-11,USGS-05454500,Specific conductance,449.0,uS/cm @25C,Water,Sample-Routine,41.656,-91.536,public observation
nwisia.01.94600028,1946-08-01,USGS-05454500,"Temperature, water",26.0,deg C,Water,Sample-Routine,41.656,-91.536,public observation
nwisia.01.94600028,1946-08-01,USGS-05454500,Specific conductance,451.0,uS/cm @25C,Water,Sample-Routine,41.656,-91.536,public observation
nwisia.01.94700022,1947-04-11,USGS-05454500,"Temperature, water",9.0,deg C,Water,Sample-Routine,41.656,-91.536,public observation
nwisia.01.94700022,1947-04-11,USGS-05454500,Specific conductance,382.0,uS/cm @25C,Water,Sample-Routine,41.656,-91.536,public observation
nwisia.01.95200005,1952-01-15,USGS-05454500,Specific conductance,378.0,uS/cm @25C,Water,Sample-Routine,41.656,-91.536,public observation
nwisia.01.95200005,1952-01-15,USGS-05454500,pH,8.0,std units,Water,Sample-Routine,41.656,-91.536,public observation
nwisia.01.94600032,1946-09-11,USGS-05454500,"Temperature, water",21.0,deg C,Water,Sample-Routine,41.656,-91.536,public observation
nwisia.01.94600032,1946-09-11,USGS-05454500,Specific conductance,413.0,uS/cm @25C,Water,Sample-Routine,41.656,-91.536,public observation
nwisia.01.95300030,1953-07-02,USGS-05454500,Specific conductance,381.0,uS/cm @25C,Water,Sample-Routine,41.656,-91.536,public observation
nwisia.01.95300030,1953-07-02,USGS-05454500,pH,7.4,std units,Water,Sample-Routine,41.656,-91.536,public observation
nwisia.01.95300034,1953-08-08,USGS-05454500,Specific conductance,468.0,uS/cm @25C,Water,Sample-Routine,41.656,-91.536,public observation
nwisia.01.95300034,1953-08-08,USGS-05454500,pH,7.9,std units,Water,Sample-Routine,41.656,-91.536,public observation
nwisia.01.94400017,1944-07-01,USGS-05454500,Specific conductance,493.0,uS/cm @25C,Water,Sample-Routine,41.656,-91.536,public observation
nwisia.01.94700021,1947-04-01,USGS-05454500,"Temperature, water",7.0,deg C,Water,Sample-Routine,41.656,-91.536,public observation
nwisia.01.94700021,1947-04-01,USGS-05454500,Specific conductance,407.0,uS/cm @25C,Water,Sample-Routine,41.656,-91.536,public observation
nwisia.01.94400018,1944-07-11,USGS-05454500,Specific conductance,504.0,uS/cm @25C,Water,Sample-Routine,41.656,-91.536,public observation
nwisia.01.94500019,1945-03-01,USGS-05454500,Specific conductance,315.0,uS/cm @25C,Water,Sample-Routine,41.656,-91.536,public observation
nwisia.01.95200011,1952-05-23,USGS-05454500,Specific conductance,334.0,uS/cm @25C,Water,Sample-Routine,41.656,-91.536,public observation
nwisia.01.95200011,1952-05-23,USGS-05454500,pH,7.6,std units,Water,Sample-Routine,41.656,-91.536,public observation
nwisia.01.94500035,1945-07-23,USGS-05454500,Specific conductance,545.0,uS/cm @25C,Water,Sample-Routine,41.656,-91.536,public observation
nwisia.01.94700012,1947-01-01,USGS-05454500,Specific conductance,624.0,uS/cm @25C,Water,Sample-Routine,41.656,-91.536,public observation
nwisia.01.94700003,1946-10-01,USGS-05454500,"Temperature, water",18.0,deg C,Water,Sample-Routine,41.656,-91.536,public observation
nwisia.01.94700003,1946-10-01,USGS-05454500,Specific conductance,519.0,uS/cm @25C,Water,Sample-Routine,41.656,-91.536,public observation
nwisia.01.94400023,1944-09-01,USGS-05454500,Specific conductance,528.0,uS/cm @25C,Water,Sample-Routine,41.656,-91.536,public observation
nwisia.01.94700011,1946-12-21,USGS-05454500,Specific conductance,575.0,uS/cm @25C,Water,Sample-Routine,41.656,-91.536,public observation
nwisia.01.95400004,1953-12-01,USGS-05454500,pH,7.9,std units,Water,Sample-Routine,41.656,-91.536,public observation
nwisia.01.95400004,1953-12-01,USGS-05454500,Specific conductance,589.0,uS/cm @25C,Water,Sample-Routine,41.656,-91.536,public observation
nwisia.01.95200016,1952-09-01,USGS-05454500,Specific conductance,525.0,uS/cm @25C,Water,Sample-Routine,41.656,-91.536,public observation
nwisia.01.95200016,1952-09-01,USGS-05454500,pH,7.8,std units,Water,Sample-Routine,41.656,-91.536,public observation
nwisia.01.95300025,1953-05-24,USGS-05454500,Specific conductance,259.0,uS/cm @25C,Water,Sample-Routine,41.656,-91.536,public observation
nwisia.01.95300025,1953-05-24,USGS-05454500,pH,6.8,std units,Water,Sample-Routine,41.656,-91.536,public observation
nwisia.01.94900005,1949-06-04,USGS-05454500,Specific conductance,404.0,uS/cm @25C,Water,Sample-Routine,41.656,-91.536,public observation
nwisia.01.94700032,1947-07-04,USGS-05454500,"Temperature, water",24.0,deg C,Water,Sample-Routine,41.656,-91.536,public observation
nwisia.01.94700032,1947-07-04,USGS-05454500,Specific conductance,371.0,uS/cm @25C,Water,Sample-Routine,41.656,-91.536,public observation
nwisia.01.90700025,1907-06-17,USGS-05454500,Turbidity,260.0,mg/l SiO2,Water,Sample-Routine,41.656,-91.536,public observation
nwisia.01.90700025,1907-06-17,USGS-05454500,Nitrate,0.768,mg/L as N,Water,Sample-Routine,41.656,-91.536,public observation
nwisia.01.00800161,2007-12-13,USGS-05454500,"Temperature, water",0.8,deg C,Water,Sample-Routine,41.656,-91.536,public observation
nwisia.01.94400012,1944-05-11,USGS-05454500,Specific conductance,505.0,uS/cm @25C,Water,Sample-Routine,41.656,-91.536,public observation
nwisia.01.94400008,1944-04-01,USGS-05454500,Specific conductance,505.0,uS/cm @25C,Water,Sample-Routine,41.656,-91.536,public observation
nwisia.01.94800020,1948-04-02,USGS-05454500,Specific conductance,348.0,uS/cm @25C,Water,Sample-Routine,41.656,-91.536,public observation
nwisia.01.94800020,1948-04-02,USGS-05454500,pH,7.2,std units,Water,Sample-Routine,41.656,-91.536,public observation
nwisia.01.94800020,1948-04-02,USGS-05454500,Nitrate,4.29,mg/L as N,Water,Sample-Routine,41.656,-91.536,public observation
nwisia.01.00800161,2007-12-13,USGS-05454500,Specific conductance,633.0,uS/cm @25C,Water,Sample-Routine,41.656,-91.536,public observation
nwisia.01.94700035,1947-07-15,USGS-05454500,"Temperature, water",26.0,deg C,Water,Sample-Routine,41.656,-91.536,public observation
nwisia.01.94700035,1947-07-15,USGS-05454500,Specific conductance,435.0,uS/cm @25C,Water,Sample-Routine,41.656,-91.536,public observation
nwisia.01.95300017,1953-02-06,USGS-05454500,Specific conductance,249.0,uS/cm @25C,Water,Sample-Routine,41.656,-91.536,public observation
nwisia.01.95300017,1953-02-06,USGS-05454500,pH,7.1,std units,Water,Sample-Routine,41.656,-91.536,public observation
nwisia.01.94500034,1945-07-11,USGS-05454500,Specific conductance,553.0,uS/cm @25C,Water,Sample-Routine,41.656,-91.536,public observation
nwisia.01.94400009,1944-04-11,USGS-05454500,Specific conductance,455.0,uS/cm @25C,Water,Sample-Routine,41.656,-91.536,public observation
nwisia.01.94900003,1949-06-04,USGS-05454500,Specific conductance,402.0,uS/cm @25C,Water,Sample-Routine,41.656,-91.536,public observation
nwisia.01.94700031,1947-07-01,USGS-05454500,"Temperature, water",23.5,deg C,Water,Sample-Routine,41.656,-91.536,public observation
nwisia.01.94700031,1947-07-01,USGS-05454500,Specific conductance,336.0,uS/cm @25C,Water,Sample-Routine,41.656,-91.536,public observation
nwisia.01.94700026,1947-05-21,USGS-05454500,Specific conductance,481.0,uS/cm @25C,Water,Sample-Routine,41.656,-91.536,public observation
nwisia.01.95300021,1953-03-11,USGS-05454500,Specific conductance,397.0,uS/cm @25C,Water,Sample-Routine,41.656,-91.536,public observation
nwisia.01.95300021,1953-03-11,USGS-05454500,pH,7.7,std units,Water,Sample-Routine,41.656,-91.536,public observation
nwisia.01.94600008,1946-01-05,USGS-05454500,Specific conductance,131.0,uS/cm @25C,Water,Sample-Routine,41.656,-91.536,public observation
nwisia.01.94500031,1945-06-20,USGS-05454500,Specific conductance,429.0,uS/cm @25C,Water,Sample-Routine,41.656,-91.536,public observation
nwisia.01.94500031,1945-06-20,USGS-05454500,pH,7.3,std units,Water,Sample-Routine,41.656,-91.536,public observation
nwisia.01.94500031,1945-06-20,USGS-05454500,Nitrate,3.84,mg/L as N,Water,Sample-Routine,41.656,-91.536,public observation
nwisia.01.00800161,2007-12-13,USGS-05454500,pH,7.8,std units,Water,Sample-Routine,41.656,-91.536,public observation
nwisia.01.94600011,1946-02-11,USGS-05454500,Specific conductance,285.0,uS/cm @25C,Water,Sample-Routine,41.656,-91.536,public observation
nwisia.01.94500040,1945-08-21,USGS-05454500,Specific conductance,416.0,uS/cm @25C,Water,Sample-Routine,41.656,-91.536,public observation
nwisia.01.90700008,1906-12-17,USGS-05454500,Turbidity,70.0,mg/l SiO2,Water,Sample-Routine,41.656,-91.536,public observation
nwisia.01.90700008,1906-12-17,USGS-05454500,Nitrate,0.791,mg/L as N,Water,Sample-Routine,41.656,-91.536,public observation
nwisia.01.00700318,2007-06-22,USGS-05454500,"Temperature, water",23.5,deg C,Water,Sample-Routine,41.656,-91.536,public observation
nwisia.01.90700005,1906-11-16,USGS-05454500,Turbidity,15.0,mg/l SiO2,Water,Sample-Routine,41.656,-91.536,public observation
nwisia.01.94500037,1945-08-01,USGS-05454500,Specific conductance,534.0,uS/cm @25C,Water,Sample-Routine,41.656,-91.536,public observation
nwisia.01.95300014,1952-12-28,USGS-05454500,pH,8.0,std units,Water,Sample-Routine,41.656,-91.536,public observation
nwisia.01.95300014,1952-12-28,USGS-05454500,Specific conductance,561.0,uS/cm @25C,Water,Sample-Routine,41.656,-91.536,public observation
nwisia.01.94600019,1946-05-01,USGS-05454500,"Temperature, water",14.5,deg C,Water,Sample-Routine,41.656,-91.536,public observation
nwisia.01.94600019,1946-05-01,USGS-05454500,Specific conductance,404.0,uS/cm @25C,Water,Sample-Routine,41.656,-91.536,public observation
nwisia.01.94500003,1944-10-21,USGS-05454500,Specific conductance,486.0,uS/cm @25C,Water,Sample-Routine,41.656,-91.536,public observation
nwisia.01.94700023,1947-04-21,USGS-05454500,"Temperature, water",12.0,deg C,Water,Sample-Routine,41.656,-91.536,public observation
nwisia.01.94700023,1947-04-21,USGS-05454500,Specific conductance,464.0,uS/cm @25C,Water,Sample-Routine,41.656,-91.536,public observation
nwisia.01.94500043,1945-09-10,USGS-05454500,Specific conductance,483.0,uS/cm @25C,Water,Sample-Routine,41.656,-91.536,public observation
nwisia.01.94500043,1945-09-10,USGS-05454500,pH,7.7,std units,Water,Sample-Routine,41.656,-91.536,public observation
nwisia.01.94500043,1945-09-10,USGS-05454500,Nitrate,0.452,mg/L as N,Water,Sample-Routine,41.656,-91.536,public observation
nwisia.01.00700318,2007-06-22,USGS-05454500,Specific conductance,467.0,uS/cm @25C,Water,Sample-Routine,41.656,-91.536,public observation
nwisia.01.94400013,1944-05-21,USGS-05454500,Specific conductance,276.0,uS/cm @25C,Water,Sample-Routine,41.656,-91.536,public observation
nwisia.01.95200010,1952-05-01,USGS-05454500,Specific conductance,515.0,uS/cm @25C,Water,Sample-Routine,41.656,-91.536,public observation
nwisia.01.95200010,1952-05-01,USGS-05454500,pH,8.1,std units,Water,Sample-Routine,41.656,-91.536,public observation
nwisia.01.94400019,1944-07-21,USGS-05454500,Specific conductance,492.0,uS/cm @25C,Water,Sample-Routine,41.656,-91.536,public observation
nwisia.01.94500032,1945-06-21,USGS-05454500,Specific conductance,477.0,uS/cm @25C,Water,Sample-Routine,41.656,-91.536,public observation
nwisia.01.95400029,1954-08-26,USGS-05454500,Specific conductance,266.0,uS/cm @25C,Water,Sample-Routine,41.656,-91.536,public observation
nwisia.01.95400029,1954-08-26,USGS-05454500,pH,7.3,std units,Water,Sample-Routine,41.656,-91.536,public observation
nwisia.01.94400022,1944-08-21,USGS-05454500,Specific conductance,481.0,uS/cm @25C,Water,Sample-Routine,41.656,-91.536,public observation
nwisia.01.94400006,1944-01-01,USGS-05454500,Specific conductance,620.0,uS/cm @25C,Water,Sample-Routine,41.656,-91.536,public observation
nwisia.01.94400006,1944-01-01,USGS-05454500,pH,7.8,std units,Water,Sample-Routine,41.656,-91.536,public observation
nwisia.01.94400006,1944-01-01,USGS-05454500,Nitrate,1.4,mg/L as N,Water,Sample-Routine,41.656,-91.536,public observation
nwisia.01.00700318,2007-06-22,USGS-05454500,pH,7.9,std units,Water,Sample-Routine,41.656,-91.536,public observation
nwisia.01.94800013,1948-02-20,USGS-05454500,Specific conductance,242.0,uS/cm @25C,Water,Sample-Routine,41.656,-91.536,public observation
nwisia.01.94800013,1948-02-20,USGS-05454500,pH,7.5,std units,Water,Sample-Routine,41.656,-91.536,public observation
nwisia.01.94800013,1948-02-20,USGS-05454500,Nitrate,2.26,mg/L as N,Water,Sample-Routine,41.656,-91.536,public observation
nwisia.01.00800614,2008-06-18,USGS-05454500,Specific conductance,299.0,uS/cm @25C,Water,Quality Control Sample-Field Replicate,41.656,-91.536,public observation
nwisia.01.95300027,1953-06-07,USGS-05454500,Specific conductance,306.0,uS/cm @25C,Water,Sample-Routine,41.656,-91.536,public observation
nwisia.01.95300027,1953-06-07,USGS-05454500,pH,7.3,std units,Water,Sample-Routine,41.656,-91.536,public observation
nwisia.01.94500016,1945-02-11,USGS-05454500,Specific conductance,401.0,uS/cm @25C,Water,Sample-Routine,41.656,-91.536,public observation
nwisia.01.94500022,1945-04-01,USGS-05454500,Specific conductance,475.0,uS/cm @25C,Water,Sample-Routine,41.656,-91.536,public observation
nwisia.01.95300012,1952-12-01,USGS-05454500,Specific conductance,538.0,uS/cm @25C,Water,Sample-Routine,41.656,-91.536,public observation
nwisia.01.95300012,1952-12-01,USGS-05454500,pH,7.9,std units,Water,Sample-Routine,41.656,-91.536,public observation
nwisia.01.90600002,1906-09-16,USGS-05454500,Turbidity,100.0,mg/l SiO2,Water,Sample-Routine,41.656,-91.536,public observation
nwisia.01.90600002,1906-09-16,USGS-05454500,Nitrate,0.407,mg/L as N,Water,Sample-Routine,41.656,-91.536,public observation
nwisia.01.00800614,2008-06-18,USGS-05454500,pH,7.0,std units,Water,Quality Control Sample-Field Replicate,41.656,-91.536,public observation
nwisia.01.94500011,1945-01-01,USGS-05454500,Specific conductance,635.0,uS/cm @25C,Water,Sample-Routine,41.656,-91.536,public observation
nwisia.01.94700037,1947-07-18,USGS-05454500,"Temperature, water",24.0,deg C,Water,Sample-Routine,41.656,-91.536,public observation
nwisia.01.94700037,1947-07-18,USGS-05454500,Specific conductance,509.0,uS/cm @25C,Water,Sample-Routine,41.656,-91.536,public observation
nwisia.01.94800011,1948-01-26,USGS-05454500,Specific conductance,634.0,uS/cm @25C,Water,Sample-Routine,41.656,-91.536,public observation
nwisia.01.94800011,1948-01-26,USGS-05454500,pH,8.0,std units,Water,Sample-Routine,41.656,-91.536,public observation
nwisia.01.94800011,1948-01-26,USGS-05454500,Nitrate,1.6,mg/L as N,Water,Sample-Routine,41.656,-91.536,public observation
nwisia.01.00800614,2008-06-18,USGS-05454500,Nitrate,3.81,mg/L as N,Water,Quality Control Sample-Field Replicate,41.656,-91.536,public observation
nwisia.01.94600031,1946-09-01,USGS-05454500,"Temperature, water",22.0,deg C,Water,Sample-Routine,41.656,-91.536,public observation
nwisia.01.94600031,1946-09-01,USGS-05454500,Specific conductance,438.0,uS/cm @25C,Water,Sample-Routine,41.656,-91.536,public observation
nwisia.01.94500026,1945-05-11,USGS-05454500,Specific conductance,414.0,uS/cm @25C,Water,Sample-Routine,41.656,-91.536,public observation
nwisia.01.95100003,1951-07-03,USGS-05454500,Specific conductance,325.0,uS/cm @25C,Water,Sample-Routine,41.656,-91.536,public observation
nwisia.01.90700007,1906-12-06,USGS-05454500,Turbidity,20.0,mg/l SiO2,Water,Sample-Routine,41.656,-91.536,public observation
nwisia.01.90700007,1906-12-06,USGS-05454500,Nitrate,0.994,mg/L as N,Water,Sample-Routine,41.656,-91.536,public observation
nwisia.01.95300036,1953-08-24,USGS-05454500,Specific conductance,471.0,uS/cm @25C,Water,Sample-Routine,41.656,-91.536,public observation
nwisia.01.95300036,1953-08-24,USGS-05454500,pH,7.6,std units,Water,Sample-Routine,41.656,-91.536,public observation
nwisia.01.94600014,1946-03-11,USGS-05454500,"Temperature, water",6.5,deg C,Water,Sample-Routine,41.656,-91.536,public observation
nwisia.01.94600014,1946-03-11,USGS-05454500,Specific conductance,308.0,uS/cm @25C,Water,Sample-Routine,41.656,-91.536,public observation
nwisia.01.90700014,1907-02-28,USGS-05454500,Turbidity,240.0,mg/l SiO2,Water,Sample-Routine,41.656,-91.536,public observation
nwisia.01.90700014,1907-02-28,USGS-05454500,Nitrate,1.45,mg/L as N,Water,Sample-Routine,41.656,-91.536,public observation
nwisia.01.00800604,2008-06-14,USGS-05454500,"Temperature, water",22.7,deg C,Water,Sample-Routine,41.656,-91.536,public observation
nwisia.01.94400015,1944-06-11,USGS-05454500,Specific conductance,333.0,uS/cm @25C,Water,Sample-Routine,41.656,-91.536,public observation
nwisia.01.94800021,1948-04-02,USGS-05454500,Specific conductance,329.0,uS/cm @25C,Water,Sample-Routine,41.656,-91.536,public observation
nwisia.01.94800021,1948-04-02,USGS-05454500,pH,7.4,std units,Water,Sample-Routine,41.656,-91.536,public observation
nwisia.01.94800021,1948-04-02,USGS-05454500,Nitrate,4.07,mg/L as N,Water,Sample-Routine,41.656,-91.536,public observation
nwisia.01.91300005,1913-09-01,USGS-05454500,Turbidity,190.0,mg/l SiO2,Water,Sample-Routine,41.656,-91.536,public observation
nwisia.01.94600010,1946-02-06,USGS-05454500,Specific conductance,211.0,uS/cm @25C,Water,Sample-Routine,41.656,-91.536,public observation
nwisia.01.95200015,1952-08-01,USGS-05454500,Specific conductance,481.0,uS/cm @25C,Water,Sample-Routine,41.656,-91.536,public observation
nwisia.01.95200015,1952-08-01,USGS-05454500,pH,8.0,std units,Water,Sample-Routine,41.656,-91.536,public observation
nwisia.01.90700019,1907-04-19,USGS-05454500,Turbidity,30.0,mg/l SiO2,Water,Sample-Routine,41.656,-91.536,public observation
nwisia.01.94600002,1945-10-11,USGS-05454500,"Temperature, water",13.5,deg C,Water,Sample-Routine,41.656,-91.536,public observation
nwisia.01.94600002,1945-10-11,USGS-05454500,Specific conductance,497.0,uS/cm @25C,Water,Sample-Routine,41.656,-91.536,public observation
nwisia.01.94600026,1946-07-11,USGS-05454500,"Temperature, water",27.0,deg C,Water,Sample-Routine,41.656,-91.536,public observation
nwisia.01.94600026,1946-07-11,USGS-05454500,Specific conductance,496.0,uS/cm @25C,Water,Sample-Routine,41.656,-91.536,public observation
nwisia.01.94600016,1946-04-01,USGS-05454500,"Temperature, water",13.5,deg C,Water,Sample-Routine,41.656,-91.536,public observation
nwisia.01.94600016,1946-04-01,USGS-05454500,Specific conductance,521.0,uS/cm @25C,Water,Sample-Routine,41.656,-91.536,public observation
nwisia.01.94500027,1945-05-14,USGS-05454500,Specific conductance,414.0,uS/cm @25C,Water,Sample-Routine,41.656,-91.536,public observation
nwisia.01.94500027,1945-05-14,USGS-05454500,pH,7.9,std units,Water,Sample-Routine,41.656,-91.536,public observation
nwisia.01.94500027,1945-05-14,USGS-05454500,Nitrate,2.71,mg/L as N,Water,Sample-Routine,41.656,-91.536,public observation
nwisia.01.91300005,1913-09-01,USGS-05454500,Nitrate,0.407,mg/L as N,Water,Sample-Routine,41.656,-91.536,public observation
nwisia.01.95200013,1952-06-06,USGS-05454500,Specific conductance,425.0,uS/cm @25C,Water,Sample-Routine,41.656,-91.536,public observation
nwisia.01.95200013,1952-06-06,USGS-05454500,pH,7.6,std units,Water,Sample-Routine,41.656,-91.536,public observation
nwisia.01.94500005,1944-11-11,USGS-05454500,Specific conductance,517.0,uS/cm @25C,Water,Sample-Routine,41.656,-91.536,public observation
nwisia.01.95400007,1954-02-15,USGS-05454500,Specific conductance,455.0,uS/cm @25C,Water,Sample-Routine,41.656,-91.536,public observation
nwisia.01.95400007,1954-02-15,USGS-05454500,pH,7.9,std units,Water,Sample-Routine,41.656,-91.536,public observation
nwisia.01.90700024,1907-06-08,USGS-05454500,Turbidity,650.0,mg/l SiO2,Water,Sample-Routine,41.656,-91.536,public observation
nwisia.01.90700024,1907-06-08,USGS-05454500,Nitrate,0.791,mg/L as N,Water,Sample-Routine,41.656,-91.536,public observation
nwisia.01.94700030,1947-06-21,USGS-05454500,"Temperature, water",22.0,deg C,Water,Sample-Routine,41.656,-91.536,public observation
nwisia.01.94500021,1945-03-21,USGS-05454500,Specific conductance,401.0,uS/cm @25C,Water,Sample-Routine,41.656,-91.536,public observation
nwisia.01.91200001,1912-08-18,USGS-05454500,Nitrate,0.113,mg/L as N,Water,Sample-Routine,41.656,-91.536,public observation
nwisia.01.94700030,1947-06-21,USGS-05454500,Specific conductance,347.0,uS/cm @25C,Water,Sample-Routine,41.656,-91.536,public observation
nwisia.01.95300031,1953-07-07,USGS-05454500,Specific conductance,454.0,uS/cm @25C,Water,Sample-Routine,41.656,-91.536,public observation
nwisia.01.95300031,1953-07-07,USGS-05454500,pH,7.8,std units,Water,Sample-Routine,41.656,-91.536,public observation
nwisia.01.94500009,1944-12-11,USGS-05454500,Specific conductance,582.0,uS/cm @25C,Water,Sample-Routine,41.656,-91.536,public observation
nwisia.01.94500028,1945-05-21,USGS-05454500,Specific conductance,463.0,uS/cm @25C,Water,Sample-Routine,41.656,-91.536,public observation
nwisia.01.90700009,1907-01-05,USGS-05454500,Turbidity,140.0,mg/l SiO2,Water,Sample-Routine,41.656,-91.536,public observation
nwisia.01.90700009,1907-01-05,USGS-05454500,Nitrate,1.17,mg/L as N,Water,Sample-Routine,41.656,-91.536,public observation
nwisia.01.91200002,1912-08-19,USGS-05454500,Turbidity,340.0,mg/l SiO2,Water,Sample-Routine,41.656,-91.536,public observation
nwisia.01.95300019,1953-02-28,USGS-05454500,Specific conductance,284.0,uS/cm @25C,Water,Sample-Routine,41.656,-91.536,public observation
nwisia.01.95300019,1953-02-28,USGS-05454500,pH,7.1,std units,Water,Sample-Routine,41.656,-91.536,public observation
nwisia.01.90600001,1906-09-06,USGS-05454500,Turbidity,90.0,mg/l SiO2,Water,Sample-Routine,41.656,-91.536,public observation
nwisia.01.90600001,1906-09-06,USGS-05454500,Nitrate,0.045,mg/L as N,Water,Sample-Routine,41.656,-91.536,public observation
nwisia.01.91200002,1912-08-19,USGS-05454500,Nitrate,0.068,mg/L as N,Water,Sample-Routine,41.656,-91.536,public observation
nwisia.01.94500029,1945-06-01,USGS-05454500,Specific conductance,433.0,uS/cm @25C,Water,Sample-Routine,41.656,-91.536,public observation
nwisia.01.95400005,1954-01-01,USGS-05454500,Specific conductance,671.0,uS/cm @25C,Water,Sample-Routine,41.656,-91.536,public observation
nwisia.01.95400005,1954-01-01,USGS-05454500,pH,8.0,std units,Water,Sample-Routine,41.656,-91.536,public observation
nwisia.01.91300001,1913-06-19,USGS-05454500,Turbidity,190.0,mg/l SiO2,Water,Sample-Routine,41.656,-91.536,public observation
nwisia.01.91300001,1913-06-19,USGS-05454500,Nitrate,0.158,mg/L as N,Water,Sample-Routine,41.656,-91.536,public observation
nwisia.01.94700010,1946-12-11,USGS-05454500,"Temperature, water",2.0,deg C,Water,Sample-Routine,41.656,-91.536,public observation
nwisia.01.94600034,1946-09-27,USGS-05454500,"Temperature, water",17.0,deg C,Water,Sample-Routine,41.656,-91.536,public observation
nwisia.01.94500006,1944-11-21,USGS-05454500,Specific conductance,511.0,uS/cm @25C,Water,Sample-Routine,41.656,-91.536,public observation
nwisia.01.94600013,1946-03-01,USGS-05454500,"Temperature, water",3.5,deg C,Water,Sample-Routine,41.656,-91.536,public observation
nwisia.01.94600013,1946-03-01,USGS-05454500,Specific conductance,346.0,uS/cm @25C,Water,Sample-Routine,41.656,-91.536,public observation
nwisia.01.95300011,1952-11-24,USGS-05454500,Specific conductance,472.0,uS/cm @25C,Water,Sample-Routine,41.656,-91.536,public observation
nwisia.01.95300011,1952-11-24,USGS-05454500,pH,7.6,std units,Water,Sample-Routine,41.656,-91.536,public observation
nwisia.01.94500001,1944-10-01,USGS-05454500,Specific conductance,505.0,uS/cm @25C,Water,Sample-Routine,41.656,-91.536,public observation
nwisia.01.94700010,1946-12-11,USGS-05454500,Specific conductance,567.0,uS/cm @25C,Water,Sample-Routine,41.656,-91.536,public observation
nwisia.01.94800015,1948-02-22,USGS-05454500,Specific conductance,242.0,uS/cm @25C,Water,Sample-Routine,41.656,-91.536,public observation
nwisia.01.94800015,1948-02-22,USGS-05454500,pH,7.5,std units,Water,Sample-Routine,41.656,-91.536,public observation
nwisia.01.94800015,1948-02-22,USGS-05454500,Nitrate,2.26,mg/L as N,Water,Sample-Routine,41.656,-91.536,public observation
nwisia.01.95300024,1953-05-01,USGS-05454500,Specific conductance,493.0,uS/cm @25C,Water,Sample-Routine,41.656,-91.536,public observation
nwisia.01.95300024,1953-05-01,USGS-05454500,pH,7.3,std units,Water,Sample-Routine,41.656,-91.536,public observation
nwisia.01.90700015,1907-03-10,USGS-05454500,Turbidity,170.0,mg/l SiO2,Water,Sample-Routine,41.656,-91.536,public observation
nwisia.01.90700015,1907-03-10,USGS-05454500,Nitrate,0.904,mg/L as N,Water,Sample-Routine,41.656,-91.536,public observation
nwisia.01.94900002,1949-06-04,USGS-05454500,Specific conductance,394.0,uS/cm @25C,Water,Sample-Routine,41.656,-91.536,public observation
nwisia.01.94700004,1946-10-11,USGS-05454500,"Temperature, water",13.0,deg C,Water,Sample-Routine,41.656,-91.536,public observation
nwisia.01.94700004,1946-10-11,USGS-05454500,Specific conductance,482.0,uS/cm @25C,Water,Sample-Routine,41.656,-91.536,public observation
nwisia.01.94900001,1949-06-04,USGS-05454500,Specific conductance,390.0,uS/cm @25C,Water,Sample-Routine,41.656,-91.536,public observation
nwisia.01.94600033,1946-09-23,USGS-05454500,"Temperature, water",16.5,deg C,Water,Sample-Routine,41.656,-91.536,public observation
nwisia.01.94600033,1946-09-23,USGS-05454500,Specific conductance,236.0,uS/cm @25C,Water,Sample-Routine,41.656,-91.536,public observation
nwisia.01.94800023,1948-04-02,USGS-05454500,Specific conductance,345.0,uS/cm @25C,Water,Sample-Routine,41.656,-91.536,public observation
nwisia.01.94800023,1948-04-02,USGS-05454500,pH,7.2,std units,Water,Sample-Routine,41.656,-91.536,public observation
nwisia.01.94800023,1948-04-02,USGS-05454500,Nitrate,4.52,mg/L as N,Water,Sample-Routine,41.656,-91.536,public observation
nwisia.01.90700013,1907-02-18,USGS-05454500,Turbidity,75.0,mg/l SiO2,Water,Sample-Routine,41.656,-91.536,public observation
nwisia.01.94600025,1946-07-01,USGS-05454500,"Temperature, water",26.5,deg C,Water,Sample-Routine,41.656,-91.536,public observation
nwisia.01.94600025,1946-07-01,USGS-05454500,Specific conductance,455.0,uS/cm @25C,Water,Sample-Routine,41.656,-91.536,public observation
nwisia.01.94600021,1946-05-21,USGS-05454500,"Temperature, water",19.5,deg C,Water,Sample-Routine,41.656,-91.536,public observation
nwisia.01.94600021,1946-05-21,USGS-05454500,Specific conductance,476.0,uS/cm @25C,Water,Sample-Routine,41.656,-91.536,public observation
nwisia.01.95300028,1953-06-18,USGS-05454500,Specific conductance,516.0,uS/cm @25C,Water,Sample-Routine,41.656,-91.536,public observation
nwisia.01.95300028,1953-06-18,USGS-05454500,pH,7.7,std units,Water,Sample-Routine,41.656,-91.536,public observation
nwisia.01.94700008,1946-11-21,USGS-05454500,"Temperature, water",4.0,deg C,Water,Sample-Routine,41.656,-91.536,public observation
nwisia.01.94700008,1946-11-21,USGS-05454500,Specific conductance,563.0,uS/cm @25C,Water,Sample-Routine,41.656,-91.536,public observation
nwisia.01.94600030,1946-08-21,USGS-05454500,"Temperature, water",23.0,deg C,Water,Sample-Routine,41.656,-91.536,public observation
nwisia.01.94600030,1946-08-21,USGS-05454500,Specific conductance,433.0,uS/cm @25C,Water,Sample-Routine,41.656,-91.536,public observation
nwisia.01.94700005,1946-10-21,USGS-05454500,"Temperature, water",14.0,deg C,Water,Sample-Routine,41.656,-91.536,public observation
nwisia.01.94700005,1946-10-21,USGS-05454500,Specific conductance,438.0,uS/cm @25C,Water,Sample-Routine,41.656,-91.536,public observation
nwisia.01.94700024,1947-05-01,USGS-05454500,Specific conductance,505.0,uS/cm @25C,Water,Sample-Routine,41.656,-91.536,public observation
nwisia.01.95300008,1952-11-01,USGS-05454500,Specific conductance,558.0,uS/cm @25C,Water,Sample-Routine,41.656,-91.536,public observation
nwisia.01.95300008,1952-11-01,USGS-05454500,pH,8.0,std units,Water,Sample-Routine,41.656,-91.536,public observation
nwisia.01.95300026,1953-05-28,USGS-05454500,Specific conductance,465.0,uS/cm @25C,Water,Sample-Routine,41.656,-91.536,public observation
nwisia.01.95300026,1953-05-28,USGS-05454500,pH,7.4,std units,Water,Sample-Routine,41.656,-91.536,public observation
nwisia.01.90700001,1906-10-07,USGS-05454500,Turbidity,75.0,mg/l SiO2,Water,Sample-Routine,41.656,-91.536,public observation
nwisia.01.90700001,1906-10-07,USGS-05454500,Nitrate,0.248,mg/L as N,Water,Sample-Routine,41.656,-91.536,public observation
nwisia.01.90700013,1907-02-18,USGS-05454500,Nitrate,1.56,mg/L as N,Water,Sample-Routine,41.656,-91.536,public observation
nwisia.01.94600001,1945-10-01,USGS-05454500,"Temperature, water",13.5,deg C,Water,Sample-Routine,41.656,-91.536,public observation
nwisia.01.94600001,1945-10-01,USGS-05454500,Specific conductance,446.0,uS/cm @25C,Water,Sample-Routine,41.656,-91.536,public observation
nwisia.01.95100005,1951-07-03,USGS-05454500,Specific conductance,323.0,uS/cm @25C,Water,Sample-Routine,41.656,-91.536,public observation
nwisia.01.90700020,1907-04-30,USGS-05454500,Turbidity,50.0,mg/l SiO2,Water,Sample-Routine,41.656,-91.536,public observation
nwisia.01.90700020,1907-04-30,USGS-05454500,Nitrate,0.136,mg/L as N,Water,Sample-Routine,41.656,-91.536,public observation
nwisia.01.94600006,1945-12-01,USGS-05454500,"Temperature, water",1.0,deg C,Water,Sample-Routine,41.656,-91.536,public observation
nwisia.01.90700017,1907-03-30,USGS-05454500,Turbidity,280.0,mg/l SiO2,Water,Sample-Routine,41.656,-91.536,public observation
nwisia.01.90700017,1907-03-30,USGS-05454500,Nitrate,0.926,mg/L as N,Water,Sample-Routine,41.656,-91.536,public observation
nwisia.01.01201871,2012-08-23,USGS-05454500,pH,7.9,std units,Water,Sample-Routine,41.656,-91.536,public observation
nwisia.01.94600017,1946-04-11,USGS-05454500,"Temperature, water",14.0,deg C,Water,Sample-Routine,41.656,-91.536,public observation
nwisia.01.94600017,1946-04-11,USGS-05454500,Specific conductance,504.0,uS/cm @25C,Water,Sample-Routine,41.656,-91.536,public observation
nwisia.01.94600004,1945-11-11,USGS-05454500,"Temperature, water",6.0,deg C,Water,Sample-Routine,41.656,-91.536,public observation
nwisia.01.94600004,1945-11-11,USGS-05454500,Specific conductance,437.0,uS/cm @25C,Water,Sample-Routine,41.656,-91.536,public observation
nwisia.01.94400021,1944-08-11,USGS-05454500,Specific conductance,508.0,uS/cm @25C,Water,Sample-Routine,41.656,-91.536,public observation
nwisia.01.94400011,1944-05-01,USGS-05454500,Specific conductance,478.0,uS/cm @25C,Water,Sample-Routine,41.656,-91.536,public observation
nwisia.01.90700031,1907-08-18,USGS-05454500,Turbidity,75.0,mg/l SiO2,Water,Sample-Routine,41.656,-91.536,public observation
nwisia.01.90700031,1907-08-18,USGS-05454500,Nitrate,0.678,mg/L as N,Water,Sample-Routine,41.656,-91.536,public observation
nwisia.01.94700042,1947-09-25,USGS-05454500,"Temperature, water",17.0,deg C,Water,Sample-Routine,41.656,-91.536,public observation
nwisia.01.95400027,1954-07-18,USGS-05454500,Specific conductance,581.0,uS/cm @25C,Water,Sample-Routine,41.656,-91.536,public observation
nwisia.01.95400027,1954-07-18,USGS-05454500,pH,8.0,std units,Water,Sample-Routine,41.656,-91.536,public observation
nwisia.01.94500010,1944-12-21,USGS-05454500,Specific conductance,654.0,uS/cm @25C,Water,Sample-Routine,41.656,-91.536,public observation
nwisia.01.95400015,1954-05-29,USGS-05454500,Specific conductance,430.0,uS/cm @25C,Water,Sample-Routine,41.656,-91.536,public observation
nwisia.01.95400015,1954-05-29,USGS-05454500,pH,7.5,std units,Water,Sample-Routine,41.656,-91.536,public observation
nwisia.01.94700017,1947-02-21,USGS-05454500,Specific conductance,415.0,uS/cm @25C,Water,Sample-Routine,41.656,-91.536,public observation
nwisia.01.90700028,1907-07-18,USGS-05454500,Turbidity,380.0,mg/l SiO2,Water,Sample-Routine,41.656,-91.536,public observation
nwisia.01.90700028,1907-07-18,USGS-05454500,Nitrate,1.63,mg/L as N,Water,Sample-Routine,41.656,-91.536,public observation
nwisia.01.94600006,1945-12-01,USGS-05454500,Specific conductance,455.0,uS/cm @25C,Water,Sample-Routine,41.656,-91.536,public observation
nwisia.01.90700026,1907-06-27,USGS-05454500,Turbidity,350.0,mg/l SiO2,Water,Sample-Routine,41.656,-91.536,public observation
nwisia.01.90700026,1907-06-27,USGS-05454500,Nitrate,0.994,mg/L as N,Water,Sample-Routine,41.656,-91.536,public observation
nwisia.01.95300035,1953-08-19,USGS-05454500,Specific conductance,426.0,uS/cm @25C,Water,Sample-Routine,41.656,-91.536,public observation
nwisia.01.95300035,1953-08-19,USGS-05454500,pH,7.6,std units,Water,Sample-Routine,41.656,-91.536,public observation
nwisia.01.90700029,1907-07-28,USGS-05454500,Turbidity,160.0,mg/l SiO2,Water,Sample-Routine,41.656,-91.536,public observation
nwisia.01.90700029,1907-07-28,USGS-05454500,Nitrate,0.7,mg/L as N,Water,Sample-Routine,41.656,-91.536,public observation
nwisia.01.94500014,1945-01-21,USGS-05454500,Specific conductance,583.0,uS/cm @25C,Water,Sample-Routine,41.656,-91.536,public observation
nwisia.01.94700038,1947-08-01,USGS-05454500,"Temperature, water",28.0,deg C,Water,Sample-Routine,41.656,-91.536,public observation
nwisia.01.94700038,1947-08-01,USGS-05454500,Specific conductance,507.0,uS/cm @25C,Water,Sample-Routine,41.656,-91.536,public observation
nwisia.01.95200008,1952-03-19,USGS-05454500,Specific conductance,398.0,uS/cm @25C,Water,Sample-Routine,41.656,-91.536,public observation
nwisia.01.95200008,1952-03-19,USGS-05454500,pH,8.4,std units,Water,Sample-Routine,41.656,-91.536,public observation
nwisia.01.94500030,1945-06-11,USGS-05454500,Specific conductance,429.0,uS/cm @25C,Water,Sample-Routine,41.656,-91.536,public observation
nwisia.01.95200002,1951-11-01,USGS-05454500,Specific conductance,444.0,uS/cm @25C,Water,Sample-Routine,41.656,-91.536,public observation
nwisia.01.95200002,1951-11-01,USGS-05454500,pH,8.2,std units,Water,Sample-Routine,41.656,-91.536,public observation
nwisia.01.94600020,1946-05-11,USGS-05454500,Specific conductance,488.0,uS/cm @25C,Water,Sample-Routine,41.656,-91.536,public observation
nwisia.01.94700033,1947-07-08,USGS-05454500,"Temperature, water",24.5,deg C,Water,Sample-Routine,41.656,-91.536,public observation
nwisia.01.94700033,1947-07-08,USGS-05454500,Specific conductance,436.0,uS/cm @25C,Water,Sample-Routine,41.656,-91.536,public observation
nwisia.01.94600023,1946-06-11,USGS-05454500,"Temperature, water",24.0,deg C,Water,Sample-Routine,41.656,-91.536,public observation
nwisia.01.94600023,1946-06-11,USGS-05454500,Specific conductance,396.0,uS/cm @25C,Water,Sample-Routine,41.656,-91.536,public observation
nwisia.01.95300020,1953-03-04,USGS-05454500,pH,7.6,std units,Water,Sample-Routine,41.656,-91.536,public observation
nwisia.01.95300020,1953-03-04,USGS-05454500,Specific conductance,403.0,uS/cm @25C,Water,Sample-Routine,41.656,-91.536,public observation
nwisia.01.90700006,1906-11-26,USGS-05454500,Turbidity,35.0,mg/l SiO2,Water,Sample-Routine,41.656,-91.536,public observation
nwisia.01.90700006,1906-11-26,USGS-05454500,Nitrate,0.994,mg/L as N,Water,Sample-Routine,41.656,-91.536,public observation
nwisia.01.01201871,2012-08-23,USGS-05454500,"Temperature, water",24.9,deg C,Water,Sample-Routine,41.656,-91.536,public observation
nwisia.01.90700030,1907-08-08,USGS-05454500,Turbidity,180.0,mg/l SiO2,Water,Sample-Routine,41.656,-91.536,public observation
nwisia.01.90700030,1907-08-08,USGS-05454500,Nitrate,0.881,mg/L as N,Water,Sample-Routine,41.656,-91.536,public observation
nwisia.01.95100002,1951-07-03,USGS-05454500,Specific conductance,334.0,uS/cm @25C,Water,Sample-Routine,41.656,-91.536,public observation
nwisia.01.95400002,1953-10-01,USGS-05454500,Specific conductance,557.0,uS/cm @25C,Water,Sample-Routine,41.656,-91.536,public observation
nwisia.01.95400002,1953-10-01,USGS-05454500,pH,7.8,std units,Water,Sample-Routine,41.656,-91.536,public observation
nwisia.01.95700013,1957-06-24,USGS-05454500,"Temperature, water",22.2,deg C,Water,Sample-Routine,41.656,-91.536,public observation
nwisia.01.95700011,1957-06-03,USGS-05454500,"Temperature, water",22.2,deg C,Water,Sample-Routine,41.656,-91.536,public observation
nwisia.01.95700009,1957-05-14,USGS-05454500,"Temperature, water",16.7,deg C,Water,Sample-Routine,41.656,-91.536,public observation
nwisia.01.95500004,1955-02-21,USGS-05454500,"Temperature, water",1.7,deg C,Water,Sample-Routine,41.656,-91.536,public observation
nwisia.01.95700010,1957-05-24,USGS-05454500,"Temperature, water",18.9,deg C,Water,Sample-Routine,41.656,-91.536,public observation
nwisia.01.95500005,1955-04-20,USGS-05454500,"Temperature, water",17.8,deg C,Water,Sample-Routine,41.656,-91.536,public observation
nwisia.01.95500007,1955-05-13,USGS-05454500,"Temperature, water",16.7,deg C,Water,Sample-Routine,41.656,-91.536,public observation
nwisia.01.95800017,1958-07-16,USGS-05454500,"Temperature, water",23.3,deg C,Water,Sample-Routine,41.656,-91.536,public observation
nwisia.01.95500006,1955-04-25,USGS-05454500,"Temperature, water",12.2,deg C,Water,Sample-Routine,41.656,-91.536,public observation
nwisia.01.95900020,1959-05-19,USGS-05454500,"Temperature, water",18.9,deg C,Water,Sample-Routine,41.656,-91.536,public observation
nwisia.01.95900018,1959-03-20,USGS-05454500,"Temperature, water",4.4,deg C,Water,Sample-Routine,41.656,-91.536,public observation
nwisia.01.95600007,1956-07-31,USGS-05454500,"Temperature, water",24.4,deg C,Water,Sample-Routine,41.656,-91.536,public observation
nwisia.01.95500008,1955-07-12,USGS-05454500,"Temperature, water",23.3,deg C,Water,Sample-Routine,41.656,-91.536,public observation
nwisia.01.95800015,1958-06-10,USGS-05454500,"Temperature, water",18.9,deg C,Water,Sample-Routine,41.656,-91.536,public observation
nwisia.01.95800016,1958-06-13,USGS-05454500,"Temperature, water",17.8,deg C,Water,Sample-Routine,41.656,-91.536,public observation
nwisia.01.95600004,1956-05-11,USGS-05454500,"Temperature, water",19.4,deg C,Water,Sample-Routine,41.656,-91.536,public observation
nwisia.01.95900019,1959-04-28,USGS-05454500,"Temperature, water",7.8,deg C,Water,Sample-Routine,41.656,-91.536,public observation
nwisia.01.95600005,1956-05-16,USGS-05454500,"Temperature, water",17.2,deg C,Water,Sample-Routine,41.656,-91.536,public observation
nwisia.01.95600006,1956-07-20,USGS-05454500,"Temperature, water",19.4,deg C,Water,Sample-Routine,41.656,-91.536,public observation
nwisia.01.95700012,1957-06-19,USGS-05454500,"Temperature, water",24.4,deg C,Water,Sample-Routine,41.656,-91.536,public observation
nwisia.01.95800014,1958-02-26,USGS-05454500,"Temperature, water",1.7,deg C,Water,Sample-Routine,41.656,-91.536,public observation
nwisia.01.96100014,1961-06-08,USGS-05454500,"Temperature, water",23.3,deg C,Water,Sample-Routine,41.656,-91.536,public observation
nwisia.01.96200013,1962-05-29,USGS-05454500,"Temperature, water",21.1,deg C,Water,Sample-Routine,41.656,-91.536,public observation
nwisia.01.96000018,1960-04-07,USGS-05454500,"Temperature, water",3.3,deg C,Water,Sample-Routine,41.656,-91.536,public observation
nwisia.01.96000019,1960-06-02,USGS-05454500,"Temperature, water",18.9,deg C,Water,Sample-Routine,41.656,-91.536,public observation
nwisia.01.96900192,1969-04-04,USGS-05454500,"Temperature, water",4.0,deg C,Water,Sample-Routine,41.656,-91.536,public observation
nwisia.01.97000268,1969-12-18,USGS-05454500,"Temperature, water",0.0,deg C,Water,Sample-Routine,41.656,-91.536,public observation
nwisia.01.97000266,1969-10-24,USGS-05454500,"Temperature, water",9.5,deg C,Water,Sample-Routine,41.656,-91.536,public observation
nwisia.01.96700052,1967-06-07,USGS-05454500,"Temperature, water",20.0,deg C,Water,Sample-Routine,41.656,-91.536,public observation
nwisia.01.96700051,1967-01-24,USGS-05454500,"Temperature, water",1.1,deg C,Water,Sample-Routine,41.656,-91.536,public observation
nwisia.01.96500045,1965-04-01,USGS-05454500,"Temperature, water",3.3,deg C,Water,Sample-Routine,41.656,-91.536,public observation
nwisia.01.96500044,1965-01-22,USGS-05454500,"Temperature, water",0.6,deg C,Water,Sample-Routine,41.656,-91.536,public observation
nwisia.01.96500046,1965-04-24,USGS-05454500,"Temperature, water",7.8,deg C,Water,Sample-Routine,41.656,-91.536,public observation
nwisia.01.97000267,1969-11-20,USGS-05454500,"Temperature, water",1.5,deg C,Water,Sample-Routine,41.656,-91.536,public observation
nwisia.01.97100275,1971-09-27,USGS-05454500,Specific conductance,420.0,uS/cm @25C,Water,Sample-Routine,41.656,-91.536,public observation
nwisia.01.97200181,1972-05-24,USGS-05454500,"Temperature, water",24.0,deg C,Water,Sample-Routine,41.656,-91.536,public observation
nwisia.01.97200185,1972-08-02,USGS-05454500,"Temperature, water",25.5,deg C,Water,Sample-Routine,41.656,-91.536,public observation
nwisia.01.97300220,1973-06-15,USGS-05454500,"Temperature, water",24.5,deg C,Water,Sample-Routine,41.656,-91.536,public observation
nwisia.01.97300220,1973-06-15,USGS-05454500,Specific conductance,440.0,uS/cm @25C,Water,Sample-Routine,41.656,-91.536,public observation
nwisia.01.97300220,1973-06-15,USGS-05454500,pH,8.2,std units,Water,Sample-Routine,41.656,-91.536,public observation
nwisia.01.97100270,1971-02-25,USGS-05454500,"Temperature, water",1.0,deg C,Water,Sample-Routine,41.656,-91.536,public observation
nwisia.01.97000277,1970-08-26,USGS-05454500,"Temperature, water",21.0,deg C,Water,Sample-Routine,41.656,-91.536,public observation
nwisia.01.97200176,1972-02-22,USGS-05454500,"Temperature, water",0.5,deg C,Water,Sample-Routine,41.656,-91.536,public observation
nwisia.01.97200176,1972-02-22,USGS-05454500,Specific conductance,730.0,uS/cm @25C,Water,Sample-Routine,41.656,-91.536,public observation
nwisia.01.97200176,1972-02-22,USGS-05454500,pH,7.5,std units,Water,Sample-Routine,41.656,-91.536,public observation
nwisia.01.97200188,1972-09-29,USGS-05454500,"Temperature, water",17.0,deg C,Water,Sample-Routine,41.656,-91.536,public observation
nwisia.01.97400067,1974-07-29,USGS-05454500,"Temperature, water",26.0,deg C,Water,Sample-Routine,41.656,-91.536,public observation
nwisia.01.97300219,1973-05-14,USGS-05454500,"Temperature, water",15.0,deg C,Water,Sample-Routine,41.656,-91.536,public observation
nwisia.01.97400064,1974-05-16,USGS-05454500,"Temperature, water",18.0,deg C,Water,Sample-Routine,41.656,-91.536,public observation
nwisia.01.97100269,1971-02-25,USGS-05454500,"Temperature, water",2.0,deg C,Water,Sample-Routine,41.656,-91.536,public observation
nwisia.01.97300213,1972-10-26,USGS-05454500,pH,8.3,std units,Water,Sample-Routine,41.656,-91.536,public observation
nwisia.01.97300213,1972-10-26,USGS-05454500,"Temperature, water",8.0,deg C,Water,Sample-Routine,41.656,-91.536,public observation
nwisia.01.97300213,1972-10-26,USGS-05454500,Specific conductance,720.0,uS/cm @25C,Water,Sample-Routine,41.656,-91.536,public observation
nwisia.01.97300216,1973-02-21,USGS-05454500,"Temperature, water",0.0,deg C,Water,Sample-Routine,41.656,-91.536,public observation
nwisia.01.97300216,1973-02-21,USGS-05454500,Specific conductance,440.0,uS/cm @25C,Water,Sample-Routine,41.656,-91.536,public observation
nwisia.01.97300216,1973-02-21,USGS-05454500,pH,8.0,std units,Water,Sample-Routine,41.656,-91.536,public observation
nwisia.01.97200180,1972-04-21,USGS-05454500,"Temperature, water",11.0,deg C,Water,Sample-Routine,41.656,-91.536,public observation
nwisia.01.97000269,1970-01-23,USGS-05454500,"Temperature, water",0.0,deg C,Water,Sample-Routine,41.656,-91.536,public observation
nwisia.01.97000269,1970-01-23,USGS-05454500,pH,8.4,std units,Water,Sample-Routine,41.656,-91.536,public observation
nwisia.01.97200178,1972-03-29,USGS-05454500,"Temperature, water",1.5,deg C,Water,Sample-Routine,41.656,-91.536,public observation
nwisia.01.97200169,1971-10-27,USGS-05454500,"Temperature, water",17.0,deg C,Water,Sample-Routine,41.656,-91.536,public observation
nwisia.01.97300214,1972-11-16,USGS-05454500,"Temperature, water",3.0,deg C,Water,Sample-Routine,41.656,-91.536,public observation
nwisia.01.97000278,1970-09-02,USGS-05454500,"Temperature, water",26.5,deg C,Water,Sample-Routine,41.656,-91.536,public observation
nwisia.01.97300218,1973-03-28,USGS-05454500,"Temperature, water",7.5,deg C,Water,Sample-Routine,41.656,-91.536,public observation
nwisia.01.97300218,1973-03-28,USGS-05454500,Specific conductance,430.0,uS/cm @25C,Water,Sample-Routine,41.656,-91.536,public observation
nwisia.01.97300218,1973-03-28,USGS-05454500,pH,8.1,std units,Water,Sample-Routine,41.656,-91.536,public observation
nwisia.01.97200173,1971-12-15,USGS-05454500,"Temperature, water",3.0,deg C,Water,Sample-Routine,41.656,-91.536,public observation
nwisia.01.97100268,1971-02-19,USGS-05454500,"Temperature, water",3.0,deg C,Water,Sample-Routine,41.656,-91.536,public observation
nwisia.01.97400061,1974-03-28,USGS-05454500,"Temperature, water",5.0,deg C,Water,Sample-Routine,41.656,-91.536,public observation
nwisia.01.97200186,1972-08-02,USGS-05454500,"Temperature, water",25.5,deg C,Water,Sample-Routine,41.656,-91.536,public observation
nwisia.01.97100271,1971-03-25,USGS-05454500,"Temperature, water",2.0,deg C,Water,Sample-Routine,41.656,-91.536,public observation
nwisia.01.97100271,1971-03-25,USGS-05454500,Specific conductance,400.0,uS/cm @25C,Water,Sample-Routine,41.656,-91.536,public observation
nwisia.01.97100271,1971-03-25,USGS-05454500,pH,7.8,std units,Water,Sample-Routine,41.656,-91.536,public observation
nwisia.01.97200177,1972-03-29,USGS-05454500,"Temperature, water",1.5,deg C,Water,Sample-Routine,41.656,-91.536,public observation
nwisia.01.97200177,1972-03-29,USGS-05454500,Specific conductance,650.0,uS/cm @25C,Water,Sample-Routine,41.656,-91.536,public observation
nwisia.01.97200177,1972-03-29,USGS-05454500,pH,8.4,std units,Water,Sample-Routine,41.656,-91.536,public observation
nwisia.01.97100274,1971-07-21,USGS-05454500,"Temperature, water",24.0,deg C,Water,Sample-Routine,41.656,-91.536,public observation
nwisia.01.97400066,1974-05-29,USGS-05454500,"Temperature, water",19.0,deg C,Water,Sample-Routine,41.656,-91.536,public observation
nwisia.01.97200187,1972-08-25,USGS-05454500,"Temperature, water",21.0,deg C,Water,Sample-Routine,41.656,-91.536,public observation
nwisia.01.97200187,1972-08-25,USGS-05454500,Specific conductance,550.0,uS/cm @25C,Water,Sample-Routine,41.656,-91.536,public observation
nwisia.01.97200187,1972-08-25,USGS-05454500,pH,8.3,std units,Water,Sample-Routine,41.656,-91.536,public observation
nwisia.01.97200175,1972-02-01,USGS-05454500,"Temperature, water",0.0,deg C,Water,Sample-Routine,41.656,-91.536,public observation
nwisia.01.97200183,1972-05-26,USGS-05454500,Specific conductance,310.0,uS/cm @25C,Water,Sample-Routine,41.656,-91.536,public observation
nwisia.01.97200183,1972-05-26,USGS-05454500,pH,7.6,std units,Water,Sample-Routine,41.656,-91.536,public observation
nwisia.01.97100267,1971-01-25,USGS-05454500,"Temperature, water",0.0,deg C,Water,Sample-Routine,41.656,-91.536,public observation
nwisia.01.97000273,1970-04-23,USGS-05454500,"Temperature, water",14.5,deg C,Water,Sample-Routine,41.656,-91.536,public observation
nwisia.01.97300215,1972-12-27,USGS-05454500,"Temperature, water",0.5,deg C,Water,Sample-Routine,41.656,-91.536,public observation
nwisia.01.97300215,1972-12-27,USGS-05454500,Specific conductance,540.0,uS/cm @25C,Water,Sample-Routine,41.656,-91.536,public observation
nwisia.01.97300215,1972-12-27,USGS-05454500,pH,8.5,std units,Water,Sample-Routine,41.656,-91.536,public observation
nwisia.01.97300217,1973-03-28,USGS-05454500,"Temperature, water",7.5,deg C,Water,Sample-Routine,41.656,-91.536,public observation
nwisia.01.97100276,1971-09-29,USGS-05454500,"Temperature, water",22.5,deg C,Water,Sample-Routine,41.656,-91.536,public observation
nwisia.01.97400068,1974-09-13,USGS-05454500,"Temperature, water",16.0,deg C,Water,Sample-Routine,41.656,-91.536,public observation
nwisia.01.97300221,1973-07-27,USGS-05454500,"Temperature, water",24.5,deg C,Water,Sample-Routine,41.656,-91.536,public observation
nwisia.01.97000272,1970-03-19,USGS-05454500,"Temperature, water",3.5,deg C,Water,Sample-Routine,41.656,-91.536,public observation
nwisia.01.97000272,1970-03-19,USGS-05454500,pH,8.6,std units,Water,Sample-Routine,41.656,-91.536,public observation
nwisia.01.97200172,1971-12-01,USGS-05454500,"Temperature, water",2.0,deg C,Water,Sample-Routine,41.656,-91.536,public observation
nwisia.01.97000275,1970-06-24,USGS-05454500,"Temperature, water",25.5,deg C,Water,Sample-Routine,41.656,-91.536,public observation
nwisia.01.97100272,1971-04-20,USGS-05454500,Specific conductance,550.0,uS/cm @25C,Water,Sample-Routine,41.656,-91.536,public observation
nwisia.01.97100272,1971-04-20,USGS-05454500,pH,8.3,std units,Water,Sample-Routine,41.656,-91.536,public observation
nwisia.01.97000271,1970-03-03,USGS-05454500,"Temperature, water",2.0,deg C,Water,Sample-Routine,41.656,-91.536,public observation
nwisia.01.97000274,1970-05-22,USGS-05454500,"Temperature, water",26.5,deg C,Water,Sample-Routine,41.656,-91.536,public observation
nwisia.01.97200170,1971-10-28,USGS-05454500,"Temperature, water",16.5,deg C,Water,Sample-Routine,41.656,-91.536,public observation
nwisia.01.97200171,1971-11-24,USGS-05454500,Specific conductance,500.0,uS/cm @25C,Water,Sample-Routine,41.656,-91.536,public observation
nwisia.01.97200171,1971-11-24,USGS-05454500,pH,7.9,std units,Water,Sample-Routine,41.656,-91.536,public observation
nwisia.01.97400065,1974-05-17,USGS-05454500,"Temperature, water",14.5,deg C,Water,Sample-Routine,41.656,-91.536,public observation
nwisia.01.97100266,1970-12-22,USGS-05454500,"Temperature, water",0.0,deg C,Water,Sample-Routine,41.656,-91.536,public observation
nwisia.01.97100266,1970-12-22,USGS-05454500,Specific conductance,700.0,uS/cm @25C,Water,Sample-Routine,41.656,-91.536,public observation
nwisia.01.97200184,1972-06-19,USGS-05454500,"Temperature, water",23.0,deg C,Water,Sample-Routine,41.656,-91.536,public observation
nwisia.01.97200184,1972-06-19,USGS-05454500,Specific conductance,360.0,uS/cm @25C,Water,Sample-Routine,41.656,-91.536,public observation
nwisia.01.97200184,1972-06-19,USGS-05454500,pH,8.0,std units,Water,Sample-Routine,41.656,-91.536,public observation
nwisia.01.97000279,1970-09-17,USGS-05454500,"Temperature, water",18.5,deg C,Water,Sample-Routine,41.656,-91.536,public observation
nwisia.01.97400062,1974-04-29,USGS-05454500,"Temperature, water",18.0,deg C,Water,Sample-Routine,41.656,-91.536,public observation
nwisia.01.97100273,1971-06-29,USGS-05454500,"Temperature, water",30.0,deg C,Water,Sample-Routine,41.656,-91.536,public observation
nwisia.01.97400063,1974-05-09,USGS-05454500,"Temperature, water",12.5,deg C,Water,Sample-Routine,41.656,-91.536,public observation
nwisia.01.97200174,1972-01-05,USGS-05454500,"Temperature, water",0.0,deg C,Water,Sample-Routine,41.656,-91.536,public observation
nwisia.01.97300222,1973-09-10,USGS-05454500,"Temperature, water",23.0,deg C,Water,Sample-Routine,41.656,-91.536,public observation
nwisia.01.97000270,1970-02-20,USGS-05454500,"Temperature, water",0.0,deg C,Water,Sample-Routine,41.656,-91.536,public observation
nwisia.01.97000276,1970-07-30,USGS-05454500,"Temperature, water",24.0,deg C,Water,Sample-Routine,41.656,-91.536,public observation
nwisia.01.97200179,1972-04-20,USGS-05454500,"Temperature, water",6.0,deg C,Water,Sample-Routine,41.656,-91.536,public observation
nwisia.01.97200182,1972-05-24,USGS-05454500,"Temperature, water",25.5,deg C,Water,Sample-Routine,41.656,-91.536,public observation
nwisia.01.97500108,1975-06-06,USGS-05454500,"Temperature, water",23.0,deg C,Water,Sample-Routine,41.656,-91.536,public observation
nwisia.01.97600127,1976-04-06,USGS-05454500,"Temperature, water",12.0,deg C,Water,Sample-Routine,41.656,-91.536,public observation
nwisia.01.97600128,1976-06-01,USGS-05454500,"Temperature, water",21.5,deg C,Water,Sample-Routine,41.656,-91.536,public observation
nwisia.01.97700082,1977-09-22,USGS-05454500,"Temperature, water",19.0,deg C,Water,Sample-Routine,41.656,-91.536,public observation
nwisia.01.97700081,1977-04-21,USGS-05454500,"Temperature, water",18.5,deg C,Water,Sample-Routine,41.656,-91.536,public observation
nwisia.01.97800043,1978-06-29,USGS-05454500,"Temperature, water",26.0,deg C,Water,Sample-Routine,41.656,-91.536,public observation
nwisia.01.97800042,1978-04-10,USGS-05454500,"Temperature, water",12.0,deg C,Water,Sample-Routine,41.656,-91.536,public observation
nwisia.01.98000055,1979-11-07,USGS-05454500,"Temperature, water",6.0,deg C,Water,Sample-Routine,41.656,-91.536,public observation
nwisia.01.98000056,1979-12-05,USGS-05454500,"Temperature, water",9.0,deg C,Water,Sample-Routine,41.656,-91.536,public observation
nwisia.01.97900055,1979-09-14,USGS-05454500,"Temperature, water",22.5,deg C,Water,Sample-Routine,41.656,-91.536,public observation
nwisia.01.97900051,1979-06-11,USGS-05454500,"Temperature, water",21.0,deg C,Water,Sample-Routine,41.656,-91.536,public observation
nwisia.01.98000054,1979-10-04,USGS-05454500,"Temperature, water",14.0,deg C,Water,Sample-Routine,41.656,-91.536,public observation
nwisia.01.97900053,1979-07-12,USGS-05454500,"Temperature, water",23.0,deg C,Water,Sample-Routine,41.656,-91.536,public observation
nwisia.01.98000059,1980-05-15,USGS-05454500,"Temperature, water",21.0,deg C,Water,Sample-Routine,41.656,-91.536,public observation
nwisia.01.98100058,1980-11-13,USGS-05454500,"Temperature, water",10.0,deg C,Water,Sample-Routine,41.656,-91.536,public observation
nwisia.01.98000062,1980-07-17,USGS-05454500,"Temperature, water",29.0,deg C,Water,Sample-Routine,41.656,-91.536,public observation
nwisia.01.98000064,1980-09-15,USGS-05454500,"Temperature, water",21.5,deg C,Water,Sample-Routine,41.656,-91.536,public observation
nwisia.01.98000063,1980-08-26,USGS-05454500,"Temperature, water",25.5,deg C,Water,Sample-Routine,41.656,-91.536,public observation
nwisia.01.98000057,1980-04-22,USGS-05454500,"Temperature, water",21.0,deg C,Water,Sample-Routine,41.656,-91.536,public observation
nwisia.01.98000060,1980-06-12,USGS-05454500,"Temperature, water",21.5,deg C,Water,Sample-Routine,41.656,-91.536,public observation
nwisia.01.98100059,1981-02-05,USGS-05454500,"Temperature, water",0.0,deg C,Water,Sample-Routine,41.656,-91.536,public observation
nwisia.01.98100067,1981-09-10,USGS-05454500,"Temperature, water",21.5,deg C,Water,Sample-Routine,41.656,-91.536,public observation
nwisia.01.98100066,1981-07-31,USGS-05454500,"Temperature, water",22.0,deg C,Water,Sample-Routine,41.656,-91.536,public observation
nwisia.01.98100060,1981-02-24,USGS-05454500,"Temperature, water",4.0,deg C,Water,Sample-Routine,41.656,-91.536,public observation
nwisia.01.98100063,1981-06-09,USGS-05454500,"Temperature, water",22.0,deg C,Water,Sample-Routine,41.656,-91.536,public observation
nwisia.01.98200016,1982-03-01,USGS-05454500,"Temperature, water",7.0,deg C,Water,Sample-Routine,41.656,-91.536,public observation
nwisia.01.98200021,1982-07-13,USGS-05454500,"Temperature, water",23.0,deg C,Water,Sample-Routine,41.656,-91.536,public observation
nwisia.01.98300015,1982-10-26,USGS-05454500,"Temperature, water",12.0,deg C,Water,Sample-Routine,41.656,-91.536,public observation
nwisia.01.98200022,1982-09-22,USGS-05454500,"Temperature, water",19.5,deg C,Water,Sample-Routine,41.656,-91.536,public observation
nwisia.01.98200018,1982-04-14,USGS-05454500,"Temperature, water",10.0,deg C,Water,Sample-Routine,41.656,-91.536,public observation
nwisia.01.98200018,1982-04-14,USGS-05454500,Specific conductance,580.0,uS/cm @25C,Water,Sample-Routine,41.656,-91.536,public observation
nwisia.01.98200020,1982-06-15,USGS-05454500,"Temperature, water",19.0,deg C,Water,Sample-Routine,41.656,-91.536,public observation
nwisia.01.98200020,1982-06-15,USGS-05454500,Specific conductance,330.0,uS/cm @25C,Water,Sample-Routine,41.656,-91.536,public observation
nwisia.01.98200019,1982-05-20,USGS-05454500,"Temperature, water",23.0,deg C,Water,Sample-Routine,41.656,-91.536,public observation
nwisia.01.98200019,1982-05-20,USGS-05454500,Specific conductance,530.0,uS/cm @25C,Water,Sample-Routine,41.656,-91.536,public observation
nwisia.01.98300017,1983-04-11,USGS-05454500,"Temperature, water",6.0,deg C,Water,Sample-Routine,41.656,-91.536,public observation
nwisia.01.98300021,1983-06-27,USGS-05454500,"Temperature, water",28.0,deg C,Water,Sample-Routine,41.656,-91.536,public observation
nwisia.01.98400211,1983-12-16,USGS-05454500,"Temperature, water",0.0,deg C,Water,Sample-Routine,41.656,-91.536,public observation
nwisia.01.98400211,1983-12-16,USGS-05454500,Specific conductance,643.0,uS/cm @25C,Water,Sample-Routine,41.656,-91.536,public observation
nwisia.01.98400208,1983-10-26,USGS-05454500,"Temperature, water",11.5,deg C,Water,Sample-Routine,41.656,-91.536,public observation
nwisia.01.98400208,1983-10-26,USGS-05454500,Specific conductance,600.0,uS/cm @25C,Water,Sample-Routine,41.656,-91.536,public observation
nwisia.01.98300020,1983-05-16,USGS-05454500,"Temperature, water",16.0,deg C,Water,Sample-Routine,41.656,-91.536,public observation
nwisia.01.98400210,1983-10-26,USGS-05454500,"Temperature, water",11.5,deg C,Water,Sample-Routine,41.656,-91.536,public observation
nwisia.01.98400210,1983-10-26,USGS-05454500,Specific conductance,605.0,uS/cm @25C,Water,Sample-Routine,41.656,-91.536,public observation
nwisia.01.98300024,1983-09-09,USGS-05454500,"Temperature, water",26.5,deg C,Water,Sample-Routine,41.656,-91.536,public observation
nwisia.01.98300023,1983-08-02,USGS-05454500,"Temperature, water",28.5,deg C,Water,Sample-Routine,41.656,-91.536,public observation
nwisia.01.98400216,1984-05-04,USGS-05454500,"Temperature, water",12.0,deg C,Water,Sample-Routine,41.656,-91.536,public observation
nwisia.01.98400216,1984-05-04,USGS-05454500,Specific conductance,430.0,uS/cm @25C,Water,Sample-Routine,41.656,-91.536,public observation
nwisia.01.98500166,1984-11-06,USGS-05454500,"Temperature, water",10.0,deg C,Sediment,Sample-Routine,41.656,-91.536,public observation
nwisia.01.98400222,1984-07-03,USGS-05454500,"Temperature, water",24.5,deg C,Water,Sample-Routine,41.656,-91.536,public observation
nwisia.01.98400222,1984-07-03,USGS-05454500,Specific conductance,320.0,uS/cm @25C,Water,Sample-Routine,41.656,-91.536,public observation
nwisia.01.98400215,1984-05-04,USGS-05454500,"Temperature, water",12.0,deg C,Water,Sample-Routine,41.656,-91.536,public observation
nwisia.01.98400227,1984-09-05,USGS-05454500,"Temperature, water",22.0,deg C,Sediment,Sample-Routine,41.656,-91.536,public observation
nwisia.01.98400220,1984-07-03,USGS-05454500,"Temperature, water",23.5,deg C,Water,Sample-Routine,41.656,-91.536,public observation
nwisia.01.98400224,1984-08-02,USGS-05454500,"Temperature, water",25.5,deg C,Sediment,Sample-Routine,41.656,-91.536,public observation
nwisia.01.98400223,1984-08-02,USGS-05454500,"Temperature, water",25.5,deg C,Water,Sample-Routine,41.656,-91.536,public observation
nwisia.01.98400223,1984-08-02,USGS-05454500,Specific conductance,495.0,uS/cm @25C,Water,Sample-Routine,41.656,-91.536,public observation
nwisia.01.98500165,1984-11-06,USGS-05454500,"Temperature, water",10.0,deg C,Water,Sample-Routine,41.656,-91.536,public observation
nwisia.01.98500165,1984-11-06,USGS-05454500,Specific conductance,470.0,uS/cm @25C,Water,Sample-Routine,41.656,-91.536,public observation
nwisia.01.98400226,1984-09-05,USGS-05454500,"Temperature, water",22.0,deg C,Water,Sample-Routine,41.656,-91.536,public observation
nwisia.01.98400226,1984-09-05,USGS-05454500,Specific conductance,530.0,uS/cm @25C,Water,Sample-Routine,41.656,-91.536,public observation
nwisia.01.98500167,1984-12-05,USGS-05454500,"Temperature, water",0.0,deg C,Water,Sample-Routine,41.656,-91.536,public observation
nwisia.01.98500167,1984-12-05,USGS-05454500,Specific conductance,480.0,uS/cm @25C,Water,Sample-Routine,41.656,-91.536,public observation
nwisia.01.98500162,1984-10-03,USGS-05454500,"Temperature, water",16.0,deg C,Water,Sample-Routine,41.656,-91.536,public observation
nwisia.01.98400217,1984-06-05,USGS-05454500,"Temperature, water",19.0,deg C,Water,Sample-Routine,41.656,-91.536,public observation
nwisia.01.98400228,1984-09-05,USGS-05454500,"Temperature, water",22.0,deg C,Water,Sample-Routine,41.656,-91.536,public observation
nwisia.01.98400218,1984-06-05,USGS-05454500,"Temperature, water",19.0,deg C,Water,Sample-Routine,41.656,-91.536,public observation
nwisia.01.98400218,1984-06-05,USGS-05454500,Specific conductance,540.0,uS/cm @25C,Water,Sample-Routine,41.656,-91.536,public observation
nwisia.01.98400212,1984-01-24,USGS-05454500,"Temperature, water",1.0,deg C,Water,Sample-Routine,41.656,-91.536,public observation
nwisia.01.98400212,1984-01-24,USGS-05454500,Specific conductance,667.0,uS/cm @25C,Water,Sample-Routine,41.656,-91.536,public observation
nwisia.01.98400213,1984-03-13,USGS-05454500,"Temperature, water",1.0,deg C,Water,Sample-Routine,41.656,-91.536,public observation
nwisia.01.98400213,1984-03-13,USGS-05454500,Specific conductance,610.0,uS/cm @25C,Water,Sample-Routine,41.656,-91.536,public observation
nwisia.01.98400225,1984-08-02,USGS-05454500,"Temperature, water",25.5,deg C,Water,Sample-Routine,41.656,-91.536,public observation
nwisia.01.98400214,1984-05-04,USGS-05454500,"Temperature, water",12.0,deg C,Sediment,Sample-Routine,41.656,-91.536,public observation
nwisia.01.98500164,1984-11-06,USGS-05454500,"Temperature, water",10.0,deg C,Water,Sample-Routine,41.656,-91.536,public observation
nwisia.01.98500163,1984-10-03,USGS-05454500,"Temperature, water",16.0,deg C,Water,Sample-Routine,41.656,-91.536,public observation
nwisia.01.98500163,1984-10-03,USGS-05454500,Specific conductance,490.0,uS/cm @25C,Water,Sample-Routine,41.656,-91.536,public observation
nwisia.01.98500174,1985-06-06,USGS-05454500,"Temperature, water",21.0,deg C,Water,Sample-Routine,41.656,-91.536,public observation
nwisia.01.98500174,1985-06-06,USGS-05454500,Specific conductance,540.0,uS/cm @25C,Water,Sample-Routine,41.656,-91.536,public observation
nwisia.01.98500397,1985-09-26,USGS-05454500,"Temperature, water",17.0,deg C,Water,Sample-Routine,41.656,-91.536,public observation
nwisia.01.98501537,1985-09-26,USGS-05454500,"Temperature, water",17.0,deg C,Water,Sample-Routine,41.656,-91.536,public observation
nwisia.01.98501537,1985-09-26,USGS-05454500,Specific conductance,470.0,uS/cm @25C,Water,Sample-Routine,41.656,-91.536,public observation
nwisia.01.98501537,1985-09-26,USGS-05454500,pH,7.4,std units,Water,Sample-Routine,41.656,-91.536,public observation
nwisia.01.98501527,1985-08-23,USGS-05454500,"Temperature, water",22.0,deg C,Water,Sample-Routine,41.656,-91.536,public observation
nwisia.01.98501527,1985-08-23,USGS-05454500,Specific conductance,445.0,uS/cm @25C,Water,Sample-Routine,41.656,-91.536,public observation
nwisia.01.98501527,1985-08-23,USGS-05454500,pH,8.0,std units,Water,Sample-Routine,41.656,-91.536,public observation
nwisia.01.98500172,1985-05-09,USGS-05454500,"Temperature, water",20.5,deg C,Sediment,Sample-Routine,41.656,-91.536,public observation
nwisia.01.98500171,1985-05-09,USGS-05454500,"Temperature, water",20.5,deg C,Water,Sample-Routine,41.656,-91.536,public observation
nwisia.01.98500171,1985-05-09,USGS-05454500,Specific conductance,590.0,uS/cm @25C,Water,Sample-Routine,41.656,-91.536,public observation
nwisia.01.98500170,1985-04-05,USGS-05454500,"Temperature, water",7.5,deg C,Water,Sample-Routine,41.656,-91.536,public observation
nwisia.01.98500168,1985-01-04,USGS-05454500,"Temperature, water",0.0,deg C,Water,Sample-Routine,41.656,-91.536,public observation
nwisia.01.98500168,1985-01-04,USGS-05454500,Specific conductance,700.0,uS/cm @25C,Water,Sample-Routine,41.656,-91.536,public observation
nwisia.01.98601487,1985-11-04,USGS-05454500,"Temperature, water",9.0,deg C,Water,Sample-Routine,41.656,-91.536,public observation
nwisia.01.98601487,1985-11-04,USGS-05454500,Specific conductance,630.0,uS/cm @25C,Water,Sample-Routine,41.656,-91.536,public observation
nwisia.01.98600251,1985-10-03,USGS-05454500,"Temperature, water",15.0,deg C,Water,Sample-Routine,41.656,-91.536,public observation
nwisia.01.98500173,1985-05-23,USGS-05454500,"Temperature, water",21.0,deg C,Water,Sample-Routine,41.656,-91.536,public observation
nwisia.01.98500173,1985-05-23,USGS-05454500,Specific conductance,610.0,uS/cm @25C,Water,Sample-Routine,41.656,-91.536,public observation
nwisia.01.98500173,1985-05-23,USGS-05454500,pH,8.0,std units,Water,Sample-Routine,41.656,-91.536,public observation
nwisia.01.98500179,1985-09-03,USGS-05454500,"Temperature, water",26.5,deg C,Water,Sample-Routine,41.656,-91.536,public observation
nwisia.01.98500179,1985-09-03,USGS-05454500,Specific conductance,470.0,uS/cm @25C,Water,Sample-Routine,41.656,-91.536,public observation
nwisia.01.98601488,1985-12-11,USGS-05454500,"Temperature, water",0.5,deg C,Water,Sample-Routine,41.656,-91.536,public observation
nwisia.01.98601488,1985-12-11,USGS-05454500,Specific conductance,0.0,uS/cm @25C,Water,Sample-Routine,41.656,-91.536,public observation
nwisia.01.98501905,1985-07-02,USGS-05454500,"Temperature, water",25.0,deg C,Sediment,Sample-Routine,41.656,-91.536,public observation
nwisia.01.98500177,1985-07-26,USGS-05454500,"Temperature, water",25.0,deg C,Water,Sample-Routine,41.656,-91.536,public observation
nwisia.01.98500177,1985-07-26,USGS-05454500,Specific conductance,480.0,uS/cm @25C,Water,Sample-Routine,41.656,-91.536,public observation
nwisia.01.98500177,1985-07-26,USGS-05454500,pH,7.9,std units,Water,Sample-Routine,41.656,-91.536,public observation
nwisia.01.98600042,1985-11-22,USGS-05454500,"Temperature, water",3.0,deg C,Water,Sample-Routine,41.656,-91.536,public observation
nwisia.01.98600042,1985-11-22,USGS-05454500,Specific conductance,620.0,uS/cm @25C,Water,Sample-Routine,41.656,-91.536,public observation
nwisia.01.98600042,1985-11-22,USGS-05454500,pH,7.5,std units,Water,Sample-Routine,41.656,-91.536,public observation
nwisia.01.98500178,1985-08-02,USGS-05454500,"Temperature, water",23.5,deg C,Water,Sample-Routine,41.656,-91.536,public observation
nwisia.01.98500178,1985-08-02,USGS-05454500,Specific conductance,490.0,uS/cm @25C,Water,Sample-Routine,41.656,-91.536,public observation
nwisia.01.98600037,1985-10-31,USGS-05454500,"Temperature, water",11.5,deg C,Water,Sample-Routine,41.656,-91.536,public observation
nwisia.01.98600037,1985-10-31,USGS-05454500,Specific conductance,630.0,uS/cm @25C,Water,Sample-Routine,41.656,-91.536,public observation
nwisia.01.98600037,1985-10-31,USGS-05454500,pH,8.2,std units,Water,Sample-Routine,41.656,-91.536,public observation
nwisia.01.98500169,1985-04-05,USGS-05454500,"Temperature, water",7.5,deg C,Water,Sample-Routine,41.656,-91.536,public observation
nwisia.01.98500169,1985-04-05,USGS-05454500,Specific conductance,540.0,uS/cm @25C,Water,Sample-Routine,41.656,-91.536,public observation
nwisia.01.98601486,1985-10-03,USGS-05454500,"Temperature, water",15.0,deg C,Water,Sample-Routine,41.656,-91.536,public observation
nwisia.01.98601486,1985-10-03,USGS-05454500,Specific conductance,465.0,uS/cm @25C,Water,Sample-Routine,41.656,-91.536,public observation
nwisia.01.98500176,1985-07-02,USGS-05454500,"Temperature, water",25.0,deg C,Water,Sample-Routine,41.656,-91.536,public observation
nwisia.01.98500176,1985-07-02,USGS-05454500,Specific conductance,480.0,uS/cm @25C,Water,Sample-Routine,41.656,-91.536,public observation
nwisia.01.98500175,1985-06-20,USGS-05454500,"Temperature, water",22.0,deg C,Water,Sample-Routine,41.656,-91.536,public observation
nwisia.01.98500175,1985-06-20,USGS-05454500,Specific conductance,500.0,uS/cm @25C,Water,Sample-Routine,41.656,-91.536,public observation
nwisia.01.98500175,1985-06-20,USGS-05454500,pH,8.1,std units,Water,Sample-Routine,41.656,-91.536,public observation
nwisia.01.98600249,1985-10-03,USGS-05454500,"Temperature, water",15.0,deg C,Sediment,Sample-Routine,41.656,-91.536,public observation
nwisia.01.98601489,1986-03-03,USGS-05454500,"Temperature, water",2.0,deg C,Water,Sample-Routine,41.656,-91.536,public observation
nwisia.01.98601489,1986-03-03,USGS-05454500,Specific conductance,635.0,uS/cm @25C,Water,Sample-Routine,41.656,-91.536,public observation
nwisia.01.98701977,1986-12-04,USGS-05454500,"Temperature, water",2.0,deg C,Water,Sample-Routine,41.656,-91.536,public observation
nwisia.01.98701977,1986-12-04,USGS-05454500,Specific conductance,500.0,uS/cm @25C,Water,Sample-Routine,41.656,-91.536,public observation
nwisia.01.98701976,1986-11-06,USGS-05454500,"Temperature, water",11.0,deg C,Water,Sample-Routine,41.656,-91.536,public observation
nwisia.01.98701976,1986-11-06,USGS-05454500,Specific conductance,572.0,uS/cm @25C,Water,Sample-Routine,41.656,-91.536,public observation
nwisia.01.98601491,1986-05-09,USGS-05454500,"Temperature, water",20.0,deg C,Water,Sample-Routine,41.656,-91.536,public observation
nwisia.01.98601491,1986-05-09,USGS-05454500,Specific conductance,625.0,uS/cm @25C,Water,Sample-Routine,41.656,-91.536,public observation
nwisia.01.98601493,1986-08-01,USGS-05454500,"Temperature, water",28.0,deg C,Water,Sample-Routine,41.656,-91.536,public observation
nwisia.01.98601493,1986-08-01,USGS-05454500,Specific conductance,440.0,uS/cm @25C,Water,Sample-Routine,41.656,-91.536,public observation
nwisia.01.98600368,1986-05-09,USGS-05454500,"Temperature, water",20.0,deg C,Water,Sample-Routine,41.656,-91.536,public observation
nwisia.01.98600355,1986-04-08,USGS-05454500,"Temperature, water",12.0,deg C,Sediment,Sample-Routine,41.656,-91.536,public observation
nwisia.01.98701549,1986-11-06,USGS-05454500,"Temperature, water",11.0,deg C,Sediment,Sample-Routine,41.656,-91.536,public observation
nwisia.01.98601492,1986-06-19,USGS-05454500,"Temperature, water",23.5,deg C,Water,Sample-Routine,41.656,-91.536,public observation
nwisia.01.98601492,1986-06-19,USGS-05454500,Specific conductance,0.0,uS/cm @25C,Water,Sample-Routine,41.656,-91.536,public observation
nwisia.01.98600357,1986-04-08,USGS-05454500,"Temperature, water",12.0,deg C,Water,Sample-Routine,41.656,-91.536,public observation
nwisia.01.98600732,1986-08-01,USGS-05454500,"Temperature, water",28.0,deg C,Water,Sample-Routine,41.656,-91.536,public observation
nwisia.01.98600579,1986-08-01,USGS-05454500,"Temperature, water",28.0,deg C,Sediment,Sample-Routine,41.656,-91.536,public observation
nwisia.01.98600385,1986-06-19,USGS-05454500,"Temperature, water",23.5,deg C,Water,Sample-Routine,41.656,-91.536,public observation
nwisia.01.98701978,1986-12-30,USGS-05454500,"Temperature, water",2.5,deg C,Water,Sample-Routine,41.656,-91.536,public observation
nwisia.01.98701978,1986-12-30,USGS-05454500,Specific conductance,580.0,uS/cm @25C,Water,Sample-Routine,41.656,-91.536,public observation
nwisia.01.98601490,1986-04-08,USGS-05454500,"Temperature, water",12.0,deg C,Water,Sample-Routine,41.656,-91.536,public observation
nwisia.01.98601490,1986-04-08,USGS-05454500,Specific conductance,590.0,uS/cm @25C,Water,Sample-Routine,41.656,-91.536,public observation
nwisia.01.98600358,1986-05-09,USGS-05454500,"Temperature, water",20.0,deg C,Sediment,Sample-Routine,41.656,-91.536,public observation
nwisia.01.98600740,1986-04-30,USGS-05454500,"Temperature, water",17.0,deg C,Water,Sample-Routine,41.656,-91.536,public observation
nwisia.01.98601494,1986-09-11,USGS-05454500,"Temperature, water",20.0,deg C,Water,Sample-Routine,41.656,-91.536,public observation
nwisia.01.98601494,1986-09-11,USGS-05454500,Specific conductance,480.0,uS/cm @25C,Water,Sample-Routine,41.656,-91.536,public observation
nwisia.01.98600746,1986-09-11,USGS-05454500,"Temperature, water",20.0,deg C,Water,Sample-Routine,41.656,-91.536,public observation
nwisia.01.98701986,1987-09-01,USGS-05454500,"Temperature, water",20.0,deg C,Water,Sample-Routine,41.656,-91.536,public observation
nwisia.01.98701986,1987-09-01,USGS-05454500,Specific conductance,360.0,uS/cm @25C,Water,Sample-Routine,41.656,-91.536,public observation
nwisia.01.98701982,1987-04-28,USGS-05454500,"Temperature, water",14.0,deg C,Water,Sample-Routine,41.656,-91.536,public observation
nwisia.01.98701982,1987-04-28,USGS-05454500,Specific conductance,500.0,uS/cm @25C,Water,Sample-Routine,41.656,-91.536,public observation
nwisia.01.98701024,1987-07-01,USGS-05454500,"Temperature, water",27.0,deg C,Water,Sample-Routine,41.656,-91.536,public observation
nwisia.01.98701548,1987-09-01,USGS-05454500,"Temperature, water",19.5,deg C,Sediment,Sample-Routine,41.656,-91.536,public observation
nwisia.01.98701984,1987-07-01,USGS-05454500,"Temperature, water",27.0,deg C,Water,Sample-Routine,41.656,-91.536,public observation
nwisia.01.98701984,1987-07-01,USGS-05454500,Specific conductance,545.0,uS/cm @25C,Water,Sample-Routine,41.656,-91.536,public observation
nwisia.01.98701985,1987-08-04,USGS-05454500,"Temperature, water",30.0,deg C,Water,Sample-Routine,41.656,-91.536,public observation
nwisia.01.98701985,1987-08-04,USGS-05454500,Specific conductance,500.0,uS/cm @25C,Water,Sample-Routine,41.656,-91.536,public observation
nwisia.01.98701016,1987-04-07,USGS-05454500,"Temperature, water",10.0,deg C,Water,Sample-Routine,41.656,-91.536,public observation
nwisia.01.98701983,1987-06-11,USGS-05454500,"Temperature, water",24.0,deg C,Water,Sample-Routine,41.656,-91.536,public observation
nwisia.01.98701983,1987-06-11,USGS-05454500,Specific conductance,595.0,uS/cm @25C,Water,Sample-Routine,41.656,-91.536,public observation
nwisia.01.98701980,1987-03-02,USGS-05454500,"Temperature, water",2.5,deg C,Water,Sample-Routine,41.656,-91.536,public observation
nwisia.01.98701980,1987-03-02,USGS-05454500,Specific conductance,500.0,uS/cm @25C,Water,Sample-Routine,41.656,-91.536,public observation
nwisia.01.98701019,1987-09-01,USGS-05454500,"Temperature, water",19.5,deg C,Water,Sample-Routine,41.656,-91.536,public observation
nwisia.01.98701979,1987-02-04,USGS-05454500,"Temperature, water",2.0,deg C,Water,Sample-Routine,41.656,-91.536,public observation
nwisia.01.98701979,1987-02-04,USGS-05454500,Specific conductance,700.0,uS/cm @25C,Water,Sample-Routine,41.656,-91.536,public observation
nwisia.01.98701031,1987-08-04,USGS-05454500,"Temperature, water",29.5,deg C,Water,Sample-Routine,41.656,-91.536,public observation
nwisia.01.98701531,1987-08-04,USGS-05454500,"Temperature, water",27.0,deg C,Sediment,Sample-Routine,41.656,-91.536,public observation
nwisia.01.98701981,1987-04-07,USGS-05454500,"Temperature, water",10.0,deg C,Water,Sample-Routine,41.656,-91.536,public observation
nwisia.01.98701981,1987-04-07,USGS-05454500,Specific conductance,550.0,uS/cm @25C,Water,Sample-Routine,41.656,-91.536,public observation
nwisia.01.98701529,1987-07-01,USGS-05454500,"Temperature, water",27.0,deg C,Sediment,Sample-Routine,41.656,-91.536,public observation
nwisia.01.98801067,1987-11-23,USGS-05454500,"Temperature, water",7.0,deg C,Water,Sample-Routine,41.656,-91.536,public observation
nwisia.01.98801067,1987-11-23,USGS-05454500,Specific conductance,545.0,uS/cm @25C,Water,Sample-Routine,41.656,-91.536,public observation
nwisia.01.98701521,1987-04-28,USGS-05454500,"Temperature, water",14.0,deg C,Sediment,Sample-Routine,41.656,-91.536,public observation
nwisia.01.98701528,1987-06-11,USGS-05454500,"Temperature, water",24.0,deg C,Sediment,Sample-Routine,41.656,-91.536,public observation
nwisia.01.98902283,1988-12-21,USGS-05454500,"Temperature, water",3.0,deg C,Water,Sample-Routine,41.656,-91.536,public observation
nwisia.01.98902283,1988-12-21,USGS-05454500,Specific conductance,540.0,uS/cm @25C,Water,Sample-Routine,41.656,-91.536,public observation
nwisia.01.98902273,1988-10-06,USGS-05454500,"Temperature, water",11.0,deg C,Water,Sample-Routine,41.656,-91.536,public observation
nwisia.01.98902273,1988-10-06,USGS-05454500,Specific conductance,540.0,uS/cm @25C,Water,Sample-Routine,41.656,-91.536,public observation
nwisia.01.98801076,1988-07-08,USGS-05454500,"Temperature, water",28.0,deg C,Water,Sample-Routine,41.656,-91.536,public observation
nwisia.01.98801076,1988-07-08,USGS-05454500,Specific conductance,498.0,uS/cm @25C,Water,Sample-Routine,41.656,-91.536,public observation
nwisia.01.98801074,1988-05-27,USGS-05454500,"Temperature, water",20.0,deg C,Water,Sample-Routine,41.656,-91.536,public observation
nwisia.01.98801074,1988-05-27,USGS-05454500,Specific conductance,534.0,uS/cm @25C,Water,Sample-Routine,41.656,-91.536,public observation
nwisia.01.98801069,1988-02-10,USGS-05454500,"Temperature, water",0.0,deg C,Water,Sample-Routine,41.656,-91.536,public observation
nwisia.01.98801069,1988-02-10,USGS-05454500,Specific conductance,775.0,uS/cm @25C,Water,Sample-Routine,41.656,-91.536,public observation
nwisia.01.98902278,1988-11-10,USGS-05454500,"Temperature, water",6.0,deg C,Water,Sample-Routine,41.656,-91.536,public observation
nwisia.01.98902278,1988-11-10,USGS-05454500,Specific conductance,525.0,uS/cm @25C,Water,Sample-Routine,41.656,-91.536,public observation
nwisia.01.98801071,1988-03-22,USGS-05454500,"Temperature, water",5.0,deg C,Water,Sample-Routine,41.656,-91.536,public observation
nwisia.01.98801071,1988-03-22,USGS-05454500,Specific conductance,572.0,uS/cm @25C,Water,Sample-Routine,41.656,-91.536,public observation
nwisia.01.98801073,1988-04-29,USGS-05454500,"Temperature, water",14.0,deg C,Water,Sample-Routine,41.656,-91.536,public observation
nwisia.01.98801073,1988-04-29,USGS-05454500,Specific conductance,445.0,uS/cm @25C,Water,Sample-Routine,41.656,-91.536,public observation
nwisia.01.99001822,1989-11-22,USGS-05454500,"Temperature, water",2.0,deg C,Water,Sample-Routine,41.656,-91.536,public observation
nwisia.01.99001822,1989-11-22,USGS-05454500,Specific conductance,435.0,uS/cm @25C,Water,Sample-Routine,41.656,-91.536,public observation
nwisia.01.98902300,1989-06-14,USGS-05454500,"Temperature, water",22.0,deg C,Water,Sample-Routine,41.656,-91.536,public observation
nwisia.01.98902300,1989-06-14,USGS-05454500,Specific conductance,600.0,uS/cm @25C,Water,Sample-Routine,41.656,-91.536,public observation
nwisia.01.98902304,1989-07-20,USGS-05454500,"Temperature, water",23.0,deg C,Water,Sample-Routine,41.656,-91.536,public observation
nwisia.01.98902304,1989-07-20,USGS-05454500,Specific conductance,460.0,uS/cm @25C,Water,Sample-Routine,41.656,-91.536,public observation
nwisia.01.98902308,1989-08-31,USGS-05454500,"Temperature, water",21.0,deg C,Water,Sample-Routine,41.656,-91.536,public observation
nwisia.01.98902308,1989-08-31,USGS-05454500,Specific conductance,500.0,uS/cm @25C,Water,Sample-Routine,41.656,-91.536,public observation
nwisia.01.98902288,1989-02-01,USGS-05454500,"Temperature, water",1.0,deg C,Water,Sample-Routine,41.656,-91.536,public observation
nwisia.01.98902288,1989-02-01,USGS-05454500,Specific conductance,411.0,uS/cm @25C,Water,Sample-Routine,41.656,-91.536,public observation
nwisia.01.98902292,1989-03-16,USGS-05454500,"Temperature, water",2.0,deg C,Water,Sample-Routine,41.656,-91.536,public observation
nwisia.01.98902292,1989-03-16,USGS-05454500,Specific conductance,500.0,uS/cm @25C,Water,Sample-Routine,41.656,-91.536,public observation
nwisia.01.98902296,1989-04-26,USGS-05454500,"Temperature, water",17.0,deg C,Water,Sample-Routine,41.656,-91.536,public observation
nwisia.01.98902296,1989-04-26,USGS-05454500,Specific conductance,490.0,uS/cm @25C,Water,Sample-Routine,41.656,-91.536,public observation
nwisia.01.99001821,1989-10-18,USGS-05454500,"Temperature, water",12.0,deg C,Water,Sample-Routine,41.656,-91.536,public observation
nwisia.01.99001821,1989-10-18,USGS-05454500,Specific conductance,470.0,uS/cm @25C,Water,Sample-Routine,41.656,-91.536,public observation
nwisia.01.99001823,1990-01-04,USGS-05454500,"Temperature, water",2.5,deg C,Water,Sample-Routine,41.656,-91.536,public observation
nwisia.01.99001823,1990-01-04,USGS-05454500,Specific conductance,500.0,uS/cm @25C,Water,Sample-Routine,41.656,-91.536,public observation
nwisia.01.99001824,1990-03-29,USGS-05454500,"Temperature, water",8.0,deg C,Water,Sample-Routine,41.656,-91.536,public observation
nwisia.01.99001824,1990-03-29,USGS-05454500,Specific conductance,525.0,uS/cm @25C,Water,Sample-Routine,41.656,-91.536,public observation
nwisia.01.99001826,1990-07-03,USGS-05454500,"Temperature, water",24.0,deg C,Water,Sample-Routine,41.656,-91.536,public observation
nwisia.01.99001826,1990-07-03,USGS-05454500,Specific conductance,302.0,uS/cm @25C,Water,Sample-Routine,41.656,-91.536,public observation
nwisia.01.99101699,1990-10-30,USGS-05454500,"Temperature, water",12.0,deg C,Water,Sample-Routine,41.656,-91.536,public observation
nwisia.01.99101699,1990-10-30,USGS-05454500,Specific conductance,650.0,uS/cm @25C,Water,Sample-Routine,41.656,-91.536,public observation
nwisia.01.99001825,1990-05-22,USGS-05454500,"Temperature, water",17.0,deg C,Water,Sample-Routine,41.656,-91.536,public observation
nwisia.01.99001825,1990-05-22,USGS-05454500,Specific conductance,550.0,uS/cm @25C,Water,Sample-Routine,41.656,-91.536,public observation
nwisia.01.99101704,1991-07-01,USGS-05454500,Specific conductance,480.0,uS/cm @25C,Water,Sample-Routine,41.656,-91.536,public observation
nwisia.01.99101704,1991-07-01,USGS-05454500,"Temperature, water",29.0,deg C,Water,Sample-Routine,41.656,-91.536,public observation
nwisia.01.99101700,1991-03-12,USGS-05454500,"Temperature, water",5.0,deg C,Water,Sample-Routine,41.656,-91.536,public observation
nwisia.01.99101700,1991-03-12,USGS-05454500,Specific conductance,500.0,uS/cm @25C,Water,Sample-Routine,41.656,-91.536,public observation
nwisia.01.99201393,1991-12-11,USGS-05454500,"Temperature, water",3.0,deg C,Water,Sample-Routine,41.656,-91.536,public observation
nwisia.01.99201393,1991-12-11,USGS-05454500,Specific conductance,645.0,uS/cm @25C,Water,Sample-Routine,41.656,-91.536,public observation
nwisia.01.99101702,1991-04-10,USGS-05454500,"Temperature, water",15.0,deg C,Water,Sample-Routine,41.656,-91.536,public observation
nwisia.01.99101702,1991-04-10,USGS-05454500,Specific conductance,610.0,uS/cm @25C,Water,Sample-Routine,41.656,-91.536,public observation
nwisia.01.99101703,1991-05-20,USGS-05454500,"Temperature, water",17.0,deg C,Water,Sample-Routine,41.656,-91.536,public observation
nwisia.01.99101703,1991-05-20,USGS-05454500,Specific conductance,440.0,uS/cm @25C,Water,Sample-Routine,41.656,-91.536,public observation
nwisia.01.99201392,1991-10-28,USGS-05454500,"Temperature, water",14.0,deg C,Water,Sample-Routine,41.656,-91.536,public observation
nwisia.01.99201392,1991-10-28,USGS-05454500,Specific conductance,510.0,uS/cm @25C,Water,Sample-Routine,41.656,-91.536,public observation
nwisia.01.99101707,1991-09-17,USGS-05454500,"Temperature, water",23.0,deg C,Water,Sample-Routine,41.656,-91.536,public observation
nwisia.01.99101707,1991-09-17,USGS-05454500,Specific conductance,610.0,uS/cm @25C,Water,Sample-Routine,41.656,-91.536,public observation
nwisia.01.99101705,1991-08-20,USGS-05454500,"Temperature, water",25.0,deg C,Water,Sample-Routine,41.656,-91.536,public observation
nwisia.01.99101705,1991-08-20,USGS-05454500,Specific conductance,410.0,uS/cm @25C,Water,Sample-Routine,41.656,-91.536,public observation
nwisia.01.99301825,1992-12-02,USGS-05454500,"Temperature, water",3.0,deg C,Water,Sample-Routine,41.656,-91.536,public observation
nwisia.01.99301825,1992-12-02,USGS-05454500,Specific conductance,505.0,uS/cm @25C,Water,Sample-Routine,41.656,-91.536,public observation
nwisia.01.99201394,1992-02-11,USGS-05454500,"Temperature, water",1.5,deg C,Water,Sample-Routine,41.656,-91.536,public observation
nwisia.01.99201394,1992-02-11,USGS-05454500,Specific conductance,580.0,uS/cm @25C,Water,Sample-Routine,41.656,-91.536,public observation
nwisia.01.99301824,1992-10-14,USGS-05454500,"Temperature, water",13.0,deg C,Water,Sample-Routine,41.656,-91.536,public observation
nwisia.01.99301824,1992-10-14,USGS-05454500,Specific conductance,490.0,uS/cm @25C,Water,Sample-Routine,41.656,-91.536,public observation
nwisia.01.99201397,1992-07-22,USGS-05454500,"Temperature, water",23.0,deg C,Water,Sample-Routine,41.656,-91.536,public observation
nwisia.01.99201397,1992-07-22,USGS-05454500,Specific conductance,365.0,uS/cm @25C,Water,Sample-Routine,41.656,-91.536,public observation
nwisia.01.99201395,1992-03-20,USGS-05454500,"Temperature, water",5.0,deg C,Water,Sample-Routine,41.656,-91.536,public observation
nwisia.01.99201395,1992-03-20,USGS-05454500,Specific conductance,590.0,uS/cm @25C,Water,Sample-Routine,41.656,-91.536,public observation
nwisia.01.99201398,1992-08-26,USGS-05454500,"Temperature, water",21.0,deg C,Water,Sample-Routine,41.656,-91.536,public observation
nwisia.01.99201398,1992-08-26,USGS-05454500,Specific conductance,546.0,uS/cm @25C,Water,Sample-Routine,41.656,-91.536,public observation
nwisia.01.99201396,1992-06-12,USGS-05454500,"Temperature, water",24.0,deg C,Water,Sample-Routine,41.656,-91.536,public observation
nwisia.01.99201396,1992-06-12,USGS-05454500,Specific conductance,630.0,uS/cm @25C,Water,Sample-Routine,41.656,-91.536,public observation
nwisia.01.99201399,1992-04-29,USGS-05454500,"Temperature, water",12.0,deg C,Water,Sample-Routine,41.656,-91.536,public observation
nwisia.01.99201399,1992-04-29,USGS-05454500,Specific conductance,540.0,uS/cm @25C,Water,Sample-Routine,41.656,-91.536,public observation
nwisia.01.99301839,1993-07-18,USGS-05454500,"Temperature, water",24.0,deg C,Water,Sample-Routine,41.656,-91.536,public observation
nwisia.01.99301839,1993-07-18,USGS-05454500,Specific conductance,350.0,uS/cm @25C,Water,Sample-Routine,41.656,-91.536,public observation
nwisia.01.99301834,1993-07-12,USGS-05454500,"Temperature, water",24.5,deg C,Water,Sample-Routine,41.656,-91.536,public observation
nwisia.01.99301834,1993-07-12,USGS-05454500,Specific conductance,445.0,uS/cm @25C,Water,Sample-Routine,41.656,-91.536,public observation
nwisia.01.99301844,1993-08-31,USGS-05454500,"Temperature, water",23.5,deg C,Water,Sample-Routine,41.656,-91.536,public observation
nwisia.01.99301844,1993-08-31,USGS-05454500,Specific conductance,340.0,uS/cm @25C,Water,Sample-Routine,41.656,-91.536,public observation
nwisia.01.99301843,1993-08-06,USGS-05454500,"Temperature, water",24.0,deg C,Water,Sample-Routine,41.656,-91.536,public observation
nwisia.01.99301843,1993-08-06,USGS-05454500,Specific conductance,392.0,uS/cm @25C,Water,Sample-Routine,41.656,-91.536,public observation
nwisia.01.99301845,1993-07-14,USGS-05454500,"Temperature, water",18.0,deg C,Water,Sample-Routine,41.656,-91.536,public observation
nwisia.01.99301845,1993-07-14,USGS-05454500,Specific conductance,483.0,uS/cm @25C,Water,Sample-Routine,41.656,-91.536,public observation
nwisia.01.99301836,1993-07-14,USGS-05454500,"Temperature, water",23.0,deg C,Water,Sample-Routine,41.656,-91.536,public observation
nwisia.01.99301836,1993-07-14,USGS-05454500,Specific conductance,400.0,uS/cm @25C,Water,Sample-Routine,41.656,-91.536,public observation
nwisia.01.99301837,1993-07-15,USGS-05454500,"Temperature, water",24.0,deg C,Water,Sample-Routine,41.656,-91.536,public observation
nwisia.01.99301837,1993-07-15,USGS-05454500,Specific conductance,395.0,uS/cm @25C,Water,Sample-Routine,41.656,-91.536,public observation
nwisia.01.99301840,1993-07-22,USGS-05454500,"Temperature, water",23.0,deg C,Water,Sample-Routine,41.656,-91.536,public observation
nwisia.01.99301840,1993-07-22,USGS-05454500,Specific conductance,310.0,uS/cm @25C,Water,Sample-Routine,41.656,-91.536,public observation
nwisia.01.99302078,1993-09-14,USGS-05454500,"Temperature, water",18.0,deg C,Water,Sample-Routine,41.656,-91.536,public observation
nwisia.01.99302078,1993-09-14,USGS-05454500,Specific conductance,483.0,uS/cm @25C,Water,Sample-Routine,41.656,-91.536,public observation
nwisia.01.99301826,1993-03-02,USGS-05454500,"Temperature, water",0.0,deg C,Water,Sample-Routine,41.656,-91.536,public observation
nwisia.01.99301826,1993-03-02,USGS-05454500,Specific conductance,600.0,uS/cm @25C,Water,Sample-Routine,41.656,-91.536,public observation
nwisia.01.99301831,1993-07-08,USGS-05454500,"Temperature, water",26.0,deg C,Water,Sample-Routine,41.656,-91.536,public observation
nwisia.01.99301831,1993-07-08,USGS-05454500,Specific conductance,400.0,uS/cm @25C,Water,Sample-Routine,41.656,-91.536,public observation
nwisia.01.99301828,1993-06-07,USGS-05454500,"Temperature, water",16.0,deg C,Water,Sample-Routine,41.656,-91.536,public observation
nwisia.01.99301828,1993-06-07,USGS-05454500,Specific conductance,550.0,uS/cm @25C,Water,Sample-Routine,41.656,-91.536,public observation
nwisia.01.99401451,1993-12-07,USGS-05454500,"Temperature, water",2.0,deg C,Water,Sample-Routine,41.656,-91.536,public observation
nwisia.01.99401451,1993-12-07,USGS-05454500,Specific conductance,626.0,uS/cm @25C,Water,Sample-Routine,41.656,-91.536,public observation
nwisia.01.99301832,1993-07-09,USGS-05454500,"Temperature, water",26.0,deg C,Water,Sample-Routine,41.656,-91.536,public observation
nwisia.01.99301832,1993-07-09,USGS-05454500,Specific conductance,410.0,uS/cm @25C,Water,Sample-Routine,41.656,-91.536,public observation
nwisia.01.99301838,1993-07-16,USGS-05454500,"Temperature, water",24.0,deg C,Water,Sample-Routine,41.656,-91.536,public observation
nwisia.01.99301838,1993-07-16,USGS-05454500,Specific conductance,400.0,uS/cm @25C,Water,Sample-Routine,41.656,-91.536,public observation
nwisia.01.99301829,1993-06-30,USGS-05454500,"Temperature, water",22.5,deg C,Water,Sample-Routine,41.656,-91.536,public observation
nwisia.01.99301829,1993-06-30,USGS-05454500,Specific conductance,385.0,uS/cm @25C,Water,Sample-Routine,41.656,-91.536,public observation
nwisia.01.99301827,1993-04-16,USGS-05454500,"Temperature, water",7.5,deg C,Water,Sample-Routine,41.656,-91.536,public observation
nwisia.01.99301827,1993-04-16,USGS-05454500,Specific conductance,320.0,uS/cm @25C,Water,Sample-Routine,41.656,-91.536,public observation
nwisia.01.99301842,1993-08-05,USGS-05454500,"Temperature, water",24.0,deg C,Water,Sample-Routine,41.656,-91.536,public observation
nwisia.01.99301842,1993-08-05,USGS-05454500,Specific conductance,380.0,uS/cm @25C,Water,Sample-Routine,41.656,-91.536,public observation
nwisia.01.99301846,1993-09-16,USGS-05454500,"Temperature, water",18.5,deg C,Water,Sample-Routine,41.656,-91.536,public observation
nwisia.01.99301846,1993-09-16,USGS-05454500,Specific conductance,545.0,uS/cm @25C,Water,Sample-Routine,41.656,-91.536,public observation
nwisia.01.99301830,1993-07-07,USGS-05454500,"Temperature, water",23.0,deg C,Water,Sample-Routine,41.656,-91.536,public observation
nwisia.01.99301830,1993-07-07,USGS-05454500,Specific conductance,410.0,uS/cm @25C,Water,Sample-Routine,41.656,-91.536,public observation
nwisia.01.99301833,1993-07-10,USGS-05454500,"Temperature, water",24.0,deg C,Water,Sample-Routine,41.656,-91.536,public observation
nwisia.01.99301833,1993-07-10,USGS-05454500,Specific conductance,410.0,uS/cm @25C,Water,Sample-Routine,41.656,-91.536,public observation
nwisia.01.99301847,1993-09-20,USGS-05454500,"Temperature, water",17.0,deg C,Water,Sample-Routine,41.656,-91.536,public observation
nwisia.01.99301847,1993-09-20,USGS-05454500,Specific conductance,515.0,uS/cm @25C,Water,Sample-Routine,41.656,-91.536,public observation
nwisia.01.99301841,1993-07-23,USGS-05454500,"Temperature, water",23.0,deg C,Water,Sample-Routine,41.656,-91.536,public observation
nwisia.01.99301841,1993-07-23,USGS-05454500,Specific conductance,315.0,uS/cm @25C,Water,Sample-Routine,41.656,-91.536,public observation
nwisia.01.99301835,1993-07-13,USGS-05454500,"Temperature, water",23.0,deg C,Water,Sample-Routine,41.656,-91.536,public observation
nwisia.01.99301835,1993-07-13,USGS-05454500,Specific conductance,440.0,uS/cm @25C,Water,Sample-Routine,41.656,-91.536,public observation
nwisia.01.99501055,1994-10-13,USGS-05454500,"Temperature, water",15.5,deg C,Water,Sample-Routine,41.656,-91.536,public observation
nwisia.01.99501055,1994-10-13,USGS-05454500,Specific conductance,528.0,uS/cm @25C,Water,Sample-Routine,41.656,-91.536,public observation
nwisia.01.99401455,1994-08-18,USGS-05454500,"Temperature, water",25.0,deg C,Water,Sample-Routine,41.656,-91.536,public observation
nwisia.01.99401455,1994-08-18,USGS-05454500,Specific conductance,560.0,uS/cm @25C,Water,Sample-Routine,41.656,-91.536,public observation
nwisia.01.99501056,1994-11-28,USGS-05454500,"Temperature, water",4.6,deg C,Water,Sample-Routine,41.656,-91.536,public observation
nwisia.01.99501056,1994-11-28,USGS-05454500,Specific conductance,677.0,uS/cm @25C,Water,Sample-Routine,41.656,-91.536,public observation
nwisia.01.99401454,1994-07-08,USGS-05454500,"Temperature, water",26.0,deg C,Water,Sample-Routine,41.656,-91.536,public observation
nwisia.01.99401454,1994-07-08,USGS-05454500,Specific conductance,420.0,uS/cm @25C,Water,Sample-Routine,41.656,-91.536,public observation
nwisia.01.99401452,1994-03-22,USGS-05454500,"Temperature, water",9.5,deg C,Water,Sample-Routine,41.656,-91.536,public observation
nwisia.01.99401452,1994-03-22,USGS-05454500,Specific conductance,620.0,uS/cm @25C,Water,Sample-Routine,41.656,-91.536,public observation
nwisia.01.99401453,1994-07-01,USGS-05454500,"Temperature, water",27.2,deg C,Water,Sample-Routine,41.656,-91.536,public observation
nwisia.01.99401453,1994-07-01,USGS-05454500,Specific conductance,484.0,uS/cm @25C,Water,Sample-Routine,41.656,-91.536,public observation
nwisia.01.99501060,1995-07-18,USGS-05454500,"Temperature, water",28.5,deg C,Water,Sample-Routine,41.656,-91.536,public observation
nwisia.01.99501060,1995-07-18,USGS-05454500,Specific conductance,593.0,uS/cm @25C,Water,Sample-Routine,41.656,-91.536,public observation
nwisia.01.99600305,1995-10-17,USGS-05454500,"Temperature, water",16.0,deg C,Water,Sample-Routine,41.656,-91.536,public observation
nwisia.01.99600305,1995-10-17,USGS-05454500,Specific conductance,516.0,uS/cm @25C,Water,Sample-Routine,41.656,-91.536,public observation
nwisia.01.99501062,1995-09-05,USGS-05454500,"Temperature, water",26.3,deg C,Water,Sample-Routine,41.656,-91.536,public observation
nwisia.01.99501062,1995-09-05,USGS-05454500,Specific conductance,558.0,uS/cm @25C,Water,Sample-Routine,41.656,-91.536,public observation
nwisia.01.99600306,1995-11-21,USGS-05454500,"Temperature, water",3.0,deg C,Water,Sample-Routine,41.656,-91.536,public observation
nwisia.01.99600306,1995-11-21,USGS-05454500,Specific conductance,576.0,uS/cm @25C,Water,Sample-Routine,41.656,-91.536,public observation
nwisia.01.99501059,1995-06-07,USGS-05454500,"Temperature, water",21.5,deg C,Water,Sample-Routine,41.656,-91.536,public observation
nwisia.01.99501059,1995-06-07,USGS-05454500,Specific conductance,559.0,uS/cm @25C,Water,Sample-Routine,41.656,-91.536,public observation
nwisia.01.99500663,1995-06-30,USGS-05454500,"Temperature, water",25.3,deg C,Water,Sample-Routine,41.656,-91.536,public observation
nwisia.01.99500663,1995-06-30,USGS-05454500,Specific conductance,647.0,uS/cm @25C,Water,Sample-Routine,41.656,-91.536,public observation
nwisia.01.99500663,1995-06-30,USGS-05454500,pH,8.3,std units,Water,Sample-Routine,41.656,-91.536,public observation
nwisia.01.99500663,1995-06-30,USGS-05454500,Nitrate,8.29,mg/L as N,Water,Sample-Routine,41.656,-91.536,public observation
nwisia.01.99500559,1995-05-12,USGS-05454500,"Temperature, water",15.4,deg C,Water,Sample-Routine,41.656,-91.536,public observation
nwisia.01.99500559,1995-05-12,USGS-05454500,Specific conductance,542.0,uS/cm @25C,Water,Sample-Routine,41.656,-91.536,public observation
nwisia.01.99500559,1995-05-12,USGS-05454500,pH,8.2,std units,Water,Sample-Routine,41.656,-91.536,public observation
nwisia.01.99500559,1995-05-12,USGS-05454500,Nitrate,7.57,mg/L as N,Water,Sample-Routine,41.656,-91.536,public observation
nwisia.01.99501057,1995-03-09,USGS-05454500,"Temperature, water",1.0,deg C,Water,Sample-Routine,41.656,-91.536,public observation
nwisia.01.99501057,1995-03-09,USGS-05454500,Specific conductance,513.0,uS/cm @25C,Water,Sample-Routine,41.656,-91.536,public observation
nwisia.01.99500810,1995-08-31,USGS-05454500,"Temperature, water",28.2,deg C,Water,Sample-Routine,41.656,-91.536,public observation
nwisia.01.99500810,1995-08-31,USGS-05454500,Specific conductance,522.0,uS/cm @25C,Water,Sample-Routine,41.656,-91.536,public observation
nwisia.01.99500810,1995-08-31,USGS-05454500,pH,7.9,std units,Water,Sample-Routine,41.656,-91.536,public observation
nwisia.01.99500810,1995-08-31,USGS-05454500,Nitrate,2.06,mg/L as N,Water,Sample-Routine,41.656,-91.536,public observation
nwisia.01.99500916,1995-08-31,USGS-05454500,"Temperature, water",28.2,deg C,Water,Sample-Routine,41.656,-91.536,public observation
nwisia.01.99500916,1995-08-31,USGS-05454500,Specific conductance,522.0,uS/cm @25C,Water,Sample-Routine,41.656,-91.536,public observation
nwisia.01.99500916,1995-08-31,USGS-05454500,pH,7.9,std units,Water,Sample-Routine,41.656,-91.536,public observation
nwisia.01.99501061,1995-08-29,USGS-05454500,"Temperature, water",28.1,deg C,Water,Sample-Routine,41.656,-91.536,public observation
nwisia.01.99501061,1995-08-29,USGS-05454500,Specific conductance,559.0,uS/cm @25C,Water,Sample-Routine,41.656,-91.536,public observation
nwisia.01.99500650,1995-05-12,USGS-05454500,"Temperature, water",15.4,deg C,Water,Sample-Routine,41.656,-91.536,public observation
nwisia.01.99500650,1995-05-12,USGS-05454500,Specific conductance,542.0,uS/cm @25C,Water,Sample-Routine,41.656,-91.536,public observation
nwisia.01.99500650,1995-05-12,USGS-05454500,pH,8.2,std units,Water,Sample-Routine,41.656,-91.536,public observation
nwisia.01.99500914,1995-06-30,USGS-05454500,"Temperature, water",25.3,deg C,Water,Sample-Routine,41.656,-91.536,public observation
nwisia.01.99500914,1995-06-30,USGS-05454500,Specific conductance,647.0,uS/cm @25C,Water,Sample-Routine,41.656,-91.536,public observation
nwisia.01.99500914,1995-06-30,USGS-05454500,pH,8.3,std units,Water,Sample-Routine,41.656,-91.536,public observation
nwisia.01.99501058,1995-04-24,USGS-05454500,"Temperature, water",11.5,deg C,Water,Sample-Routine,41.656,-91.536,public observation
nwisia.01.99501058,1995-04-24,USGS-05454500,Specific conductance,593.0,uS/cm @25C,Water,Sample-Routine,41.656,-91.536,public observation
nwisia.01.99700161,1996-10-21,USGS-05454500,Specific conductance,480.0,uS/cm @25C,Water,Sample-Routine,41.656,-91.536,public observation
nwisia.01.99700161,1996-10-21,USGS-05454500,"Temperature, water",13.5,deg C,Water,Sample-Routine,41.656,-91.536,public observation
nwisia.01.99600307,1996-01-03,USGS-05454500,"Temperature, water",1.0,deg C,Water,Sample-Routine,41.656,-91.536,public observation
nwisia.01.99600307,1996-01-03,USGS-05454500,Specific conductance,692.0,uS/cm @25C,Water,Sample-Routine,41.656,-91.536,public observation
nwisia.01.99700173,1996-11-07,USGS-05454500,"Temperature, water",8.6,deg C,Water,Sample-Routine,41.656,-91.536,public observation
nwisia.01.99700173,1996-11-07,USGS-05454500,Specific conductance,488.0,uS/cm @25C,Water,Sample-Routine,41.656,-91.536,public observation
nwisia.01.99700221,1996-12-17,USGS-05454500,"Temperature, water",0.5,deg C,Water,Sample-Routine,41.656,-91.536,public observation
nwisia.01.99700221,1996-12-17,USGS-05454500,Specific conductance,677.0,uS/cm @25C,Water,Sample-Routine,41.656,-91.536,public observation
nwisia.01.99600944,1996-07-09,USGS-05454500,"Temperature, water",26.2,deg C,Water,Sample-Routine,41.656,-91.536,public observation
nwisia.01.99600944,1996-07-09,USGS-05454500,Specific conductance,603.0,uS/cm @25C,Water,Sample-Routine,41.656,-91.536,public observation
nwisia.01.99600308,1996-02-13,USGS-05454500,"Temperature, water",2.0,deg C,Water,Sample-Routine,41.656,-91.536,public observation
nwisia.01.99600308,1996-02-13,USGS-05454500,Specific conductance,679.0,uS/cm @25C,Water,Sample-Routine,41.656,-91.536,public observation
nwisia.01.99700141,1996-10-01,USGS-05454500,"Temperature, water",18.7,deg C,Water,Sample-Routine,41.656,-91.536,public observation
nwisia.01.99700141,1996-10-01,USGS-05454500,Specific conductance,447.0,uS/cm @25C,Water,Sample-Routine,41.656,-91.536,public observation
nwisia.01.99600310,1996-04-17,USGS-05454500,"Temperature, water",11.3,deg C,Water,Sample-Routine,41.656,-91.536,public observation
nwisia.01.99600310,1996-04-17,USGS-05454500,Specific conductance,525.0,uS/cm @25C,Water,Sample-Routine,41.656,-91.536,public observation
nwisia.01.99600309,1996-03-22,USGS-05454500,"Temperature, water",3.6,deg C,Water,Sample-Routine,41.656,-91.536,public observation
nwisia.01.99600309,1996-03-22,USGS-05454500,Specific conductance,515.0,uS/cm @25C,Water,Sample-Routine,41.656,-91.536,public observation
nwisia.01.99601139,1996-08-29,USGS-05454500,"Temperature, water",25.8,deg C,Water,Sample-Routine,41.656,-91.536,public observation
nwisia.01.99601139,1996-08-29,USGS-05454500,Specific conductance,542.0,uS/cm @25C,Water,Sample-Routine,41.656,-91.536,public observation
nwisia.01.99600543,1996-05-29,USGS-05454500,"Temperature, water",13.7,deg C,Water,Sample-Routine,41.656,-91.536,public observation
nwisia.01.99600543,1996-05-29,USGS-05454500,Specific conductance,360.0,uS/cm @25C,Water,Sample-Routine,41.656,-91.536,public observation
nwisia.01.99801094,1997-11-18,USGS-05454500,"Temperature, water",3.8,deg C,Water,Sample-Routine,41.656,-91.536,public observation
nwisia.01.99801094,1997-11-18,USGS-05454500,Specific conductance,544.0,uS/cm @25C,Water,Sample-Routine,41.656,-91.536,public observation
nwisia.01.99701902,1997-08-28,USGS-05454500,"Temperature, water",24.5,deg C,Water,Sample-Routine,41.656,-91.536,public observation
nwisia.01.99701902,1997-08-28,USGS-05454500,Specific conductance,583.0,uS/cm @25C,Water,Sample-Routine,41.656,-91.536,public observation
nwisia.01.99700921,1997-04-24,USGS-05454500,"Temperature, water",12.4,deg C,Water,Sample-Routine,41.656,-91.536,public observation
nwisia.01.99700921,1997-04-24,USGS-05454500,Specific conductance,604.0,uS/cm @25C,Water,Sample-Routine,41.656,-91.536,public observation
nwisia.01.99700845,1997-03-13,USGS-05454500,"Temperature, water",5.5,deg C,Water,Sample-Routine,41.656,-91.536,public observation
nwisia.01.99700845,1997-03-13,USGS-05454500,Specific conductance,364.0,uS/cm @25C,Water,Sample-Routine,41.656,-91.536,public observation
nwisia.01.99800188,1997-10-06,USGS-05454500,"Temperature, water",22.6,deg C,Water,Sample-Routine,41.656,-91.536,public observation
nwisia.01.99800188,1997-10-06,USGS-05454500,Specific conductance,459.0,uS/cm @25C,Water,Sample-Routine,41.656,-91.536,public observation
nwisia.01.99701191,1997-06-06,USGS-05454500,"Temperature, water",19.3,deg C,Water,Sample-Routine,41.656,-91.536,public observation
nwisia.01.99701191,1997-06-06,USGS-05454500,Specific conductance,563.0,uS/cm @25C,Water,Sample-Routine,41.656,-91.536,public observation
nwisia.01.99701980,1997-07-16,USGS-05454500,"Temperature, water",26.4,deg C,Water,Sample-Routine,41.656,-91.536,public observation
nwisia.01.99701980,1997-07-16,USGS-05454500,Specific conductance,609.0,uS/cm @25C,Water,Sample-Routine,41.656,-91.536,public observation
nwisia.01.99802557,1998-06-24,USGS-05454500,"Temperature, water",24.0,deg C,Water,Sample-Routine,41.656,-91.536,public observation
nwisia.01.99802557,1998-06-24,USGS-05454500,Specific conductance,432.0,uS/cm @25C,Water,Sample-Routine,41.656,-91.536,public observation
nwisia.01.99802558,1998-07-31,USGS-05454500,"Temperature, water",26.9,deg C,Water,Sample-Routine,41.656,-91.536,public observation
nwisia.01.99802558,1998-07-31,USGS-05454500,Specific conductance,482.0,uS/cm @25C,Water,Sample-Routine,41.656,-91.536,public observation
nwisia.01.99800937,1998-05-05,USGS-05454500,"Temperature, water",16.5,deg C,Water,Sample-Routine,41.656,-91.536,public observation
nwisia.01.99800937,1998-05-05,USGS-05454500,Specific conductance,604.0,uS/cm @25C,Water,Sample-Routine,41.656,-91.536,public observation
nwisia.01.99800139,1998-02-18,USGS-05454500,"Temperature, water",1.8,deg C,Water,Sample-Routine,41.656,-91.536,public observation
nwisia.01.99800139,1998-02-18,USGS-05454500,Specific conductance,534.0,uS/cm @25C,Water,Sample-Routine,41.656,-91.536,public observation
nwisia.01.99901606,1998-12-01,USGS-05454500,"Temperature, water",7.0,deg C,Water,Sample-Routine,41.656,-91.536,public observation
nwisia.01.99901606,1998-12-01,USGS-05454500,Specific conductance,638.0,uS/cm @25C,Water,Sample-Routine,41.656,-91.536,public observation
nwisia.01.99900199,1998-10-21,USGS-05454500,"Temperature, water",14.5,deg C,Water,Sample-Routine,41.656,-91.536,public observation
nwisia.01.99900199,1998-10-21,USGS-05454500,Specific conductance,466.0,uS/cm @25C,Water,Sample-Routine,41.656,-91.536,public observation
nwisia.01.99801096,1998-03-26,USGS-05454500,"Temperature, water",8.0,deg C,Water,Sample-Routine,41.656,-91.536,public observation
nwisia.01.99801096,1998-03-26,USGS-05454500,Specific conductance,548.0,uS/cm @25C,Water,Sample-Routine,41.656,-91.536,public observation
nwisia.01.99801097,1998-04-03,USGS-05454500,"Temperature, water",9.3,deg C,Water,Sample-Routine,41.656,-91.536,public observation
nwisia.01.99801097,1998-04-03,USGS-05454500,Specific conductance,485.0,uS/cm @25C,Water,Sample-Routine,41.656,-91.536,public observation
nwisia.01.99802559,1998-09-10,USGS-05454500,"Temperature, water",23.8,deg C,Water,Sample-Routine,41.656,-91.536,public observation
nwisia.01.99802559,1998-09-10,USGS-05454500,Specific conductance,517.0,uS/cm @25C,Water,Sample-Routine,41.656,-91.536,public observation
nwisia.01.99801095,1998-01-06,USGS-05454500,"Temperature, water",2.8,deg C,Water,Sample-Routine,41.656,-91.536,public observation
nwisia.01.99801095,1998-01-06,USGS-05454500,Specific conductance,608.0,uS/cm @25C,Water,Sample-Routine,41.656,-91.536,public observation
nwisia.01.99901613,1999-09-07,USGS-05454500,"Temperature, water",24.7,deg C,Water,Sample-Routine,41.656,-91.536,public observation
nwisia.01.99901613,1999-09-07,USGS-05454500,Specific conductance,555.0,uS/cm @25C,Water,Sample-Routine,41.656,-91.536,public observation
nwisia.01.99901611,1999-06-23,USGS-05454500,"Temperature, water",22.8,deg C,Water,Sample-Routine,41.656,-91.536,public observation
nwisia.01.99901611,1999-06-23,USGS-05454500,Specific conductance,457.0,uS/cm @25C,Water,Sample-Routine,41.656,-91.536,public observation
nwisia.01.00001789,1999-10-21,USGS-05454500,Specific conductance,541.0,uS/cm @25C,Water,Sample-Routine,41.656,-91.536,public observation
nwisia.01.00001789,1999-10-21,USGS-05454500,"Temperature, water",12.9,deg C,Water,Sample-Routine,41.656,-91.536,public observation
nwisia.01.99901614,1999-09-23,USGS-05454500,"Temperature, water",19.7,deg C,Water,Sample-Routine,41.656,-91.536,public observation
nwisia.01.99901614,1999-09-23,USGS-05454500,Specific conductance,534.0,uS/cm @25C,Water,Sample-Routine,41.656,-91.536,public observation
nwisia.01.00001794,1999-12-14,USGS-05454500,"Temperature, water",5.5,deg C,Water,Sample-Routine,41.656,-91.536,public observation
nwisia.01.00001794,1999-12-14,USGS-05454500,Specific conductance,513.0,uS/cm @25C,Water,Sample-Routine,41.656,-91.536,public observation
nwisia.01.00001793,1999-11-03,USGS-05454500,"Temperature, water",12.4,deg C,Water,Sample-Routine,41.656,-91.536,public observation
nwisia.01.00001793,1999-11-03,USGS-05454500,Specific conductance,569.0,uS/cm @25C,Water,Sample-Routine,41.656,-91.536,public observation
nwisia.01.99901608,1999-02-26,USGS-05454500,Specific conductance,595.0,uS/cm @25C,Water,Sample-Routine,41.656,-91.536,public observation
nwisia.01.99901608,1999-02-26,USGS-05454500,"Temperature, water",1.7,deg C,Water,Sample-Routine,41.656,-91.536,public observation
nwisia.01.99901610,1999-05-20,USGS-05454500,"Temperature, water",18.8,deg C,Water,Sample-Routine,41.656,-91.536,public observation
nwisia.01.99901610,1999-05-20,USGS-05454500,Specific conductance,487.0,uS/cm @25C,Water,Sample-Routine,41.656,-91.536,public observation
nwisia.01.00001791,1999-10-27,USGS-05454500,"Temperature, water",11.9,deg C,Water,Sample-Routine,41.656,-91.536,public observation
nwisia.01.00001791,1999-10-27,USGS-05454500,Specific conductance,564.0,uS/cm @25C,Water,Sample-Routine,41.656,-91.536,public observation
nwisia.01.99901612,1999-08-10,USGS-05454500,"Temperature, water",26.8,deg C,Water,Sample-Routine,41.656,-91.536,public observation
nwisia.01.99901612,1999-08-10,USGS-05454500,Specific conductance,591.0,uS/cm @25C,Water,Sample-Routine,41.656,-91.536,public observation
nwisia.01.99901609,1999-04-06,USGS-05454500,"Temperature, water",14.4,deg C,Water,Sample-Routine,41.656,-91.536,public observation
nwisia.01.99901609,1999-04-06,USGS-05454500,Specific conductance,592.0,uS/cm @25C,Water,Sample-Routine,41.656,-91.536,public observation
nwisia.01.99901607,1999-01-12,USGS-05454500,Specific conductance,680.0,uS/cm @25C,Water,Sample-Routine,41.656,-91.536,public observation
nwisia.01.99901607,1999-01-12,USGS-05454500,"Temperature, water",0.0,deg C,Water,Sample-Routine,41.656,-91.536,public observation
nwisia.01.00001792,1999-10-28,USGS-05454500,Specific conductance,567.0,uS/cm @25C,Water,Sample-Routine,41.656,-91.536,public observation
nwisia.01.00001792,1999-10-28,USGS-05454500,"Temperature, water",12.6,deg C,Water,Sample-Routine,41.656,-91.536,public observation
nwisia.01.00001790,1999-10-25,USGS-05454500,"Temperature, water",12.8,deg C,Water,Sample-Routine,41.656,-91.536,public observation
nwisia.01.00001790,1999-10-25,USGS-05454500,Specific conductance,560.0,uS/cm @25C,Water,Sample-Routine,41.656,-91.536,public observation
nwisia.01.00001796,2000-01-25,USGS-05454500,"Temperature, water",1.5,deg C,Water,Sample-Routine,41.656,-91.536,public observation
nwisia.01.00001796,2000-01-25,USGS-05454500,Specific conductance,576.0,uS/cm @25C,Water,Sample-Routine,41.656,-91.536,public observation
nwisia.01.00001799,2000-04-18,USGS-05454500,"Temperature, water",12.7,deg C,Water,Sample-Routine,41.656,-91.536,public observation
nwisia.01.00001799,2000-04-18,USGS-05454500,Specific conductance,528.0,uS/cm @25C,Water,Sample-Routine,41.656,-91.536,public observation
nwisia.01.00001797,2000-03-06,USGS-05454500,"Temperature, water",7.2,deg C,Water,Sample-Routine,41.656,-91.536,public observation
nwisia.01.00001797,2000-03-06,USGS-05454500,Specific conductance,638.0,uS/cm @25C,Water,Sample-Routine,41.656,-91.536,public observation
nwisia.01.00001798,2000-04-07,USGS-05454500,"Temperature, water",11.6,deg C,Water,Sample-Routine,41.656,-91.536,public observation
nwisia.01.00001798,2000-04-07,USGS-05454500,Specific conductance,541.0,uS/cm @25C,Water,Sample-Routine,41.656,-91.536,public observation
nwisia.01.00100267,2000-10-04,USGS-05454500,"Temperature, water",18.0,deg C,Water,Sample-Routine,41.656,-91.536,public observation
nwisia.01.00100267,2000-10-04,USGS-05454500,Specific conductance,451.0,uS/cm @25C,Water,Sample-Routine,41.656,-91.536,public observation
nwisia.01.00001802,2000-08-28,USGS-05454500,"Temperature, water",24.8,deg C,Water,Sample-Routine,41.656,-91.536,public observation
nwisia.01.00001802,2000-08-28,USGS-05454500,Specific conductance,492.0,uS/cm @25C,Water,Sample-Routine,41.656,-91.536,public observation
nwisia.01.00001801,2000-07-14,USGS-05454500,Specific conductance,492.0,uS/cm @25C,Water,Sample-Routine,41.656,-91.536,public observation
nwisia.01.00001801,2000-07-14,USGS-05454500,"Temperature, water",27.3,deg C,Water,Sample-Routine,41.656,-91.536,public observation
nwisia.01.00001800,2000-06-02,USGS-05454500,"Temperature, water",20.5,deg C,Water,Sample-Routine,41.656,-91.536,public observation
nwisia.01.00001800,2000-06-02,USGS-05454500,Specific conductance,464.0,uS/cm @25C,Water,Sample-Routine,41.656,-91.536,public observation
nwisia.01.00101575,2000-11-07,USGS-05454500,"Temperature, water",11.8,deg C,Water,Sample-Routine,41.656,-91.536,public observation
nwisia.01.00101575,2000-11-07,USGS-05454500,Specific conductance,455.0,uS/cm @25C,Water,Sample-Routine,41.656,-91.536,public observation
nwisia.01.00101576,2000-12-20,USGS-05454500,"Temperature, water",0.5,deg C,Water,Sample-Routine,41.656,-91.536,public observation
nwisia.01.00101576,2000-12-20,USGS-05454500,Specific conductance,683.0,uS/cm @25C,Water,Sample-Routine,41.656,-91.536,public observation
nwisia.01.00001795,2000-01-11,USGS-05454500,"Temperature, water",3.2,deg C,Water,Sample-Routine,41.656,-91.536,public observation
nwisia.01.00001795,2000-01-11,USGS-05454500,Specific conductance,556.0,uS/cm @25C,Water,Sample-Routine,41.656,-91.536,public observation
nwisia.01.00101584,2001-09-05,USGS-05454500,"Temperature, water",24.9,deg C,Water,Sample-Routine,41.656,-91.536,public observation
nwisia.01.00101584,2001-09-05,USGS-05454500,Specific conductance,497.0,uS/cm @25C,Water,Sample-Routine,41.656,-91.536,public observation
nwisia.01.00101578,2001-03-20,USGS-05454500,"Temperature, water",0.6,deg C,Water,Sample-Routine,41.656,-91.536,public observation
nwisia.01.00101578,2001-03-20,USGS-05454500,Specific conductance,307.0,uS/cm @25C,Water,Sample-Routine,41.656,-91.536,public observation
nwisia.01.00101579,2001-03-21,USGS-05454500,"Temperature, water",0.5,deg C,Water,Sample-Routine,41.656,-91.536,public observation
nwisia.01.00101579,2001-03-21,USGS-05454500,Specific conductance,325.0,uS/cm @25C,Water,Sample-Routine,41.656,-91.536,public observation
nwisia.01.00101580,2001-04-05,USGS-05454500,"Temperature, water",7.3,deg C,Water,Sample-Routine,41.656,-91.536,public observation
nwisia.01.00101580,2001-04-05,USGS-05454500,Specific conductance,434.0,uS/cm @25C,Water,Sample-Routine,41.656,-91.536,public observation
nwisia.01.00101583,2001-07-23,USGS-05454500,Specific conductance,548.0,uS/cm @25C,Water,Sample-Routine,41.656,-91.536,public observation
nwisia.01.00101583,2001-07-23,USGS-05454500,"Temperature, water",28.7,deg C,Water,Sample-Routine,41.656,-91.536,public observation
nwisia.01.00200340,2001-10-10,USGS-05454500,"Temperature, water",16.7,deg C,Water,Sample-Routine,41.656,-91.536,public observation
nwisia.01.00200340,2001-10-10,USGS-05454500,Specific conductance,443.0,uS/cm @25C,Water,Sample-Routine,41.656,-91.536,public observation
nwisia.01.00101582,2001-06-12,USGS-05454500,"Temperature, water",20.0,deg C,Water,Sample-Routine,41.656,-91.536,public observation
nwisia.01.00101582,2001-06-12,USGS-05454500,Specific conductance,515.0,uS/cm @25C,Water,Sample-Routine,41.656,-91.536,public observation
nwisia.01.00101577,2001-02-08,USGS-05454500,"Temperature, water",2.0,deg C,Water,Sample-Routine,41.656,-91.536,public observation
nwisia.01.00101577,2001-02-08,USGS-05454500,Specific conductance,708.0,uS/cm @25C,Water,Sample-Routine,41.656,-91.536,public observation
