date,site_no,site_name,discharge_cfs,discharge_m3s,qualifier,source_type
2015-01-01,05454500,"Iowa River at Iowa City, IA",1050.0,29.7326889216,A,public observation
2015-01-02,05454500,"Iowa River at Iowa City, IA",1000.0,28.316846592,A,public observation
2015-01-03,05454500,"Iowa River at Iowa City, IA",947.0,26.816053722624,A,public observation
2015-01-04,05454500,"Iowa River at Iowa City, IA",1120.0,31.71486818304,A,public observation
2015-01-05,05454500,"Iowa River at Iowa City, IA",1300.0,36.8119005696,A,public observation
2015-01-06,05454500,"Iowa River at Iowa City, IA",1400.0,39.6435852288,A,public observation
2015-01-07,05454500,"Iowa River at Iowa City, IA",1480.0,41.90893295616,A,public observation
2015-01-08,05454500,"Iowa River at Iowa City, IA",1340.0,37.94457443328,A,public observation
2015-01-09,05454500,"Iowa River at Iowa City, IA",1240.0,35.11288977408,A,public observation
2015-01-10,05454500,"Iowa River at Iowa City, IA",1190.0,33.69704744448,A,public observation
2015-01-11,05454500,"Iowa River at Iowa City, IA",1170.0,33.13071051264,A,public observation
2015-01-12,05454500,"Iowa River at Iowa City, IA",1160.0,32.84754204672,A,public observation
2015-01-13,05454500,"Iowa River at Iowa City, IA",1150.0,32.5643735808,A,public observation
2015-01-14,05454500,"Iowa River at Iowa City, IA",1260.0,35.67922670592,A,public observation
2015-01-15,05454500,"Iowa River at Iowa City, IA",1360.0,38.51091136512,A,public observation
2015-01-16,05454500,"Iowa River at Iowa City, IA",1360.0,38.51091136512,A,public observation
2015-01-17,05454500,"Iowa River at Iowa City, IA",1360.0,38.51091136512,A,public observation
2015-01-18,05454500,"Iowa River at Iowa City, IA",1370.0,38.79407983104,A,public observation
2015-01-19,05454500,"Iowa River at Iowa City, IA",1370.0,38.79407983104,A,public observation
2015-01-20,05454500,"Iowa River at Iowa City, IA",1280.0,36.24556363776,A,public observation
2015-01-21,05454500,"Iowa River at Iowa City, IA",909.0,25.740013552128,A,public observation
2015-01-22,05454500,"Iowa River at Iowa City, IA",899.0,25.456845086208002,A,public observation
2015-01-23,05454500,"Iowa River at Iowa City, IA",1040.0,29.449520455680002,A,public observation
2015-01-24,05454500,"Iowa River at Iowa City, IA",1870.0,52.95250312704,A,public observation
2015-01-25,05454500,"Iowa River at Iowa City, IA",2070.0,58.615872445440004,A,public observation
2015-01-26,05454500,"Iowa River at Iowa City, IA",1570.0,44.45744914944,A,public observation
2015-01-27,05454500,"Iowa River at Iowa City, IA",963.0,27.269123268096,A,public observation
2015-01-28,05454500,"Iowa River at Iowa City, IA",960.0,27.18417272832,A,public observation
2015-01-29,05454500,"Iowa River at Iowa City, IA",1460.0,41.34259602432,A,public observation
2015-01-30,05454500,"Iowa River at Iowa City, IA",2130.0,60.31488324096,A,public observation
2015-01-31,05454500,"Iowa River at Iowa City, IA",2240.0,63.42973636608,A,public observation
2015-02-01,05454500,"Iowa River at Iowa City, IA",2250.0,63.712904832,A,public observation
2015-02-02,05454500,"Iowa River at Iowa City, IA",1750.0,49.554481536000004,A,public observation
2015-02-03,05454500,"Iowa River at Iowa City, IA",1110.0,31.43169971712,A,public observation
2015-02-04,05454500,"Iowa River at Iowa City, IA",1110.0,31.43169971712,A,public observation
2015-02-05,05454500,"Iowa River at Iowa City, IA",1250.0,35.39605824,A,public observation
2015-02-06,05454500,"Iowa River at Iowa City, IA",1170.0,33.13071051264,A,public observation
2015-02-07,05454500,"Iowa River at Iowa City, IA",1190.0,33.69704744448,A,public observation
2015-02-08,05454500,"Iowa River at Iowa City, IA",1300.0,36.8119005696,A,public observation
2015-02-09,05454500,"Iowa River at Iowa City, IA",1310.0,37.09506903552,A,public observation
2015-02-10,05454500,"Iowa River at Iowa City, IA",1290.0,36.52873210368,A,public observation
2015-02-11,05454500,"Iowa River at Iowa City, IA",1280.0,36.24556363776,A,public observation
2015-02-12,05454500,"Iowa River at Iowa City, IA",1260.0,35.67922670592,A,public observation
2015-02-13,05454500,"Iowa River at Iowa City, IA",1270.0,35.96239517184,A,public observation
2015-02-14,05454500,"Iowa River at Iowa City, IA",1260.0,35.67922670592,A,public observation
2015-02-15,05454500,"Iowa River at Iowa City, IA",1210.0,34.26338437632,A,public observation
2015-02-16,05454500,"Iowa River at Iowa City, IA",1070.0,30.29902585344,A,public observation
2015-02-17,05454500,"Iowa River at Iowa City, IA",1020.0,28.88318352384,A,public observation
2015-02-18,05454500,"Iowa River at Iowa City, IA",1020.0,28.88318352384,A,public observation
2015-02-19,05454500,"Iowa River at Iowa City, IA",1010.0,28.60001505792,A,public observation
2015-02-20,05454500,"Iowa River at Iowa City, IA",938.0,26.561202103296,A,public observation
2015-02-21,05454500,"Iowa River at Iowa City, IA",865.0,24.49407230208,A,public observation
2015-02-22,05454500,"Iowa River at Iowa City, IA",864.0,24.465755455488,A,public observation
2015-02-23,05454500,"Iowa River at Iowa City, IA",777.0,22.002189801984002,A,public observation
2015-02-24,05454500,"Iowa River at Iowa City, IA",691.0,19.566940995072,A,public observation
2015-02-25,05454500,"Iowa River at Iowa City, IA",694.0,19.651891534848,A,public observation
2015-02-26,05454500,"Iowa River at Iowa City, IA",688.0,19.481990455296,A,public observation
2015-02-27,05454500,"Iowa River at Iowa City, IA",689.0,19.510307301888,A,public observation
2015-02-28,05454500,"Iowa River at Iowa City, IA",686.0,19.425356762112,A,public observation
2015-03-01,05454500,"Iowa River at Iowa City, IA",893.0,25.286944006656,A,public observation
2015-03-02,05454500,"Iowa River at Iowa City, IA",930.0,26.334667330560002,A,public observation
2015-03-03,05454500,"Iowa River at Iowa City, IA",696.0,19.708525228032002,A,public observation
2015-03-04,05454500,"Iowa River at Iowa City, IA",688.0,19.481990455296,A,public observation
2015-03-05,05454500,"Iowa River at Iowa City, IA",685.0,19.39703991552,A,public observation
2015-03-06,05454500,"Iowa River at Iowa City, IA",685.0,19.39703991552,A,public observation
2015-03-07,05454500,"Iowa River at Iowa City, IA",720.0,20.388129546240002,A,public observation
2015-03-08,05454500,"Iowa River at Iowa City, IA",1040.0,29.449520455680002,A,public observation
2015-03-09,05454500,"Iowa River at Iowa City, IA",2150.0,60.8812201728,A,public observation
2015-03-10,05454500,"Iowa River at Iowa City, IA",3800.0,107.6040170496,A,public observation
2015-03-11,05454500,"Iowa River at Iowa City, IA",4680.0,132.52284205056,A,public observation
2015-03-12,05454500,"Iowa River at Iowa City, IA",5410.0,153.19414006272,A,public observation
2015-03-13,05454500,"Iowa River at Iowa City, IA",5550.0,157.1584985856,A,public observation
2015-03-14,05454500,"Iowa River at Iowa City, IA",7110.0,201.33277926912,A,public observation
2015-03-15,05454500,"Iowa River at Iowa City, IA",7700.0,218.0397187584,A,public observation
2015-03-16,05454500,"Iowa River at Iowa City, IA",5240.0,148.38027614208,A,public observation
2015-03-17,05454500,"Iowa River at Iowa City, IA",3550.0,100.5248054016,A,public observation
2015-03-18,05454500,"Iowa River at Iowa City, IA",2690.0,76.17231733248,A,public observation
2015-03-19,05454500,"Iowa River at Iowa City, IA",2210.0,62.58023096832,A,public observation
2015-03-20,05454500,"Iowa River at Iowa City, IA",2210.0,62.58023096832,A,public observation
2015-03-21,05454500,"Iowa River at Iowa City, IA",2190.0,62.01389403648,A,public observation
2015-03-22,05454500,"Iowa River at Iowa City, IA",1910.0,54.08517699072,A,public observation
2015-03-23,05454500,"Iowa River at Iowa City, IA",1620.0,45.87329147904,A,public observation
2015-03-24,05454500,"Iowa River at Iowa City, IA",1530.0,43.32477528576,A,public observation
2015-03-25,05454500,"Iowa River at Iowa City, IA",1440.0,40.776259092480004,A,public observation
2015-03-26,05454500,"Iowa River at Iowa City, IA",1430.0,40.493090626560004,A,public observation
2015-03-27,05454500,"Iowa River at Iowa City, IA",1530.0,43.32477528576,A,public observation
2015-03-28,05454500,"Iowa River at Iowa City, IA",1650.0,46.722796876800004,A,public observation
2015-03-29,05454500,"Iowa River at Iowa City, IA",1450.0,41.0594275584,A,public observation
2015-03-30,05454500,"Iowa River at Iowa City, IA",1380.0,39.07724829696,A,public observation
2015-03-31,05454500,"Iowa River at Iowa City, IA",1550.0,43.8911122176,A,public observation
2015-04-01,05454500,"Iowa River at Iowa City, IA",1480.0,41.90893295616,A,public observation
2015-04-02,05454500,"Iowa River at Iowa City, IA",1430.0,40.493090626560004,A,public observation
2015-04-03,05454500,"Iowa River at Iowa City, IA",1420.0,40.20992216064,A,public observation
2015-04-04,05454500,"Iowa River at Iowa City, IA",1260.0,35.67922670592,A,public observation
2015-04-05,05454500,"Iowa River at Iowa City, IA",1120.0,31.71486818304,A,public observation
2015-04-06,05454500,"Iowa River at Iowa City, IA",1350.0,38.2277428992,A,public observation
2015-04-07,05454500,"Iowa River at Iowa City, IA",1370.0,38.79407983104,A,public observation
2015-04-08,05454500,"Iowa River at Iowa City, IA",1250.0,35.39605824,A,public observation
2015-04-09,05454500,"Iowa River at Iowa City, IA",1540.0,43.607943751680004,A,public observation
2015-04-10,05454500,"Iowa River at Iowa City, IA",1410.0,39.92675369472,A,public observation
2015-04-11,05454500,"Iowa River at Iowa City, IA",1390.0,39.36041676288,A,public observation
2015-04-12,05454500,"Iowa River at Iowa City, IA",1330.0,37.661405967360004,A,public observation
2015-04-13,05454500,"Iowa River at Iowa City, IA",2040.0,57.76636704768,A,public observation
2015-04-14,05454500,"Iowa River at Iowa City, IA",2380.0,67.39409488896,A,public observation
2015-04-15,05454500,"Iowa River at Iowa City, IA",1940.0,54.93468238848,A,public observation
2015-04-16,05454500,"Iowa River at Iowa City, IA",2080.0,58.899040911360004,A,public observation
2015-04-17,05454500,"Iowa River at Iowa City, IA",2210.0,62.58023096832,A,public observation
2015-04-18,05454500,"Iowa River at Iowa City, IA",2290.0,64.84557869568,A,public observation
2015-04-19,05454500,"Iowa River at Iowa City, IA",2550.0,72.2079588096,A,public observation
2015-04-20,05454500,"Iowa River at Iowa City, IA",2760.0,78.15449659392,A,public observation
2015-04-21,05454500,"Iowa River at Iowa City, IA",2880.0,81.55251818496001,A,public observation
2015-04-22,05454500,"Iowa River at Iowa City, IA",2880.0,81.55251818496001,A,public observation
2015-04-23,05454500,"Iowa River at Iowa City, IA",3220.0,91.18024602624,A,public observation
2015-04-24,05454500,"Iowa River at Iowa City, IA",3870.0,109.58619631104,A,public observation
2015-04-25,05454500,"Iowa River at Iowa City, IA",4400.0,124.5941250048,A,public observation
2015-04-26,05454500,"Iowa River at Iowa City, IA",4620.0,130.82383125504,A,public observation
2015-04-27,05454500,"Iowa River at Iowa City, IA",4680.0,132.52284205056,A,public observation
2015-04-28,05454500,"Iowa River at Iowa City, IA",4550.0,128.8416519936,A,public observation
2015-04-29,05454500,"Iowa River at Iowa City, IA",4010.0,113.55055483392,A,public observation
2015-04-30,05454500,"Iowa River at Iowa City, IA",3520.0,99.67530000384001,A,public observation
2015-05-01,05454500,"Iowa River at Iowa City, IA",3060.0,86.64955057152,A,public observation
2015-05-02,05454500,"Iowa River at Iowa City, IA",2940.0,83.25152898048,A,public observation
2015-05-03,05454500,"Iowa River at Iowa City, IA",2940.0,83.25152898048,A,public observation
2015-05-04,05454500,"Iowa River at Iowa City, IA",2990.0,84.66737131008,A,public observation
2015-05-05,05454500,"Iowa River at Iowa City, IA",6790.0,192.27138835968,A,public observation
2015-05-06,05454500,"Iowa River at Iowa City, IA",6500.0,184.059502848,A,public observation
2015-05-07,05454500,"Iowa River at Iowa City, IA",5480.0,155.17631932416,A,public observation
2015-05-08,05454500,"Iowa River at Iowa City, IA",4150.0,117.51491335680001,A,public observation
2015-05-09,05454500,"Iowa River at Iowa City, IA",3270.0,92.59608835584,A,public observation
2015-05-10,05454500,"Iowa River at Iowa City, IA",3120.0,88.34856136704,A,public observation
2015-05-11,05454500,"Iowa River at Iowa City, IA",2760.0,78.15449659392,A,public observation
2015-05-12,05454500,"Iowa River at Iowa City, IA",1810.0,51.25349233152,A,public observation
2015-05-13,05454500,"Iowa River at Iowa City, IA",1240.0,35.11288977408,A,public observation
2015-05-14,05454500,"Iowa River at Iowa City, IA",1190.0,33.69704744448,A,public observation
2015-05-15,05454500,"Iowa River at Iowa City, IA",1200.0,33.9802159104,A,public observation
2015-05-16,05454500,"Iowa River at Iowa City, IA",1280.0,36.24556363776,A,public observation
2015-05-17,05454500,"Iowa River at Iowa City, IA",1670.0,47.28913380864,A,public observation
2015-05-18,05454500,"Iowa River at Iowa City, IA",2400.0,67.9604318208,A,public observation
2015-05-19,05454500,"Iowa River at Iowa City, IA",2650.0,75.03964346880001,A,public observation
2015-05-20,05454500,"Iowa River at Iowa City, IA",2150.0,60.8812201728,A,public observation
2015-05-21,05454500,"Iowa River at Iowa City, IA",2220.0,62.86339943424,A,public observation
2015-05-22,05454500,"Iowa River at Iowa City, IA",2580.0,73.05746420736,A,public observation
2015-05-23,05454500,"Iowa River at Iowa City, IA",2710.0,76.73865426432,A,public observation
2015-05-24,05454500,"Iowa River at Iowa City, IA",2810.0,79.57033892352,A,public observation
2015-05-25,05454500,"Iowa River at Iowa City, IA",3000.0,84.950539776,A,public observation
2015-05-26,05454500,"Iowa River at Iowa City, IA",3180.0,90.04757216256,A,public observation
2015-05-27,05454500,"Iowa River at Iowa City, IA",3210.0,90.89707756032,A,public observation
2015-05-28,05454500,"Iowa River at Iowa City, IA",3510.0,99.39213153792001,A,public observation
2015-05-29,05454500,"Iowa River at Iowa City, IA",4260.0,120.62976648192,A,public observation
2015-05-30,05454500,"Iowa River at Iowa City, IA",5070.0,143.56641222144,A,public observation
2015-05-31,05454500,"Iowa River at Iowa City, IA",5270.0,149.22978153984,A,public observation
2015-06-01,05454500,"Iowa River at Iowa City, IA",5060.0,143.28324375552,A,public observation
2015-06-02,05454500,"Iowa River at Iowa City, IA",4560.0,129.12482045952,A,public observation
2015-06-03,05454500,"Iowa River at Iowa City, IA",4020.0,113.83372329984,A,public observation
2015-06-04,05454500,"Iowa River at Iowa City, IA",3510.0,99.39213153792001,A,public observation
2015-06-05,05454500,"Iowa River at Iowa City, IA",3230.0,91.46341449216,A,public observation
2015-06-06,05454500,"Iowa River at Iowa City, IA",3230.0,91.46341449216,A,public observation
2015-06-07,05454500,"Iowa River at Iowa City, IA",3500.0,99.10896307200001,A,public observation
2015-06-08,05454500,"Iowa River at Iowa City, IA",3700.0,104.77233239040001,A,public observation
2015-06-09,05454500,"Iowa River at Iowa City, IA",3860.0,109.30302784512,A,public observation
2015-06-10,05454500,"Iowa River at Iowa City, IA",3540.0,100.24163693568,A,public observation
2015-06-11,05454500,"Iowa River at Iowa City, IA",3280.0,92.87925682176001,A,public observation
2015-06-12,05454500,"Iowa River at Iowa City, IA",6520.0,184.62583977984,A,public observation
2015-06-13,05454500,"Iowa River at Iowa City, IA",7770.0,220.02189801984,A,public observation
2015-06-14,05454500,"Iowa River at Iowa City, IA",7010.0,198.50109460992002,A,public observation
2015-06-15,05454500,"Iowa River at Iowa City, IA",7250.0,205.297137792,A,public observation
2015-06-16,05454500,"Iowa River at Iowa City, IA",6200.0,175.5644488704,A,public observation
2015-06-17,05454500,"Iowa River at Iowa City, IA",5440.0,154.04364546048,A,public observation
2015-06-18,05454500,"Iowa River at Iowa City, IA",6720.0,190.28920909824,A,public observation
2015-06-19,05454500,"Iowa River at Iowa City, IA",6750.0,191.138714496,A,public observation
2015-06-20,05454500,"Iowa River at Iowa City, IA",6860.0,194.25356762112,A,public observation
2015-06-21,05454500,"Iowa River at Iowa City, IA",7430.0,210.39417017856002,A,public observation
2015-06-22,05454500,"Iowa River at Iowa City, IA",6990.0,197.93475767808002,A,public observation
2015-06-23,05454500,"Iowa River at Iowa City, IA",6930.0,196.23574688256,A,public observation
2015-06-24,05454500,"Iowa River at Iowa City, IA",7030.0,199.06743154176002,A,public observation
2015-06-25,05454500,"Iowa River at Iowa City, IA",4290.0,121.47927187968,A,public observation
2015-06-26,05454500,"Iowa River at Iowa City, IA",2580.0,73.05746420736,A,public observation
2015-06-27,05454500,"Iowa River at Iowa City, IA",5350.0,151.4951292672,A,public observation
2015-06-28,05454500,"Iowa River at Iowa City, IA",7120.0,201.61594773504,A,public observation
2015-06-29,05454500,"Iowa River at Iowa City, IA",7150.0,202.4654531328,A,public observation
2015-06-30,05454500,"Iowa River at Iowa City, IA",7160.0,202.74862159872,A,public observation
2015-07-01,05454500,"Iowa River at Iowa City, IA",7120.0,201.61594773504,A,public observation
2015-07-02,05454500,"Iowa River at Iowa City, IA",7130.0,201.89911620096,A,public observation
2015-07-03,05454500,"Iowa River at Iowa City, IA",7120.0,201.61594773504,A,public observation
2015-07-04,05454500,"Iowa River at Iowa City, IA",7090.0,200.76644233728,A,public observation
2015-07-05,05454500,"Iowa River at Iowa City, IA",7050.0,199.6337684736,A,public observation
2015-07-06,05454500,"Iowa River at Iowa City, IA",7080.0,200.48327387136,A,public observation
2015-07-07,05454500,"Iowa River at Iowa City, IA",7030.0,199.06743154176002,A,public observation
2015-07-08,05454500,"Iowa River at Iowa City, IA",6950.0,196.8020838144,A,public observation
2015-07-09,05454500,"Iowa River at Iowa City, IA",6930.0,196.23574688256,A,public observation
2015-07-10,05454500,"Iowa River at Iowa City, IA",6920.0,195.95257841664,A,public observation
2015-07-11,05454500,"Iowa River at Iowa City, IA",6940.0,196.51891534848,A,public observation
2015-07-12,05454500,"Iowa River at Iowa City, IA",6900.0,195.3862414848,A,public observation
2015-07-13,05454500,"Iowa River at Iowa City, IA",6840.0,193.68723068928,A,public observation
2015-07-14,05454500,"Iowa River at Iowa City, IA",6790.0,192.27138835968,A,public observation
2015-07-15,05454500,"Iowa River at Iowa City, IA",6720.0,190.28920909824,A,public observation
2015-07-16,05454500,"Iowa River at Iowa City, IA",6750.0,191.138714496,A,public observation
2015-07-17,05454500,"Iowa River at Iowa City, IA",6760.0,191.42188296192,A,public observation
2015-07-18,05454500,"Iowa River at Iowa City, IA",6600.0,186.89118750720002,A,public observation
2015-07-19,05454500,"Iowa River at Iowa City, IA",6510.0,184.34267131392,A,public observation
2015-07-20,05454500,"Iowa River at Iowa City, IA",6430.0,182.07732358656,A,public observation
2015-07-21,05454500,"Iowa River at Iowa City, IA",6340.0,179.52880739328,A,public observation
2015-07-22,05454500,"Iowa River at Iowa City, IA",6260.0,177.26345966592,A,public observation
2015-07-23,05454500,"Iowa River at Iowa City, IA",6150.0,174.14860654080002,A,public observation
2015-07-24,05454500,"Iowa River at Iowa City, IA",6020.0,170.46741648384,A,public observation
2015-07-25,05454500,"Iowa River at Iowa City, IA",5920.0,167.63573182464,A,public observation
2015-07-26,05454500,"Iowa River at Iowa City, IA",5050.0,143.0000752896,A,public observation
2015-07-27,05454500,"Iowa River at Iowa City, IA",4150.0,117.51491335680001,A,public observation
2015-07-28,05454500,"Iowa River at Iowa City, IA",4250.0,120.346598016,A,public observation
2015-07-29,05454500,"Iowa River at Iowa City, IA",5100.0,144.4159176192,A,public observation
2015-07-30,05454500,"Iowa River at Iowa City, IA",6250.0,176.9802912,A,public observation
2015-07-31,05454500,"Iowa River at Iowa City, IA",6450.0,182.6436605184,A,public observation
2015-08-01,05454500,"Iowa River at Iowa City, IA",6450.0,182.6436605184,A,public observation
2015-08-02,05454500,"Iowa River at Iowa City, IA",6470.0,183.20999745024,A,public observation
2015-08-03,05454500,"Iowa River at Iowa City, IA",5750.0,162.82186790400002,A,public observation
2015-08-04,05454500,"Iowa River at Iowa City, IA",4950.0,140.1683906304,A,public observation
2015-08-05,05454500,"Iowa River at Iowa City, IA",4180.0,118.36441875456,A,public observation
2015-08-06,05454500,"Iowa River at Iowa City, IA",2900.0,82.1188551168,A,public observation
2015-08-07,05454500,"Iowa River at Iowa City, IA",2170.0,61.447557104640005,A,public observation
2015-08-08,05454500,"Iowa River at Iowa City, IA",2000.0,56.633693184,A,public observation
2015-08-09,05454500,"Iowa River at Iowa City, IA",3070.0,86.93271903744001,A,public observation
2015-08-10,05454500,"Iowa River at Iowa City, IA",4020.0,113.83372329984,A,public observation
2015-08-11,05454500,"Iowa River at Iowa City, IA",6350.0,179.8119758592,A,public observation
2015-08-12,05454500,"Iowa River at Iowa City, IA",6340.0,179.52880739328,A,public observation
2015-08-13,05454500,"Iowa River at Iowa City, IA",6330.0,179.24563892736,A,public observation
2015-08-14,05454500,"Iowa River at Iowa City, IA",5680.0,160.83968864256,A,public observation
2015-08-15,05454500,"Iowa River at Iowa City, IA",4490.0,127.14264119808,A,public observation
2015-08-16,05454500,"Iowa River at Iowa City, IA",3630.0,102.79015312896,A,public observation
2015-08-17,05454500,"Iowa River at Iowa City, IA",2900.0,82.1188551168,A,public observation
2015-08-18,05454500,"Iowa River at Iowa City, IA",2380.0,67.39409488896,A,public observation
2015-08-19,05454500,"Iowa River at Iowa City, IA",2210.0,62.58023096832,A,public observation
2015-08-20,05454500,"Iowa River at Iowa City, IA",2180.0,61.730725570560004,A,public observation
2015-08-21,05454500,"Iowa River at Iowa City, IA",2180.0,61.730725570560004,A,public observation
2015-08-22,05454500,"Iowa River at Iowa City, IA",2350.0,66.5445894912,A,public observation
2015-08-23,05454500,"Iowa River at Iowa City, IA",2680.0,75.88914886656,A,public observation
2015-08-24,05454500,"Iowa River at Iowa City, IA",2790.0,79.00400199168,A,public observation
2015-08-25,05454500,"Iowa River at Iowa City, IA",2490.0,70.50894801408,A,public observation
2015-08-26,05454500,"Iowa River at Iowa City, IA",2180.0,61.730725570560004,A,public observation
2015-08-27,05454500,"Iowa River at Iowa City, IA",2320.0,65.69508409344,A,public observation
2015-08-28,05454500,"Iowa River at Iowa City, IA",2500.0,70.79211648,A,public observation
2015-08-29,05454500,"Iowa River at Iowa City, IA",2820.0,79.85350738944,A,public observation
2015-08-30,05454500,"Iowa River at Iowa City, IA",2720.0,77.02182273024,A,public observation
2015-08-31,05454500,"Iowa River at Iowa City, IA",3100.0,87.7822244352,A,public observation
2015-09-01,05454500,"Iowa River at Iowa City, IA",4750.0,134.505021312,A,public observation
2015-09-02,05454500,"Iowa River at Iowa City, IA",5940.0,168.20206875648,A,public observation
2015-09-03,05454500,"Iowa River at Iowa City, IA",5400.0,152.9109715968,A,public observation
2015-09-04,05454500,"Iowa River at Iowa City, IA",5750.0,162.82186790400002,A,public observation
2015-09-05,05454500,"Iowa River at Iowa City, IA",6230.0,176.41395426816,A,public observation
2015-09-06,05454500,"Iowa River at Iowa City, IA",6410.0,181.51098665472,A,public observation
2015-09-07,05454500,"Iowa River at Iowa City, IA",6540.0,185.19217671168,A,public observation
2015-09-08,05454500,"Iowa River at Iowa City, IA",6570.0,186.04168210944002,A,public observation
2015-09-09,05454500,"Iowa River at Iowa City, IA",6520.0,184.62583977984,A,public observation
2015-09-10,05454500,"Iowa River at Iowa City, IA",5270.0,149.22978153984,A,public observation
2015-09-11,05454500,"Iowa River at Iowa City, IA",3830.0,108.45352244736,A,public observation
2015-09-12,05454500,"Iowa River at Iowa City, IA",1480.0,41.90893295616,A,public observation
2015-09-13,05454500,"Iowa River at Iowa City, IA",3370.0,95.42777301504,A,public observation
2015-09-14,05454500,"Iowa River at Iowa City, IA",3060.0,86.64955057152,A,public observation
2015-09-15,05454500,"Iowa River at Iowa City, IA",3050.0,86.3663821056,A,public observation
2015-09-16,05454500,"Iowa River at Iowa City, IA",2780.0,78.72083352576,A,public observation
2015-09-17,05454500,"Iowa River at Iowa City, IA",2540.0,71.92479034368,A,public observation
2015-09-18,05454500,"Iowa River at Iowa City, IA",2940.0,83.25152898048,A,public observation
2015-09-19,05454500,"Iowa River at Iowa City, IA",3490.0,98.82579460608001,A,public observation
2015-09-20,05454500,"Iowa River at Iowa City, IA",3660.0,103.63965852672,A,public observation
2015-09-21,05454500,"Iowa River at Iowa City, IA",3780.0,107.03768011776,A,public observation
2015-09-22,05454500,"Iowa River at Iowa City, IA",3240.0,91.74658295808,A,public observation
2015-09-23,05454500,"Iowa River at Iowa City, IA",2630.0,74.47330653696,A,public observation
2015-09-24,05454500,"Iowa River at Iowa City, IA",2210.0,62.58023096832,A,public observation
2015-09-25,05454500,"Iowa River at Iowa City, IA",1750.0,49.554481536000004,A,public observation
2015-09-26,05454500,"Iowa River at Iowa City, IA",1750.0,49.554481536000004,A,public observation
2015-09-27,05454500,"Iowa River at Iowa City, IA",1740.0,49.27131307008,A,public observation
2015-09-28,05454500,"Iowa River at Iowa City, IA",1650.0,46.722796876800004,A,public observation
2015-09-29,05454500,"Iowa River at Iowa City, IA",1560.0,44.17428068352,A,public observation
2015-09-30,05454500,"Iowa River at Iowa City, IA",1550.0,43.8911122176,A,public observation
2015-10-01,05454500,"Iowa River at Iowa City, IA",1550.0,43.8911122176,A,public observation
2015-10-02,05454500,"Iowa River at Iowa City, IA",1730.0,48.98814460416,A,public observation
2015-10-03,05454500,"Iowa River at Iowa City, IA",1930.0,54.65151392256,A,public observation
2015-10-04,05454500,"Iowa River at Iowa City, IA",1930.0,54.65151392256,A,public observation
2015-10-05,05454500,"Iowa River at Iowa City, IA",1490.0,42.19210142208,A,public observation
2015-10-06,05454500,"Iowa River at Iowa City, IA",1040.0,29.449520455680002,A,public observation
2015-10-07,05454500,"Iowa River at Iowa City, IA",1040.0,29.449520455680002,A,public observation
2015-10-08,05454500,"Iowa River at Iowa City, IA",1220.0,34.546552842240004,A,public observation
2015-10-09,05454500,"Iowa River at Iowa City, IA",1950.0,55.2178508544,A,public observation
2015-10-10,05454500,"Iowa River at Iowa City, IA",1730.0,48.98814460416,A,public observation
2015-10-11,05454500,"Iowa River at Iowa City, IA",1490.0,42.19210142208,A,public observation
2015-10-12,05454500,"Iowa River at Iowa City, IA",1480.0,41.90893295616,A,public observation
2015-10-13,05454500,"Iowa River at Iowa City, IA",1470.0,41.62576449024,A,public observation
2015-10-14,05454500,"Iowa River at Iowa City, IA",1470.0,41.62576449024,A,public observation
2015-10-15,05454500,"Iowa River at Iowa City, IA",1470.0,41.62576449024,A,public observation
2015-10-16,05454500,"Iowa River at Iowa City, IA",1370.0,38.79407983104,A,public observation
2015-10-17,05454500,"Iowa River at Iowa City, IA",1270.0,35.96239517184,A,public observation
2015-10-18,05454500,"Iowa River at Iowa City, IA",1220.0,34.546552842240004,A,public observation
2015-10-19,05454500,"Iowa River at Iowa City, IA",1160.0,32.84754204672,A,public observation
2015-10-20,05454500,"Iowa River at Iowa City, IA",1230.0,34.82972130816,A,public observation
2015-10-21,05454500,"Iowa River at Iowa City, IA",1420.0,40.20992216064,A,public observation
2015-10-22,05454500,"Iowa River at Iowa City, IA",1240.0,35.11288977408,A,public observation
2015-10-23,05454500,"Iowa River at Iowa City, IA",1210.0,34.26338437632,A,public observation
2015-10-24,05454500,"Iowa River at Iowa City, IA",1350.0,38.2277428992,A,public observation
2015-10-25,05454500,"Iowa River at Iowa City, IA",1510.0,42.75843835392,A,public observation
2015-10-26,05454500,"Iowa River at Iowa City, IA",1500.0,42.475269888,A,public observation
2015-10-27,05454500,"Iowa River at Iowa City, IA",1280.0,36.24556363776,A,public observation
2015-10-28,05454500,"Iowa River at Iowa City, IA",1260.0,35.67922670592,A,public observation
2015-10-29,05454500,"Iowa River at Iowa City, IA",1130.0,31.99803664896,A,public observation
2015-10-30,05454500,"Iowa River at Iowa City, IA",1610.0,45.59012301312,A,public observation
2015-10-31,05454500,"Iowa River at Iowa City, IA",2290.0,64.84557869568,A,public observation
2015-11-01,05454500,"Iowa River at Iowa City, IA",2420.0,68.52676875264,A,public observation
2015-11-02,05454500,"Iowa River at Iowa City, IA",2610.0,73.90696960512,A,public observation
2015-11-03,05454500,"Iowa River at Iowa City, IA",2580.0,73.05746420736,A,public observation
2015-11-04,05454500,"Iowa River at Iowa City, IA",2080.0,58.899040911360004,A,public observation
2015-11-05,05454500,"Iowa River at Iowa City, IA",1620.0,45.87329147904,A,public observation
2015-11-06,05454500,"Iowa River at Iowa City, IA",1710.0,48.42180767232,A,public observation
2015-11-07,05454500,"Iowa River at Iowa City, IA",1660.0,47.00596534272,A,public observation
2015-11-08,05454500,"Iowa River at Iowa City, IA",1630.0,46.15645994496,A,public observation
2015-11-09,05454500,"Iowa River at Iowa City, IA",1630.0,46.15645994496,A,public observation
2015-11-10,05454500,"Iowa River at Iowa City, IA",1850.0,52.386166195200005,A,public observation
2015-11-11,05454500,"Iowa River at Iowa City, IA",2500.0,70.79211648,A,public observation
2015-11-12,05454500,"Iowa River at Iowa City, IA",2550.0,72.2079588096,A,public observation
2015-11-13,05454500,"Iowa River at Iowa City, IA",2330.0,65.97825255936,A,public observation
2015-11-14,05454500,"Iowa River at Iowa City, IA",2200.0,62.2970625024,A,public observation
2015-11-15,05454500,"Iowa River at Iowa City, IA",2200.0,62.2970625024,A,public observation
2015-11-16,05454500,"Iowa River at Iowa City, IA",2200.0,62.2970625024,A,public observation
2015-11-17,05454500,"Iowa River at Iowa City, IA",2310.0,65.41191562752,A,public observation
2015-11-18,05454500,"Iowa River at Iowa City, IA",2640.0,74.75647500288001,A,public observation
2015-11-19,05454500,"Iowa River at Iowa City, IA",2800.0,79.2871704576,A,public observation
2015-11-20,05454500,"Iowa River at Iowa City, IA",2740.0,77.58815966208,A,public observation
2015-11-21,05454500,"Iowa River at Iowa City, IA",2740.0,77.58815966208,A,public observation
2015-11-22,05454500,"Iowa River at Iowa City, IA",2720.0,77.02182273024,A,public observation
2015-11-23,05454500,"Iowa River at Iowa City, IA",2700.0,76.4554857984,A,public observation
2015-11-24,05454500,"Iowa River at Iowa City, IA",2710.0,76.73865426432,A,public observation
2015-11-25,05454500,"Iowa River at Iowa City, IA",2740.0,77.58815966208,A,public observation
2015-11-26,05454500,"Iowa River at Iowa City, IA",3020.0,85.51687670784,A,public observation
2015-11-27,05454500,"Iowa River at Iowa City, IA",5870.0,166.21988949504,A,public observation
2015-11-28,05454500,"Iowa River at Iowa City, IA",6620.0,187.45752443904001,A,public observation
2015-11-29,05454500,"Iowa River at Iowa City, IA",6750.0,191.138714496,A,public observation
2015-11-30,05454500,"Iowa River at Iowa City, IA",6830.0,193.40406222336,A,public observation
2015-12-01,05454500,"Iowa River at Iowa City, IA",6930.0,196.23574688256,A,public observation
2015-12-02,05454500,"Iowa River at Iowa City, IA",6800.0,192.5545568256,A,public observation
2015-12-03,05454500,"Iowa River at Iowa City, IA",6730.0,190.57237756416,A,public observation
2015-12-04,05454500,"Iowa River at Iowa City, IA",6690.0,189.43970370048,A,public observation
2015-12-05,05454500,"Iowa River at Iowa City, IA",6660.0,188.59019830272,A,public observation
2015-12-06,05454500,"Iowa River at Iowa City, IA",6640.0,188.02386137088,A,public observation
2015-12-07,05454500,"Iowa River at Iowa City, IA",6600.0,186.89118750720002,A,public observation
2015-12-08,05454500,"Iowa River at Iowa City, IA",6550.0,185.47534517760002,A,public observation
2015-12-09,05454500,"Iowa River at Iowa City, IA",6090.0,172.44959574528,A,public observation
2015-12-10,05454500,"Iowa River at Iowa City, IA",4830.0,136.77036903936,A,public observation
2015-12-11,05454500,"Iowa River at Iowa City, IA",3790.0,107.32084858368,A,public observation
2015-12-12,05454500,"Iowa River at Iowa City, IA",3560.0,100.80797386752,A,public observation
2015-12-13,05454500,"Iowa River at Iowa City, IA",4110.0,116.38223949312,A,public observation
2015-12-14,05454500,"Iowa River at Iowa City, IA",4680.0,132.52284205056,A,public observation
2015-12-15,05454500,"Iowa River at Iowa City, IA",3150.0,89.1980667648,A,public observation
2015-12-16,05454500,"Iowa River at Iowa City, IA",5000.0,141.58423296,A,public observation
2015-12-17,05454500,"Iowa River at Iowa City, IA",5690.0,161.12285710848,A,public observation
2015-12-18,05454500,"Iowa River at Iowa City, IA",8840.0,250.32092387328,A,public observation
2015-12-19,05454500,"Iowa River at Iowa City, IA",10300.0,291.6635198976,A,public observation
2015-12-20,05454500,"Iowa River at Iowa City, IA",10500.0,297.326889216,A,public observation
2015-12-21,05454500,"Iowa River at Iowa City, IA",10700.0,302.9902585344,A,public observation
2015-12-22,05454500,"Iowa River at Iowa City, IA",10800.0,305.8219431936,A,public observation
2015-12-23,05454500,"Iowa River at Iowa City, IA",10800.0,305.8219431936,A,public observation
2015-12-24,05454500,"Iowa River at Iowa City, IA",10500.0,297.326889216,A,public observation
2015-12-25,05454500,"Iowa River at Iowa City, IA",10400.0,294.4952045568,A,public observation
2015-12-26,05454500,"Iowa River at Iowa City, IA",10400.0,294.4952045568,A,public observation
2015-12-27,05454500,"Iowa River at Iowa City, IA",10400.0,294.4952045568,A,public observation
2015-12-28,05454500,"Iowa River at Iowa City, IA",10400.0,294.4952045568,A,public observation
2015-12-29,05454500,"Iowa River at Iowa City, IA",10400.0,294.4952045568,A,public observation
2015-12-30,05454500,"Iowa River at Iowa City, IA",10400.0,294.4952045568,A,public observation
2015-12-31,05454500,"Iowa River at Iowa City, IA",10300.0,291.6635198976,A,public observation
2016-01-01,05454500,"Iowa River at Iowa City, IA",10300.0,291.6635198976,A,public observation
2016-01-02,05454500,"Iowa River at Iowa City, IA",10200.0,288.8318352384,A,public observation
2016-01-03,05454500,"Iowa River at Iowa City, IA",10100.0,286.0001505792,A,public observation
2016-01-04,05454500,"Iowa River at Iowa City, IA",10000.0,283.16846592,A,public observation
2016-01-05,05454500,"Iowa River at Iowa City, IA",9930.0,281.18628665856,A,public observation
2016-01-06,05454500,"Iowa River at Iowa City, IA",9830.0,278.35460199936,A,public observation
2016-01-07,05454500,"Iowa River at Iowa City, IA",9720.0,275.23974887424004,A,public observation
2016-01-08,05454500,"Iowa River at Iowa City, IA",9720.0,275.23974887424004,A,public observation
2016-01-09,05454500,"Iowa River at Iowa City, IA",9680.0,274.10707501056,A,public observation
2016-01-10,05454500,"Iowa River at Iowa City, IA",9520.0,269.57637955584,A,public observation
2016-01-11,05454500,"Iowa River at Iowa City, IA",9430.0,267.02786336256,A,public observation
2016-01-12,05454500,"Iowa River at Iowa City, IA",9140.0,258.81597785088,A,public observation
2016-01-13,05454500,"Iowa River at Iowa City, IA",7740.0,219.17239262208,A,public observation
2016-01-14,05454500,"Iowa River at Iowa City, IA",6520.0,184.62583977984,A,public observation
2016-01-15,05454500,"Iowa River at Iowa City, IA",5530.0,156.59216165376,A,public observation
2016-01-16,05454500,"Iowa River at Iowa City, IA",4460.0,126.29313580032,A,public observation
2016-01-17,05454500,"Iowa River at Iowa City, IA",4480.0,126.85947273216,A,public observation
2016-01-18,05454500,"Iowa River at Iowa City, IA",4280.0,121.19610341376,A,public observation
2016-01-19,05454500,"Iowa River at Iowa City, IA",3340.0,94.57826761728,A,public observation
2016-01-20,05454500,"Iowa River at Iowa City, IA",2770.0,78.43766505984,A,public observation
2016-01-21,05454500,"Iowa River at Iowa City, IA",2560.0,72.49112727552,A,public observation
2016-01-22,05454500,"Iowa River at Iowa City, IA",2380.0,67.39409488896,A,public observation
2016-01-23,05454500,"Iowa River at Iowa City, IA",2390.0,67.67726335488,A,public observation
2016-01-24,05454500,"Iowa River at Iowa City, IA",2710.0,76.73865426432,A,public observation
2016-01-25,05454500,"Iowa River at Iowa City, IA",3100.0,87.7822244352,A,public observation
2016-01-26,05454500,"Iowa River at Iowa City, IA",3090.0,87.49905596928001,A,public observation
2016-01-27,05454500,"Iowa River at Iowa City, IA",3100.0,87.7822244352,A,public observation
2016-01-28,05454500,"Iowa River at Iowa City, IA",3100.0,87.7822244352,A,public observation
2016-01-29,05454500,"Iowa River at Iowa City, IA",3110.0,88.06539290112,A,public observation
2016-01-30,05454500,"Iowa River at Iowa City, IA",3120.0,88.34856136704,A,public observation
2016-01-31,05454500,"Iowa River at Iowa City, IA",3240.0,91.74658295808,A,public observation
2016-02-01,05454500,"Iowa River at Iowa City, IA",3740.0,105.90500625408,A,public observation
2016-02-02,05454500,"Iowa River at Iowa City, IA",4120.0,116.66540795904001,A,public observation
2016-02-03,05454500,"Iowa River at Iowa City, IA",5000.0,141.58423296,A,public observation
2016-02-04,05454500,"Iowa River at Iowa City, IA",4300.0,121.7624403456,A,public observation
2016-02-05,05454500,"Iowa River at Iowa City, IA",4020.0,113.83372329984,A,public observation
2016-02-06,05454500,"Iowa River at Iowa City, IA",3820.0,108.17035398144,A,public observation
2016-02-07,05454500,"Iowa River at Iowa City, IA",3270.0,92.59608835584,A,public observation
2016-02-08,05454500,"Iowa River at Iowa City, IA",2960.0,83.81786591232,A,public observation
2016-02-09,05454500,"Iowa River at Iowa City, IA",2830.0,80.13667585536,A,public observation
2016-02-10,05454500,"Iowa River at Iowa City, IA",2880.0,81.55251818496001,A,public observation
2016-02-11,05454500,"Iowa River at Iowa City, IA",2610.0,73.90696960512,A,public observation
2016-02-12,05454500,"Iowa River at Iowa City, IA",2010.0,56.91686164992,A,public observation
2016-02-13,05454500,"Iowa River at Iowa City, IA",1720.0,48.70497613824,A,public observation
2016-02-14,05454500,"Iowa River at Iowa City, IA",1720.0,48.70497613824,A,public observation
2016-02-15,05454500,"Iowa River at Iowa City, IA",1720.0,48.70497613824,A,public observation
2016-02-16,05454500,"Iowa River at Iowa City, IA",1720.0,48.70497613824,A,public observation
2016-02-17,05454500,"Iowa River at Iowa City, IA",1720.0,48.70497613824,A,public observation
2016-02-18,05454500,"Iowa River at Iowa City, IA",2010.0,56.91686164992,A,public observation
2016-02-19,05454500,"Iowa River at Iowa City, IA",3090.0,87.49905596928001,A,public observation
2016-02-20,05454500,"Iowa River at Iowa City, IA",4280.0,121.19610341376,A,public observation
2016-02-21,05454500,"Iowa River at Iowa City, IA",5360.0,151.77829773312,A,public observation
2016-02-22,05454500,"Iowa River at Iowa City, IA",6490.0,183.77633438208,A,public observation
2016-02-23,05454500,"Iowa River at Iowa City, IA",7850.0,222.28724574720002,A,public observation
2016-02-24,05454500,"Iowa River at Iowa City, IA",8510.0,240.97636449792,A,public observation
2016-02-25,05454500,"Iowa River at Iowa City, IA",8470.0,239.84369063424,A,public observation
2016-02-26,05454500,"Iowa River at Iowa City, IA",8410.0,238.14467983872,A,public observation
2016-02-27,05454500,"Iowa River at Iowa City, IA",8320.0,235.59616364544001,A,public observation
2016-02-28,05454500,"Iowa River at Iowa City, IA",7790.0,220.58823495168,A,public observation
2016-02-29,05454500,"Iowa River at Iowa City, IA",6660.0,188.59019830272,A,public observation
2016-03-01,05454500,"Iowa River at Iowa City, IA",6630.0,187.74069290496,A,public observation
2016-03-02,05454500,"Iowa River at Iowa City, IA",6770.0,191.70505142784,A,public observation
2016-03-03,05454500,"Iowa River at Iowa City, IA",6040.0,171.03375341568,A,public observation
2016-03-04,05454500,"Iowa River at Iowa City, IA",5820.0,164.80404716544,A,public observation
2016-03-05,05454500,"Iowa River at Iowa City, IA",5520.0,156.30899318784,A,public observation
2016-03-06,05454500,"Iowa River at Iowa City, IA",4710.0,133.37234744832,A,public observation
2016-03-07,05454500,"Iowa River at Iowa City, IA",3980.0,112.70104943616,A,public observation
2016-03-08,05454500,"Iowa River at Iowa City, IA",4130.0,116.94857642496001,A,public observation
2016-03-09,05454500,"Iowa River at Iowa City, IA",4420.0,125.16046193664,A,public observation
2016-03-10,05454500,"Iowa River at Iowa City, IA",4410.0,124.87729347072,A,public observation
2016-03-11,05454500,"Iowa River at Iowa City, IA",4150.0,117.51491335680001,A,public observation
2016-03-12,05454500,"Iowa River at Iowa City, IA",4080.0,115.53273409536,A,public observation
2016-03-13,05454500,"Iowa River at Iowa City, IA",4150.0,117.51491335680001,A,public observation
2016-03-14,05454500,"Iowa River at Iowa City, IA",4140.0,117.23174489088001,A,public observation
2016-03-15,05454500,"Iowa River at Iowa City, IA",4170.0,118.08125028864,A,public observation
2016-03-16,05454500,"Iowa River at Iowa City, IA",4580.0,129.69115739136,A:e,public observation
2016-03-17,05454500,"Iowa River at Iowa City, IA",4340.0,122.89511420928001,A,public observation
2016-03-18,05454500,"Iowa River at Iowa City, IA",4070.0,115.24956562944,A,public observation
2016-03-19,05454500,"Iowa River at Iowa City, IA",4380.0,124.02778807296,A,public observation
2016-03-20,05454500,"Iowa River at Iowa City, IA",4560.0,129.12482045952,A,public observation
2016-03-21,05454500,"Iowa River at Iowa City, IA",4600.0,130.2574943232,A,public observation
2016-03-22,05454500,"Iowa River at Iowa City, IA",4310.0,122.04560881152,A,public observation
2016-03-23,05454500,"Iowa River at Iowa City, IA",4140.0,117.23174489088001,A,public observation
2016-03-24,05454500,"Iowa River at Iowa City, IA",4410.0,124.87729347072,A,public observation
2016-03-25,05454500,"Iowa River at Iowa City, IA",4130.0,116.94857642496001,A,public observation
2016-03-26,05454500,"Iowa River at Iowa City, IA",3820.0,108.17035398144,A,public observation
2016-03-27,05454500,"Iowa River at Iowa City, IA",4210.0,119.21392415232,A,public observation
2016-03-28,05454500,"Iowa River at Iowa City, IA",4230.0,119.78026108416,A,public observation
2016-03-29,05454500,"Iowa River at Iowa City, IA",4160.0,117.79808182272001,A,public observation
2016-03-30,05454500,"Iowa River at Iowa City, IA",4110.0,116.38223949312,A,public observation
2016-03-31,05454500,"Iowa River at Iowa City, IA",4080.0,115.53273409536,A,public observation
2016-04-01,05454500,"Iowa River at Iowa City, IA",4130.0,116.94857642496001,A,public observation
2016-04-02,05454500,"Iowa River at Iowa City, IA",4320.0,122.32877727744,A,public observation
2016-04-03,05454500,"Iowa River at Iowa City, IA",4380.0,124.02778807296,A,public observation
2016-04-04,05454500,"Iowa River at Iowa City, IA",4290.0,121.47927187968,A,public observation
2016-04-05,05454500,"Iowa River at Iowa City, IA",4460.0,126.29313580032,A,public observation
2016-04-06,05454500,"Iowa River at Iowa City, IA",4890.0,138.46937983488002,A,public observation
2016-04-07,05454500,"Iowa River at Iowa City, IA",5160.0,146.11492841472,A,public observation
2016-04-08,05454500,"Iowa River at Iowa City, IA",5250.0,148.663444608,A,public observation
2016-04-09,05454500,"Iowa River at Iowa City, IA",4880.0,138.18621136896002,A,public observation
2016-04-10,05454500,"Iowa River at Iowa City, IA",4560.0,129.12482045952,A,public observation
2016-04-11,05454500,"Iowa River at Iowa City, IA",4550.0,128.8416519936,A,public observation
2016-04-12,05454500,"Iowa River at Iowa City, IA",4090.0,115.81590256128,A,public observation
2016-04-13,05454500,"Iowa River at Iowa City, IA",3350.0,94.8614360832,A,public observation
2016-04-14,05454500,"Iowa River at Iowa City, IA",3210.0,90.89707756032,A,public observation
2016-04-15,05454500,"Iowa River at Iowa City, IA",3050.0,86.3663821056,A,public observation
2016-04-16,05454500,"Iowa River at Iowa City, IA",2860.0,80.98618125312001,A,public observation
2016-04-17,05454500,"Iowa River at Iowa City, IA",2760.0,78.15449659392,A,public observation
2016-04-18,05454500,"Iowa River at Iowa City, IA",2760.0,78.15449659392,A,public observation
2016-04-19,05454500,"Iowa River at Iowa City, IA",2750.0,77.871328128,A,public observation
2016-04-20,05454500,"Iowa River at Iowa City, IA",2750.0,77.871328128,A,public observation
2016-04-21,05454500,"Iowa River at Iowa City, IA",2740.0,77.58815966208,A,public observation
2016-04-22,05454500,"Iowa River at Iowa City, IA",2730.0,77.30499119616,A,public observation
2016-04-23,05454500,"Iowa River at Iowa City, IA",2650.0,75.03964346880001,A,public observation
2016-04-24,05454500,"Iowa River at Iowa City, IA",2480.0,70.22577954816,A,public observation
2016-04-25,05454500,"Iowa River at Iowa City, IA",2390.0,67.67726335488,A,public observation
2016-04-26,05454500,"Iowa River at Iowa City, IA",2380.0,67.39409488896,A,public observation
2016-04-27,05454500,"Iowa River at Iowa City, IA",2300.0,65.1287471616,A,public observation
2016-04-28,05454500,"Iowa River at Iowa City, IA",2510.0,71.07528494592,A,public observation
2016-04-29,05454500,"Iowa River at Iowa City, IA",2520.0,71.35845341184,A,public observation
2016-04-30,05454500,"Iowa River at Iowa City, IA",2370.0,67.11092642304,A,public observation
2016-05-01,05454500,"Iowa River at Iowa City, IA",2920.0,82.68519204864,A,public observation
2016-05-02,05454500,"Iowa River at Iowa City, IA",3370.0,95.42777301504,A,public observation
2016-05-03,05454500,"Iowa River at Iowa City, IA",3400.0,96.2772784128,A,public observation
2016-05-04,05454500,"Iowa River at Iowa City, IA",3890.0,110.15253324288,A,public observation
2016-05-05,05454500,"Iowa River at Iowa City, IA",4230.0,119.78026108416,A,public observation
2016-05-06,05454500,"Iowa River at Iowa City, IA",4230.0,119.78026108416,A,public observation
2016-05-07,05454500,"Iowa River at Iowa City, IA",4210.0,119.21392415232,A,public observation
2016-05-08,05454500,"Iowa River at Iowa City, IA",4020.0,113.83372329984,A,public observation
2016-05-09,05454500,"Iowa River at Iowa City, IA",4080.0,115.53273409536,A,public observation
2016-05-10,05454500,"Iowa River at Iowa City, IA",4480.0,126.85947273216,A,public observation
2016-05-11,05454500,"Iowa River at Iowa City, IA",4080.0,115.53273409536,A,public observation
2016-05-12,05454500,"Iowa River at Iowa City, IA",4030.0,114.11689176576,A,public observation
2016-05-13,05454500,"Iowa River at Iowa City, IA",3690.0,104.48916392448,A,public observation
2016-05-14,05454500,"Iowa River at Iowa City, IA",3350.0,94.8614360832,A,public observation
2016-05-15,05454500,"Iowa River at Iowa City, IA",3230.0,91.46341449216,A,public observation
2016-05-16,05454500,"Iowa River at Iowa City, IA",2870.0,81.26934971904001,A,public observation
2016-05-17,05454500,"Iowa River at Iowa City, IA",2340.0,66.26142102528,A,public observation
2016-05-18,05454500,"Iowa River at Iowa City, IA",1780.0,50.40398693376,A,public observation
2016-05-19,05454500,"Iowa River at Iowa City, IA",1350.0,38.2277428992,A,public observation
2016-05-20,05454500,"Iowa River at Iowa City, IA",1240.0,35.11288977408,A,public observation
2016-05-21,05454500,"Iowa River at Iowa City, IA",1640.0,46.439628410880005,A,public observation
2016-05-22,05454500,"Iowa River at Iowa City, IA",2120.0,60.03171477504,A,public observation
2016-05-23,05454500,"Iowa River at Iowa City, IA",2220.0,62.86339943424,A,public observation
2016-05-24,05454500,"Iowa River at Iowa City, IA",2220.0,62.86339943424,A,public observation
2016-05-25,05454500,"Iowa River at Iowa City, IA",2220.0,62.86339943424,A,public observation
2016-05-26,05454500,"Iowa River at Iowa City, IA",2230.0,63.14656790016,A,public observation
2016-05-27,05454500,"Iowa River at Iowa City, IA",2260.0,63.99607329792,A,public observation
2016-05-28,05454500,"Iowa River at Iowa City, IA",3530.0,99.95846846976,A,public observation
2016-05-29,05454500,"Iowa River at Iowa City, IA",3960.0,112.13471250432,A,public observation
2016-05-30,05454500,"Iowa River at Iowa City, IA",3370.0,95.42777301504,A,public observation
2016-05-31,05454500,"Iowa River at Iowa City, IA",3260.0,92.31291988992,A,public observation
2016-06-01,05454500,"Iowa River at Iowa City, IA",3680.0,104.20599545856,A,public observation
2016-06-02,05454500,"Iowa River at Iowa City, IA",3990.0,112.98421790208,A,public observation
2016-06-03,05454500,"Iowa River at Iowa City, IA",3980.0,112.70104943616,A,public observation
2016-06-04,05454500,"Iowa River at Iowa City, IA",4020.0,113.83372329984,A,public observation
2016-06-05,05454500,"Iowa River at Iowa City, IA",3980.0,112.70104943616,A,public observation
2016-06-06,05454500,"Iowa River at Iowa City, IA",3960.0,112.13471250432,A,public observation
2016-06-07,05454500,"Iowa River at Iowa City, IA",4220.0,119.49709261824,A,public observation
2016-06-08,05454500,"Iowa River at Iowa City, IA",4820.0,136.48720057344,A,public observation
2016-06-09,05454500,"Iowa River at Iowa City, IA",5380.0,152.34463466496,A,public observation
2016-06-10,05454500,"Iowa River at Iowa City, IA",5370.0,152.06146619904,A,public observation
2016-06-11,05454500,"Iowa River at Iowa City, IA",4820.0,136.48720057344,A,public observation
2016-06-12,05454500,"Iowa River at Iowa City, IA",4220.0,119.49709261824,A,public observation
2016-06-13,05454500,"Iowa River at Iowa City, IA",4170.0,118.08125028864,A,public observation
2016-06-14,05454500,"Iowa River at Iowa City, IA",3900.0,110.4357017088,A,public observation
2016-06-15,05454500,"Iowa River at Iowa City, IA",4160.0,117.79808182272001,A,public observation
2016-06-16,05454500,"Iowa River at Iowa City, IA",3980.0,112.70104943616,A,public observation
2016-06-17,05454500,"Iowa River at Iowa City, IA",3190.0,90.33074062848,A,public observation
2016-06-18,05454500,"Iowa River at Iowa City, IA",2900.0,82.1188551168,A,public observation
2016-06-19,05454500,"Iowa River at Iowa City, IA",2890.0,81.83568665088,A,public observation
2016-06-20,05454500,"Iowa River at Iowa City, IA",2880.0,81.55251818496001,A,public observation
2016-06-21,05454500,"Iowa River at Iowa City, IA",2790.0,79.00400199168,A,public observation
2016-06-22,05454500,"Iowa River at Iowa City, IA",6300.0,178.3961335296,A,public observation
2016-06-23,05454500,"Iowa River at Iowa City, IA",6730.0,190.57237756416,A:e,public observation
2016-06-24,05454500,"Iowa River at Iowa City, IA",5600.0,158.5743409152,A:e,public observation
2016-06-25,05454500,"Iowa River at Iowa City, IA",5140.0,145.54859148288,A,public observation
2016-06-26,05454500,"Iowa River at Iowa City, IA",5480.0,155.17631932416,A,public observation
2016-06-27,05454500,"Iowa River at Iowa City, IA",3840.0,108.73669091328,A,public observation
2016-06-28,05454500,"Iowa River at Iowa City, IA",2940.0,83.25152898048,A,public observation
2016-06-29,05454500,"Iowa River at Iowa City, IA",2690.0,76.17231733248,A,public observation
2016-06-30,05454500,"Iowa River at Iowa City, IA",2860.0,80.98618125312001,A,public observation
2016-07-01,05454500,"Iowa River at Iowa City, IA",2790.0,79.00400199168,A,public observation
2016-07-02,05454500,"Iowa River at Iowa City, IA",2570.0,72.77429574144,A,public observation
2016-07-03,05454500,"Iowa River at Iowa City, IA",2420.0,68.52676875264,A,public observation
2016-07-04,05454500,"Iowa River at Iowa City, IA",2410.0,68.24360028672,A,public observation
2016-07-05,05454500,"Iowa River at Iowa City, IA",2410.0,68.24360028672,A,public observation
2016-07-06,05454500,"Iowa River at Iowa City, IA",2440.0,69.09310568448001,A,public observation
2016-07-07,05454500,"Iowa River at Iowa City, IA",2420.0,68.52676875264,A,public observation
2016-07-08,05454500,"Iowa River at Iowa City, IA",1990.0,56.35052471808,A,public observation
2016-07-09,05454500,"Iowa River at Iowa City, IA",1580.0,44.74061761536,A,public observation
2016-07-10,05454500,"Iowa River at Iowa City, IA",1490.0,42.19210142208,A,public observation
2016-07-11,05454500,"Iowa River at Iowa City, IA",1500.0,42.475269888,A,public observation
2016-07-12,05454500,"Iowa River at Iowa City, IA",1680.0,47.57230227456,A,public observation
2016-07-13,05454500,"Iowa River at Iowa City, IA",2000.0,56.633693184,A,public observation
2016-07-14,05454500,"Iowa River at Iowa City, IA",2320.0,65.69508409344,A,public observation
2016-07-15,05454500,"Iowa River at Iowa City, IA",2100.0,59.4653778432,A,public observation
2016-07-16,05454500,"Iowa River at Iowa City, IA",2010.0,56.91686164992,A,public observation
2016-07-17,05454500,"Iowa River at Iowa City, IA",2060.0,58.332703979520005,A,public observation
2016-07-18,05454500,"Iowa River at Iowa City, IA",2060.0,58.332703979520005,A,public observation
2016-07-19,05454500,"Iowa River at Iowa City, IA",1920.0,54.36834545664,A,public observation
2016-07-20,05454500,"Iowa River at Iowa City, IA",1820.0,51.53666079744,A,public observation
2016-07-21,05454500,"Iowa River at Iowa City, IA",1790.0,50.68715539968,A,public observation
2016-07-22,05454500,"Iowa River at Iowa City, IA",2810.0,79.57033892352,A,public observation
2016-07-23,05454500,"Iowa River at Iowa City, IA",2760.0,78.15449659392,A,public observation
2016-07-24,05454500,"Iowa River at Iowa City, IA",3400.0,96.2772784128,A,public observation
2016-07-25,05454500,"Iowa River at Iowa City, IA",3700.0,104.77233239040001,A,public observation
2016-07-26,05454500,"Iowa River at Iowa City, IA",3320.0,94.01193068544,A,public observation
2016-07-27,05454500,"Iowa River at Iowa City, IA",2790.0,79.00400199168,A,public observation
2016-07-28,05454500,"Iowa River at Iowa City, IA",2170.0,61.447557104640005,A,public observation
2016-07-29,05454500,"Iowa River at Iowa City, IA",1840.0,52.10299772928,A,public observation
2016-07-30,05454500,"Iowa River at Iowa City, IA",1660.0,47.00596534272,A,public observation
2016-07-31,05454500,"Iowa River at Iowa City, IA",1650.0,46.722796876800004,A,public observation
2016-08-01,05454500,"Iowa River at Iowa City, IA",1640.0,46.439628410880005,A,public observation
2016-08-02,05454500,"Iowa River at Iowa City, IA",1550.0,43.8911122176,A,public observation
2016-08-03,05454500,"Iowa River at Iowa City, IA",1460.0,41.34259602432,A,public observation
2016-08-04,05454500,"Iowa River at Iowa City, IA",1300.0,36.8119005696,A,public observation
2016-08-05,05454500,"Iowa River at Iowa City, IA",1460.0,41.34259602432,A,public observation
2016-08-06,05454500,"Iowa River at Iowa City, IA",1580.0,44.74061761536,A,public observation
2016-08-07,05454500,"Iowa River at Iowa City, IA",1760.0,49.837650001920004,A,public observation
2016-08-08,05454500,"Iowa River at Iowa City, IA",1790.0,50.68715539968,A,public observation
2016-08-09,05454500,"Iowa River at Iowa City, IA",1590.0,45.02378608128,A,public observation
2016-08-10,05454500,"Iowa River at Iowa City, IA",1450.0,41.0594275584,A,public observation
2016-08-11,05454500,"Iowa River at Iowa City, IA",1370.0,38.79407983104,A,public observation
2016-08-12,05454500,"Iowa River at Iowa City, IA",3470.0,98.25945767424,A,public observation
2016-08-13,05454500,"Iowa River at Iowa City, IA",2200.0,62.2970625024,A,public observation
2016-08-14,05454500,"Iowa River at Iowa City, IA",4720.0,133.65551591424,A,public observation
2016-08-15,05454500,"Iowa River at Iowa City, IA",6420.0,181.79415512064,A,public observation
2016-08-16,05454500,"Iowa River at Iowa City, IA",6420.0,181.79415512064,A,public observation
2016-08-17,05454500,"Iowa River at Iowa City, IA",6340.0,179.52880739328,A,public observation
2016-08-18,05454500,"Iowa River at Iowa City, IA",6140.0,173.86543807488002,A:e,public observation
2016-08-19,05454500,"Iowa River at Iowa City, IA",5450.0,154.3268139264,A:e,public observation
2016-08-20,05454500,"Iowa River at Iowa City, IA",4740.0,134.22185284608,A,public observation
2016-08-21,05454500,"Iowa River at Iowa City, IA",3560.0,100.80797386752,A,public observation
2016-08-22,05454500,"Iowa River at Iowa City, IA",2370.0,67.11092642304,A,public observation
2016-08-23,05454500,"Iowa River at Iowa City, IA",2630.0,74.47330653696,A,public observation
2016-08-24,05454500,"Iowa River at Iowa City, IA",3900.0,110.4357017088,A,public observation
2016-08-25,05454500,"Iowa River at Iowa City, IA",4310.0,122.04560881152,A,public observation
2016-08-26,05454500,"Iowa River at Iowa City, IA",3490.0,98.82579460608001,A,public observation
2016-08-27,05454500,"Iowa River at Iowa City, IA",2840.0,80.41984432128,A,public observation
2016-08-28,05454500,"Iowa River at Iowa City, IA",2900.0,82.1188551168,A,public observation
2016-08-29,05454500,"Iowa River at Iowa City, IA",2550.0,72.2079588096,A,public observation
2016-08-30,05454500,"Iowa River at Iowa City, IA",2200.0,62.2970625024,A,public observation
2016-08-31,05454500,"Iowa River at Iowa City, IA",2250.0,63.712904832,A,public observation
2016-09-01,05454500,"Iowa River at Iowa City, IA",2460.0,69.65944261632,A,public observation
2016-09-02,05454500,"Iowa River at Iowa City, IA",2450.0,69.37627415040001,A,public observation
2016-09-03,05454500,"Iowa River at Iowa City, IA",2440.0,69.09310568448001,A,public observation
2016-09-04,05454500,"Iowa River at Iowa City, IA",2440.0,69.09310568448001,A,public observation
2016-09-05,05454500,"Iowa River at Iowa City, IA",2400.0,67.9604318208,A,public observation
2016-09-06,05454500,"Iowa River at Iowa City, IA",2350.0,66.5445894912,A,public observation
2016-09-07,05454500,"Iowa River at Iowa City, IA",2490.0,70.50894801408,A,public observation
2016-09-08,05454500,"Iowa River at Iowa City, IA",3110.0,88.06539290112,A,public observation
2016-09-09,05454500,"Iowa River at Iowa City, IA",3750.0,106.18817472,A,public observation
2016-09-10,05454500,"Iowa River at Iowa City, IA",4100.0,116.0990710272,A,public observation
2016-09-11,05454500,"Iowa River at Iowa City, IA",4180.0,118.36441875456,A,public observation
2016-09-12,05454500,"Iowa River at Iowa City, IA",3550.0,100.5248054016,A,public observation
2016-09-13,05454500,"Iowa River at Iowa City, IA",3290.0,93.16242528768001,A,public observation
2016-09-14,05454500,"Iowa River at Iowa City, IA",3700.0,104.77233239040001,A,public observation
2016-09-15,05454500,"Iowa River at Iowa City, IA",3700.0,104.77233239040001,A,public observation
2016-09-16,05454500,"Iowa River at Iowa City, IA",3970.0,112.41788097024,A,public observation
2016-09-17,05454500,"Iowa River at Iowa City, IA",5170.0,146.39809688064,A,public observation
2016-09-18,05454500,"Iowa River at Iowa City, IA",5850.0,165.6535525632,A,public observation
2016-09-19,05454500,"Iowa River at Iowa City, IA",5860.0,165.93672102912,A,public observation
2016-09-20,05454500,"Iowa River at Iowa City, IA",5870.0,166.21988949504,A,public observation
2016-09-21,05454500,"Iowa River at Iowa City, IA",6050.0,171.3169218816,A,public observation
2016-09-22,05454500,"Iowa River at Iowa City, IA",6370.0,180.37831279104,A,public observation
2016-09-23,05454500,"Iowa River at Iowa City, IA",7240.0,205.01396932608,A,public observation
2016-09-24,05454500,"Iowa River at Iowa City, IA",7270.0,205.86347472384,A,public observation
2016-09-25,05454500,"Iowa River at Iowa City, IA",6780.0,191.98821989376,A,public observation
2016-09-26,05454500,"Iowa River at Iowa City, IA",6650.0,188.3070298368,A,public observation
2016-09-27,05454500,"Iowa River at Iowa City, IA",6560.0,185.75851364352002,A,public observation
2016-09-28,05454500,"Iowa River at Iowa City, IA",4570.0,129.40798892544,A,public observation
2016-09-29,05454500,"Iowa River at Iowa City, IA",1230.0,34.82972130816,A,public observation
2016-09-30,05454500,"Iowa River at Iowa City, IA",1230.0,34.82972130816,A,public observation
2016-10-01,05454500,"Iowa River at Iowa City, IA",1240.0,35.11288977408,A,public observation
2016-10-02,05454500,"Iowa River at Iowa City, IA",1240.0,35.11288977408,A,public observation
2016-10-03,05454500,"Iowa River at Iowa City, IA",2090.0,59.18220937728,A,public observation
2016-10-04,05454500,"Iowa River at Iowa City, IA",4330.0,122.61194574336001,A,public observation
2016-10-05,05454500,"Iowa River at Iowa City, IA",6260.0,177.26345966592,A,public observation
2016-10-06,05454500,"Iowa River at Iowa City, IA",6340.0,179.52880739328,A,public observation
2016-10-07,05454500,"Iowa River at Iowa City, IA",6390.0,180.94464972288,A,public observation
2016-10-08,05454500,"Iowa River at Iowa City, IA",6410.0,181.51098665472,A,public observation
2016-10-09,05454500,"Iowa River at Iowa City, IA",6460.0,182.92682898432,A,public observation
2016-10-10,05454500,"Iowa River at Iowa City, IA",6500.0,184.059502848,A,public observation
2016-10-11,05454500,"Iowa River at Iowa City, IA",6540.0,185.19217671168,A,public observation
2016-10-12,05454500,"Iowa River at Iowa City, IA",6340.0,179.52880739328,A,public observation
2016-10-13,05454500,"Iowa River at Iowa City, IA",6190.0,175.28128040448001,A,public observation
2016-10-14,05454500,"Iowa River at Iowa City, IA",6280.0,177.82979659776,A,public observation
2016-10-15,05454500,"Iowa River at Iowa City, IA",6320.0,178.96247046144,A,public observation
2016-10-16,05454500,"Iowa River at Iowa City, IA",6340.0,179.52880739328,A,public observation
2016-10-17,05454500,"Iowa River at Iowa City, IA",6300.0,178.3961335296,A,public observation
2016-10-18,05454500,"Iowa River at Iowa City, IA",6260.0,177.26345966592,A,public observation
2016-10-19,05454500,"Iowa River at Iowa City, IA",6220.0,176.13078580224,A,public observation
2016-10-20,05454500,"Iowa River at Iowa City, IA",6280.0,177.82979659776,A,public observation
2016-10-21,05454500,"Iowa River at Iowa City, IA",6400.0,181.2278181888,A,public observation
2016-10-22,05454500,"Iowa River at Iowa City, IA",6360.0,180.09514432512,A,public observation
2016-10-23,05454500,"Iowa River at Iowa City, IA",6320.0,178.96247046144,A,public observation
2016-10-24,05454500,"Iowa River at Iowa City, IA",6270.0,177.54662813184,A,public observation
2016-10-25,05454500,"Iowa River at Iowa City, IA",6330.0,179.24563892736,A,public observation
2016-10-26,05454500,"Iowa River at Iowa City, IA",6600.0,186.89118750720002,A,public observation
2016-10-27,05454500,"Iowa River at Iowa City, IA",6550.0,185.47534517760002,A,public observation
2016-10-28,05454500,"Iowa River at Iowa City, IA",6400.0,181.2278181888,A,public observation
2016-10-29,05454500,"Iowa River at Iowa City, IA",6340.0,179.52880739328,A,public observation
2016-10-30,05454500,"Iowa River at Iowa City, IA",6370.0,180.37831279104,A,public observation
2016-10-31,05454500,"Iowa River at Iowa City, IA",6410.0,181.51098665472,A,public observation
2016-11-01,05454500,"Iowa River at Iowa City, IA",6340.0,179.52880739328,A,public observation
2016-11-02,05454500,"Iowa River at Iowa City, IA",6280.0,177.82979659776,A,public observation
2016-11-03,05454500,"Iowa River at Iowa City, IA",5910.0,167.35256335872,A,public observation
2016-11-04,05454500,"Iowa River at Iowa City, IA",5520.0,156.30899318784,A,public observation
2016-11-05,05454500,"Iowa River at Iowa City, IA",5480.0,155.17631932416,A,public observation
2016-11-06,05454500,"Iowa River at Iowa City, IA",5130.0,145.26542301696,A,public observation
2016-11-07,05454500,"Iowa River at Iowa City, IA",3880.0,109.86936477696,A,public observation
2016-11-08,05454500,"Iowa River at Iowa City, IA",3000.0,84.950539776,A,public observation
2016-11-09,05454500,"Iowa River at Iowa City, IA",3000.0,84.950539776,A,public observation
2016-11-10,05454500,"Iowa River at Iowa City, IA",2520.0,71.35845341184,A,public observation
2016-11-11,05454500,"Iowa River at Iowa City, IA",2130.0,60.31488324096,A,public observation
2016-11-12,05454500,"Iowa River at Iowa City, IA",2370.0,67.11092642304,A,public observation
2016-11-13,05454500,"Iowa River at Iowa City, IA",2370.0,67.11092642304,A,public observation
2016-11-14,05454500,"Iowa River at Iowa City, IA",2370.0,67.11092642304,A,public observation
2016-11-15,05454500,"Iowa River at Iowa City, IA",2370.0,67.11092642304,A,public observation
2016-11-16,05454500,"Iowa River at Iowa City, IA",2360.0,66.82775795712,A,public observation
2016-11-17,05454500,"Iowa River at Iowa City, IA",2070.0,58.615872445440004,A,public observation
2016-11-18,05454500,"Iowa River at Iowa City, IA",1740.0,49.27131307008,A,public observation
2016-11-19,05454500,"Iowa River at Iowa City, IA",1670.0,47.28913380864,A,public observation
2016-11-20,05454500,"Iowa River at Iowa City, IA",1890.0,53.51884005888,A,public observation
2016-11-21,05454500,"Iowa River at Iowa City, IA",2110.0,59.74854630912,A,public observation
2016-11-22,05454500,"Iowa River at Iowa City, IA",2010.0,56.91686164992,A,public observation
2016-11-23,05454500,"Iowa River at Iowa City, IA",2100.0,59.4653778432,A,public observation
2016-11-24,05454500,"Iowa River at Iowa City, IA",2180.0,61.730725570560004,A,public observation
2016-11-25,05454500,"Iowa River at Iowa City, IA",1960.0,55.501019320320005,A,public observation
2016-11-26,05454500,"Iowa River at Iowa City, IA",1820.0,51.53666079744,A,public observation
2016-11-27,05454500,"Iowa River at Iowa City, IA",1860.0,52.669334661120004,A,public observation
2016-11-28,05454500,"Iowa River at Iowa City, IA",2040.0,57.76636704768,A,public observation
2016-11-29,05454500,"Iowa River at Iowa City, IA",967.0,27.382390654464,A,public observation
2016-11-30,05454500,"Iowa River at Iowa City, IA",1770.0,50.12081846784,A,public observation
2016-12-01,05454500,"Iowa River at Iowa City, IA",2930.0,82.96836051456,A,public observation
2016-12-02,05454500,"Iowa River at Iowa City, IA",3290.0,93.16242528768001,A,public observation
2016-12-03,05454500,"Iowa River at Iowa City, IA",3280.0,92.87925682176001,A,public observation
2016-12-04,05454500,"Iowa River at Iowa City, IA",2880.0,81.55251818496001,A,public observation
2016-12-05,05454500,"Iowa River at Iowa City, IA",2500.0,70.79211648,A,public observation
2016-12-06,05454500,"Iowa River at Iowa City, IA",2540.0,71.92479034368,A,public observation
2016-12-07,05454500,"Iowa River at Iowa City, IA",2590.0,73.34063267328,A,public observation
2016-12-08,05454500,"Iowa River at Iowa City, IA",2560.0,72.49112727552,A,public observation
2016-12-09,05454500,"Iowa River at Iowa City, IA",2600.0,73.6238011392,A,public observation
2016-12-10,05454500,"Iowa River at Iowa City, IA",2980.0,84.38420284416,A,public observation
2016-12-11,05454500,"Iowa River at Iowa City, IA",2280.0,64.56241022976,A,public observation
2016-12-12,05454500,"Iowa River at Iowa City, IA",1310.0,37.09506903552,A,public observation
2016-12-13,05454500,"Iowa River at Iowa City, IA",3920.0,111.00203864064001,A,public observation
2016-12-14,05454500,"Iowa River at Iowa City, IA",3910.0,110.71887017472001,A,public observation
2016-12-15,05454500,"Iowa River at Iowa City, IA",3300.0,93.44559375360001,A,public observation
2016-12-16,05454500,"Iowa River at Iowa City, IA",2210.0,62.58023096832,A,public observation
2016-12-17,05454500,"Iowa River at Iowa City, IA",1670.0,47.28913380864,A,public observation
2016-12-18,05454500,"Iowa River at Iowa City, IA",1490.0,42.19210142208,A,public observation
2016-12-19,05454500,"Iowa River at Iowa City, IA",1300.0,36.8119005696,A,public observation
2016-12-20,05454500,"Iowa River at Iowa City, IA",1240.0,35.11288977408,A,public observation
2016-12-21,05454500,"Iowa River at Iowa City, IA",1520.0,43.04160681984,A,public observation
2016-12-22,05454500,"Iowa River at Iowa City, IA",2000.0,56.633693184,A,public observation
2016-12-23,05454500,"Iowa River at Iowa City, IA",1960.0,55.501019320320005,A,public observation
2016-12-24,05454500,"Iowa River at Iowa City, IA",1920.0,54.36834545664,A,public observation
2016-12-25,05454500,"Iowa River at Iowa City, IA",2070.0,58.615872445440004,A,public observation
2016-12-26,05454500,"Iowa River at Iowa City, IA",2820.0,79.85350738944,A,public observation
2016-12-27,05454500,"Iowa River at Iowa City, IA",3680.0,104.20599545856,A,public observation
2016-12-28,05454500,"Iowa River at Iowa City, IA",4270.0,120.91293494784,A,public observation
2016-12-29,05454500,"Iowa River at Iowa City, IA",4240.0,120.06342955008,A,public observation
2016-12-30,05454500,"Iowa River at Iowa City, IA",4080.0,115.53273409536,A,public observation
2016-12-31,05454500,"Iowa River at Iowa City, IA",3570.0,101.09114233344,A,public observation
2017-01-01,05454500,"Iowa River at Iowa City, IA",3060.0,86.64955057152,A,public observation
2017-01-02,05454500,"Iowa River at Iowa City, IA",2770.0,78.43766505984,A,public observation
2017-01-03,05454500,"Iowa River at Iowa City, IA",2530.0,71.64162187776,A,public observation
2017-01-04,05454500,"Iowa River at Iowa City, IA",2160.0,61.16438863872,A,public observation
2017-01-05,05454500,"Iowa River at Iowa City, IA",2200.0,62.2970625024,A,public observation
2017-01-06,05454500,"Iowa River at Iowa City, IA",2210.0,62.58023096832,A,public observation
2017-01-07,05454500,"Iowa River at Iowa City, IA",2170.0,61.447557104640005,A,public observation
2017-01-08,05454500,"Iowa River at Iowa City, IA",2030.0,57.48319858176,A,public observation
2017-01-09,05454500,"Iowa River at Iowa City, IA",1830.0,51.81982926336,A,public observation
2017-01-10,05454500,"Iowa River at Iowa City, IA",1700.0,48.1386392064,A,public observation
2017-01-11,05454500,"Iowa River at Iowa City, IA",1640.0,46.439628410880005,A,public observation
2017-01-12,05454500,"Iowa River at Iowa City, IA",1890.0,53.51884005888,A,public observation
2017-01-13,05454500,"Iowa River at Iowa City, IA",2210.0,62.58023096832,A,public observation
2017-01-14,05454500,"Iowa River at Iowa City, IA",2660.0,75.32281193472001,A,public observation
2017-01-15,05454500,"Iowa River at Iowa City, IA",2810.0,79.57033892352,A,public observation
2017-01-16,05454500,"Iowa River at Iowa City, IA",2980.0,84.38420284416,A,public observation
2017-01-17,05454500,"Iowa River at Iowa City, IA",4340.0,122.89511420928001,A,public observation
2017-01-18,05454500,"Iowa River at Iowa City, IA",4270.0,120.91293494784,A,public observation
2017-01-19,05454500,"Iowa River at Iowa City, IA",4270.0,120.91293494784,A,public observation
2017-01-20,05454500,"Iowa River at Iowa City, IA",5530.0,156.59216165376,A,public observation
2017-01-21,05454500,"Iowa River at Iowa City, IA",5900.0,167.0693948928,A,public observation
2017-01-22,05454500,"Iowa River at Iowa City, IA",5310.0,150.36245540352002,A,public observation
2017-01-23,05454500,"Iowa River at Iowa City, IA",5370.0,152.06146619904,A,public observation
2017-01-24,05454500,"Iowa River at Iowa City, IA",6620.0,187.45752443904001,A,public observation
2017-01-25,05454500,"Iowa River at Iowa City, IA",7700.0,218.0397187584,A,public observation
2017-01-26,05454500,"Iowa River at Iowa City, IA",7810.0,221.15457188352,A,public observation
2017-01-27,05454500,"Iowa River at Iowa City, IA",6850.0,193.9703991552,A,public observation
2017-01-28,05454500,"Iowa River at Iowa City, IA",5520.0,156.30899318784,A,public observation
2017-01-29,05454500,"Iowa River at Iowa City, IA",5000.0,141.58423296,A,public observation
2017-01-30,05454500,"Iowa River at Iowa City, IA",4130.0,116.94857642496001,A,public observation
2017-01-31,05454500,"Iowa River at Iowa City, IA",2880.0,81.55251818496001,A,public observation
2017-02-01,05454500,"Iowa River at Iowa City, IA",3350.0,94.8614360832,A,public observation
2017-02-02,05454500,"Iowa River at Iowa City, IA",3320.0,94.01193068544,A,public observation
2017-02-03,05454500,"Iowa River at Iowa City, IA",2860.0,80.98618125312001,A,public observation
2017-02-04,05454500,"Iowa River at Iowa City, IA",2790.0,79.00400199168,A,public observation
2017-02-05,05454500,"Iowa River at Iowa City, IA",2330.0,65.97825255936,A,public observation
2017-02-06,05454500,"Iowa River at Iowa City, IA",2110.0,59.74854630912,A,public observation
2017-02-07,05454500,"Iowa River at Iowa City, IA",2450.0,69.37627415040001,A,public observation
2017-02-08,05454500,"Iowa River at Iowa City, IA",2270.0,64.27924176384,A,public observation
2017-02-09,05454500,"Iowa River at Iowa City, IA",1820.0,51.53666079744,A,public observation
2017-02-10,05454500,"Iowa River at Iowa City, IA",1790.0,50.68715539968,A,public observation
2017-02-11,05454500,"Iowa River at Iowa City, IA",2020.0,57.20003011584,A,public observation
2017-02-12,05454500,"Iowa River at Iowa City, IA",2250.0,63.712904832,A,public observation
2017-02-13,05454500,"Iowa River at Iowa City, IA",2210.0,62.58023096832,A,public observation
2017-02-14,05454500,"Iowa River at Iowa City, IA",2070.0,58.615872445440004,A,public observation
2017-02-15,05454500,"Iowa River at Iowa City, IA",2060.0,58.332703979520005,A,public observation
2017-02-16,05454500,"Iowa River at Iowa City, IA",2060.0,58.332703979520005,A,public observation
2017-02-17,05454500,"Iowa River at Iowa City, IA",2140.0,60.59805170688,A,public observation
2017-02-18,05454500,"Iowa River at Iowa City, IA",2350.0,66.5445894912,A,public observation
2017-02-19,05454500,"Iowa River at Iowa City, IA",2470.0,69.94261108224,A,public observation
2017-02-20,05454500,"Iowa River at Iowa City, IA",2490.0,70.50894801408,A,public observation
2017-02-21,05454500,"Iowa River at Iowa City, IA",2650.0,75.03964346880001,A,public observation
2017-02-22,05454500,"Iowa River at Iowa City, IA",2780.0,78.72083352576,A,public observation
2017-02-23,05454500,"Iowa River at Iowa City, IA",3120.0,88.34856136704,A,public observation
2017-02-24,05454500,"Iowa River at Iowa City, IA",4210.0,119.21392415232,A,public observation
2017-02-25,05454500,"Iowa River at Iowa City, IA",5120.0,144.98225455104,A,public observation
2017-02-26,05454500,"Iowa River at Iowa City, IA",5260.0,148.94661307392,A,public observation
2017-02-27,05454500,"Iowa River at Iowa City, IA",5230.0,148.09710767616,A,public observation
2017-02-28,05454500,"Iowa River at Iowa City, IA",5340.0,151.21196080128001,A,public observation
2017-03-01,05454500,"Iowa River at Iowa City, IA",5400.0,152.9109715968,A,public observation
2017-03-02,05454500,"Iowa River at Iowa City, IA",5210.0,147.53077074432,A,public observation
2017-03-03,05454500,"Iowa River at Iowa City, IA",4880.0,138.18621136896002,A,public observation
2017-03-04,05454500,"Iowa River at Iowa City, IA",4630.0,131.10699972096,A,public observation
2017-03-05,05454500,"Iowa River at Iowa City, IA",4390.0,124.31095653888,A,public observation
2017-03-06,05454500,"Iowa River at Iowa City, IA",4280.0,121.19610341376,A,public observation
2017-03-07,05454500,"Iowa River at Iowa City, IA",4470.0,126.57630426624,A,public observation
2017-03-08,05454500,"Iowa River at Iowa City, IA",4170.0,118.08125028864,A,public observation
2017-03-09,05454500,"Iowa River at Iowa City, IA",3820.0,108.17035398144,A,public observation
2017-03-10,05454500,"Iowa River at Iowa City, IA",3670.0,103.92282699264,A,public observation
2017-03-11,05454500,"Iowa River at Iowa City, IA",3760.0,106.47134318592,A,public observation
2017-03-12,05454500,"Iowa River at Iowa City, IA",3920.0,111.00203864064001,A,public observation
2017-03-13,05454500,"Iowa River at Iowa City, IA",3980.0,112.70104943616,A,public observation
2017-03-14,05454500,"Iowa River at Iowa City, IA",3960.0,112.13471250432,A,public observation
2017-03-15,05454500,"Iowa River at Iowa City, IA",3790.0,107.32084858368,A,public observation
2017-03-16,05454500,"Iowa River at Iowa City, IA",3610.0,102.22381619712,A,public observation
2017-03-17,05454500,"Iowa River at Iowa City, IA",3440.0,97.40995227648,A,public observation
2017-03-18,05454500,"Iowa River at Iowa City, IA",3220.0,91.18024602624,A,public observation
2017-03-19,05454500,"Iowa River at Iowa City, IA",2750.0,77.871328128,A,public observation
2017-03-20,05454500,"Iowa River at Iowa City, IA",2470.0,69.94261108224,A,public observation
2017-03-21,05454500,"Iowa River at Iowa City, IA",2540.0,71.92479034368,A,public observation
2017-03-22,05454500,"Iowa River at Iowa City, IA",2470.0,69.94261108224,A,public observation
2017-03-23,05454500,"Iowa River at Iowa City, IA",2260.0,63.99607329792,A,public observation
2017-03-24,05454500,"Iowa River at Iowa City, IA",2370.0,67.11092642304,A,public observation
2017-03-25,05454500,"Iowa River at Iowa City, IA",2580.0,73.05746420736,A,public observation
2017-03-26,05454500,"Iowa River at Iowa City, IA",2780.0,78.72083352576,A,public observation
2017-03-27,05454500,"Iowa River at Iowa City, IA",2840.0,80.41984432128,A,public observation
2017-03-28,05454500,"Iowa River at Iowa City, IA",2810.0,79.57033892352,A,public observation
2017-03-29,05454500,"Iowa River at Iowa City, IA",2850.0,80.7030127872,A,public observation
2017-03-30,05454500,"Iowa River at Iowa City, IA",3690.0,104.48916392448,A,public observation
2017-03-31,05454500,"Iowa River at Iowa City, IA",4160.0,117.79808182272001,A,public observation
2017-04-01,05454500,"Iowa River at Iowa City, IA",4680.0,132.52284205056,A,public observation
2017-04-02,05454500,"Iowa River at Iowa City, IA",5470.0,154.89315085824,A,public observation
2017-04-03,05454500,"Iowa River at Iowa City, IA",5660.0,160.27335171072,A,public observation
2017-04-04,05454500,"Iowa River at Iowa City, IA",5790.0,163.95454176768,A,public observation
2017-04-05,05454500,"Iowa River at Iowa City, IA",6240.0,176.69712273408,A,public observation
2017-04-06,05454500,"Iowa River at Iowa City, IA",7180.0,203.31495853056,A,public observation
2017-04-07,05454500,"Iowa River at Iowa City, IA",7650.0,216.6238764288,A,public observation
2017-04-08,05454500,"Iowa River at Iowa City, IA",7460.0,211.24367557632002,A,public observation
2017-04-09,05454500,"Iowa River at Iowa City, IA",7430.0,210.39417017856002,A,public observation
2017-04-10,05454500,"Iowa River at Iowa City, IA",7300.0,206.7129801216,A,public observation
2017-04-11,05454500,"Iowa River at Iowa City, IA",6460.0,182.92682898432,A,public observation
2017-04-12,05454500,"Iowa River at Iowa City, IA",5530.0,156.59216165376,A,public observation
2017-04-13,05454500,"Iowa River at Iowa City, IA",4970.0,140.73472756224,A,public observation
2017-04-14,05454500,"Iowa River at Iowa City, IA",4590.0,129.97432585728,A,public observation
2017-04-15,05454500,"Iowa River at Iowa City, IA",4440.0,125.72679886848,A,public observation
2017-04-16,05454500,"Iowa River at Iowa City, IA",4900.0,138.75254830080002,A,public observation
2017-04-17,05454500,"Iowa River at Iowa City, IA",5370.0,152.06146619904,A,public observation
2017-04-18,05454500,"Iowa River at Iowa City, IA",6280.0,177.82979659776,A,public observation
2017-04-19,05454500,"Iowa River at Iowa City, IA",6950.0,196.8020838144,A,public observation
2017-04-20,05454500,"Iowa River at Iowa City, IA",7290.0,206.42981165568,A,public observation
2017-04-21,05454500,"Iowa River at Iowa City, IA",7450.0,210.96050711040002,A,public observation
2017-04-22,05454500,"Iowa River at Iowa City, IA",7340.0,207.84565398528,A,public observation
2017-04-23,05454500,"Iowa River at Iowa City, IA",6520.0,184.62583977984,A,public observation
2017-04-24,05454500,"Iowa River at Iowa City, IA",5710.0,161.68919404032002,A,public observation
2017-04-25,05454500,"Iowa River at Iowa City, IA",5200.0,147.2476022784,A,public observation
2017-04-26,05454500,"Iowa River at Iowa City, IA",5070.0,143.56641222144,A,public observation
2017-04-27,05454500,"Iowa River at Iowa City, IA",5210.0,147.53077074432,A,public observation
2017-04-28,05454500,"Iowa River at Iowa City, IA",4980.0,141.01789602816,A,public observation
2017-04-29,05454500,"Iowa River at Iowa City, IA",4900.0,138.75254830080002,A,public observation
2017-04-30,05454500,"Iowa River at Iowa City, IA",4970.0,140.73472756224,A,public observation
2017-05-01,05454500,"Iowa River at Iowa City, IA",5680.0,160.83968864256,A,public observation
2017-05-02,05454500,"Iowa River at Iowa City, IA",5830.0,165.08721563136,A,public observation
2017-05-03,05454500,"Iowa River at Iowa City, IA",5870.0,166.21988949504,A,public observation
2017-05-04,05454500,"Iowa River at Iowa City, IA",6080.0,172.16642727936,A,public observation
2017-05-05,05454500,"Iowa River at Iowa City, IA",6190.0,175.28128040448001,A,public observation
2017-05-06,05454500,"Iowa River at Iowa City, IA",6180.0,174.99811193856002,A,public observation
2017-05-07,05454500,"Iowa River at Iowa City, IA",6210.0,175.84761733632,A,public observation
2017-05-08,05454500,"Iowa River at Iowa City, IA",5990.0,169.61791108608,A,public observation
2017-05-09,05454500,"Iowa River at Iowa City, IA",5510.0,156.02582472192,A,public observation
2017-05-10,05454500,"Iowa River at Iowa City, IA",5320.0,150.64562386944002,A,public observation
2017-05-11,05454500,"Iowa River at Iowa City, IA",5930.0,167.91890029056,A,public observation
2017-05-12,05454500,"Iowa River at Iowa City, IA",5570.0,157.72483551744,A,public observation
2017-05-13,05454500,"Iowa River at Iowa City, IA",4470.0,126.57630426624,A,public observation
2017-05-14,05454500,"Iowa River at Iowa City, IA",2280.0,64.56241022976,A,public observation
2017-05-15,05454500,"Iowa River at Iowa City, IA",3030.0,85.80004517376,A,public observation
2017-05-16,05454500,"Iowa River at Iowa City, IA",3910.0,110.71887017472001,A,public observation
2017-05-17,05454500,"Iowa River at Iowa City, IA",4150.0,117.51491335680001,A,public observation
2017-05-18,05454500,"Iowa River at Iowa City, IA",4790.0,135.63769517568,A,public observation
2017-05-19,05454500,"Iowa River at Iowa City, IA",5350.0,151.4951292672,A,public observation
2017-05-20,05454500,"Iowa River at Iowa City, IA",5750.0,162.82186790400002,A,public observation
2017-05-21,05454500,"Iowa River at Iowa City, IA",6050.0,171.3169218816,A,public observation
2017-05-22,05454500,"Iowa River at Iowa City, IA",6370.0,180.37831279104,A,public observation
2017-05-23,05454500,"Iowa River at Iowa City, IA",6510.0,184.34267131392,A,public observation
2017-05-24,05454500,"Iowa River at Iowa City, IA",6470.0,183.20999745024,A,public observation
2017-05-25,05454500,"Iowa River at Iowa City, IA",6460.0,182.92682898432,A,public observation
2017-05-26,05454500,"Iowa River at Iowa City, IA",6520.0,184.62583977984,A,public observation
2017-05-27,05454500,"Iowa River at Iowa City, IA",6570.0,186.04168210944002,A,public observation
2017-05-28,05454500,"Iowa River at Iowa City, IA",6610.0,187.17435597312002,A,public observation
2017-05-29,05454500,"Iowa River at Iowa City, IA",6500.0,184.059502848,A,public observation
2017-05-30,05454500,"Iowa River at Iowa City, IA",6450.0,182.6436605184,A,public observation
2017-05-31,05454500,"Iowa River at Iowa City, IA",6130.0,173.58226960896002,A,public observation
2017-06-01,05454500,"Iowa River at Iowa City, IA",5440.0,154.04364546048,A,public observation
2017-06-02,05454500,"Iowa River at Iowa City, IA",5060.0,143.28324375552,A,public observation
2017-06-03,05454500,"Iowa River at Iowa City, IA",4530.0,128.27531506176,A,public observation
2017-06-04,05454500,"Iowa River at Iowa City, IA",3960.0,112.13471250432,A,public observation
2017-06-05,05454500,"Iowa River at Iowa City, IA",3790.0,107.32084858368,A,public observation
2017-06-06,05454500,"Iowa River at Iowa City, IA",3560.0,100.80797386752,A,public observation
2017-06-07,05454500,"Iowa River at Iowa City, IA",3370.0,95.42777301504,A,public observation
2017-06-08,05454500,"Iowa River at Iowa City, IA",3070.0,86.93271903744001,A,public observation
2017-06-09,05454500,"Iowa River at Iowa City, IA",2850.0,80.7030127872,A,public observation
2017-06-10,05454500,"Iowa River at Iowa City, IA",2860.0,80.98618125312001,A,public observation
2017-06-11,05454500,"Iowa River at Iowa City, IA",2720.0,77.02182273024,A,public observation
2017-06-12,05454500,"Iowa River at Iowa City, IA",2590.0,73.34063267328,A,public observation
2017-06-13,05454500,"Iowa River at Iowa City, IA",2580.0,73.05746420736,A,public observation
2017-06-14,05454500,"Iowa River at Iowa City, IA",2600.0,73.6238011392,A,public observation
2017-06-15,05454500,"Iowa River at Iowa City, IA",2510.0,71.07528494592,A,public observation
2017-06-16,05454500,"Iowa River at Iowa City, IA",2470.0,69.94261108224,A,public observation
2017-06-17,05454500,"Iowa River at Iowa City, IA",2830.0,80.13667585536,A,public observation
2017-06-18,05454500,"Iowa River at Iowa City, IA",2770.0,78.43766505984,A,public observation
2017-06-19,05454500,"Iowa River at Iowa City, IA",2950.0,83.5346974464,A,public observation
2017-06-20,05454500,"Iowa River at Iowa City, IA",2830.0,80.13667585536,A,public observation
2017-06-21,05454500,"Iowa River at Iowa City, IA",2750.0,77.871328128,A,public observation
2017-06-22,05454500,"Iowa River at Iowa City, IA",2750.0,77.871328128,A,public observation
2017-06-23,05454500,"Iowa River at Iowa City, IA",2530.0,71.64162187776,A,public observation
2017-06-24,05454500,"Iowa River at Iowa City, IA",2320.0,65.69508409344,A,public observation
2017-06-25,05454500,"Iowa River at Iowa City, IA",2200.0,62.2970625024,A,public observation
2017-06-26,05454500,"Iowa River at Iowa City, IA",2150.0,60.8812201728,A,public observation
2017-06-27,05454500,"Iowa River at Iowa City, IA",2140.0,60.59805170688,A,public observation
2017-06-28,05454500,"Iowa River at Iowa City, IA",2200.0,62.2970625024,A,public observation
2017-06-29,05454500,"Iowa River at Iowa City, IA",2150.0,60.8812201728,A,public observation
2017-06-30,05454500,"Iowa River at Iowa City, IA",2140.0,60.59805170688,A,public observation
2017-07-01,05454500,"Iowa River at Iowa City, IA",2010.0,56.91686164992,A,public observation
2017-07-02,05454500,"Iowa River at Iowa City, IA",2420.0,68.52676875264,A,public observation
2017-07-03,05454500,"Iowa River at Iowa City, IA",3600.0,101.9406477312,A,public observation
2017-07-04,05454500,"Iowa River at Iowa City, IA",3860.0,109.30302784512,A,public observation
2017-07-05,05454500,"Iowa River at Iowa City, IA",3420.0,96.84361534464,A,public observation
2017-07-06,05454500,"Iowa River at Iowa City, IA",3270.0,92.59608835584,A,public observation
2017-07-07,05454500,"Iowa River at Iowa City, IA",2850.0,80.7030127872,A,public observation
2017-07-08,05454500,"Iowa River at Iowa City, IA",2370.0,67.11092642304,A,public observation
2017-07-09,05454500,"Iowa River at Iowa City, IA",2170.0,61.447557104640005,A,public observation
2017-07-10,05454500,"Iowa River at Iowa City, IA",2270.0,64.27924176384,A,public observation
2017-07-11,05454500,"Iowa River at Iowa City, IA",2170.0,61.447557104640005,A,public observation
2017-07-12,05454500,"Iowa River at Iowa City, IA",2220.0,62.86339943424,A,public observation
2017-07-13,05454500,"Iowa River at Iowa City, IA",2050.0,58.0495355136,A,public observation
2017-07-14,05454500,"Iowa River at Iowa City, IA",1830.0,51.81982926336,A,public observation
2017-07-15,05454500,"Iowa River at Iowa City, IA",1640.0,46.439628410880005,A,public observation
2017-07-16,05454500,"Iowa River at Iowa City, IA",1470.0,41.62576449024,A,public observation
2017-07-17,05454500,"Iowa River at Iowa City, IA",1400.0,39.6435852288,A,public observation
2017-07-18,05454500,"Iowa River at Iowa City, IA",1480.0,41.90893295616,A,public observation
2017-07-19,05454500,"Iowa River at Iowa City, IA",1520.0,43.04160681984,A,public observation
2017-07-20,05454500,"Iowa River at Iowa City, IA",1410.0,39.92675369472,A,public observation
2017-07-21,05454500,"Iowa River at Iowa City, IA",2250.0,63.712904832,A,public observation
2017-07-22,05454500,"Iowa River at Iowa City, IA",2480.0,70.22577954816,A,public observation
2017-07-23,05454500,"Iowa River at Iowa City, IA",1910.0,54.08517699072,A,public observation
2017-07-24,05454500,"Iowa River at Iowa City, IA",1470.0,41.62576449024,A,public observation
2017-07-25,05454500,"Iowa River at Iowa City, IA",1150.0,32.5643735808,A,public observation
2017-07-26,05454500,"Iowa River at Iowa City, IA",1010.0,28.60001505792,A,public observation
2017-07-27,05454500,"Iowa River at Iowa City, IA",1020.0,28.88318352384,A,public observation
2017-07-28,05454500,"Iowa River at Iowa City, IA",982.0,27.807143353344,A,public observation
2017-07-29,05454500,"Iowa River at Iowa City, IA",964.0,27.297440114688,A,public observation
2017-07-30,05454500,"Iowa River at Iowa City, IA",959.0,27.155855881728,A,public observation
2017-07-31,05454500,"Iowa River at Iowa City, IA",869.0,24.607339688448,A,public observation
2017-08-01,05454500,"Iowa River at Iowa City, IA",762.0,21.577437103104,A,public observation
2017-08-02,05454500,"Iowa River at Iowa City, IA",736.0,20.841199091712,A,public observation
2017-08-03,05454500,"Iowa River at Iowa City, IA",715.0,20.246545313280002,A,public observation
2017-08-04,05454500,"Iowa River at Iowa City, IA",640.0,18.12278181888,A,public observation
2017-08-05,05454500,"Iowa River at Iowa City, IA",600.0,16.9901079552,A,public observation
2017-08-06,05454500,"Iowa River at Iowa City, IA",559.0,15.829117244928,A,public observation
2017-08-07,05454500,"Iowa River at Iowa City, IA",557.0,15.772483551744001,A,public observation
2017-08-08,05454500,"Iowa River at Iowa City, IA",553.0,15.659216165376,A,public observation
2017-08-09,05454500,"Iowa River at Iowa City, IA",551.0,15.602582472192001,A,public observation
2017-08-10,05454500,"Iowa River at Iowa City, IA",524.0,14.838027614208,A,public observation
2017-08-11,05454500,"Iowa River at Iowa City, IA",490.0,13.875254830080001,A,public observation
2017-08-12,05454500,"Iowa River at Iowa City, IA",481.0,13.620403210752,A,public observation
2017-08-13,05454500,"Iowa River at Iowa City, IA",480.0,13.59208636416,A,public observation
2017-08-14,05454500,"Iowa River at Iowa City, IA",487.0,13.790304290304,A,public observation
2017-08-15,05454500,"Iowa River at Iowa City, IA",547.0,15.489315085824,A,public observation
2017-08-16,05454500,"Iowa River at Iowa City, IA",612.0,17.329910114304,A,public observation
2017-08-17,05454500,"Iowa River at Iowa City, IA",609.0,17.244959574528,A,public observation
2017-08-18,05454500,"Iowa River at Iowa City, IA",606.0,17.160009034752,A,public observation
2017-08-19,05454500,"Iowa River at Iowa City, IA",624.0,17.669712273408,A,public observation
2017-08-20,05454500,"Iowa River at Iowa City, IA",632.0,17.896247046144,A,public observation
2017-08-21,05454500,"Iowa River at Iowa City, IA",659.0,18.660801904128,A,public observation
2017-08-22,05454500,"Iowa River at Iowa City, IA",643.0,18.207732358656,A,public observation
2017-08-23,05454500,"Iowa River at Iowa City, IA",599.0,16.961791108608,A,public observation
2017-08-24,05454500,"Iowa River at Iowa City, IA",531.0,15.036245540352,A,public observation
2017-08-25,05454500,"Iowa River at Iowa City, IA",495.0,14.01683906304,A,public observation
2017-08-26,05454500,"Iowa River at Iowa City, IA",495.0,14.01683906304,A,public observation
2017-08-27,05454500,"Iowa River at Iowa City, IA",495.0,14.01683906304,A,public observation
2017-08-28,05454500,"Iowa River at Iowa City, IA",490.0,13.875254830080001,A,public observation
2017-08-29,05454500,"Iowa River at Iowa City, IA",486.0,13.761987443712,A,public observation
2017-08-30,05454500,"Iowa River at Iowa City, IA",484.0,13.705353750528001,A,public observation
2017-08-31,05454500,"Iowa River at Iowa City, IA",481.0,13.620403210752,A,public observation
2017-09-01,05454500,"Iowa River at Iowa City, IA",467.0,13.223967358464,A,public observation
2017-09-02,05454500,"Iowa River at Iowa City, IA",450.0,12.7425809664,A,public observation
2017-09-03,05454500,"Iowa River at Iowa City, IA",448.0,12.685947273216,A,public observation
2017-09-04,05454500,"Iowa River at Iowa City, IA",448.0,12.685947273216,A,public observation
2017-09-05,05454500,"Iowa River at Iowa City, IA",442.0,12.516046193664,A,public observation
2017-09-06,05454500,"Iowa River at Iowa City, IA",393.0,11.128520710656,A,public observation
2017-09-07,05454500,"Iowa River at Iowa City, IA",318.0,9.004757216256,A,public observation
2017-09-08,05454500,"Iowa River at Iowa City, IA",268.0,7.588914886656,A,public observation
2017-09-09,05454500,"Iowa River at Iowa City, IA",231.0,6.541191562752,A,public observation
2017-09-10,05454500,"Iowa River at Iowa City, IA",231.0,6.541191562752,A,public observation
2017-09-11,05454500,"Iowa River at Iowa City, IA",231.0,6.541191562752,A,public observation
2017-09-12,05454500,"Iowa River at Iowa City, IA",231.0,6.541191562752,A,public observation
2017-09-13,05454500,"Iowa River at Iowa City, IA",231.0,6.541191562752,A,public observation
2017-09-14,05454500,"Iowa River at Iowa City, IA",229.0,6.484557869568,A,public observation
2017-09-15,05454500,"Iowa River at Iowa City, IA",228.0,6.456241022976,A,public observation
2017-09-16,05454500,"Iowa River at Iowa City, IA",228.0,6.456241022976,A,public observation
2017-09-17,05454500,"Iowa River at Iowa City, IA",228.0,6.456241022976,A,public observation
2017-09-18,05454500,"Iowa River at Iowa City, IA",226.0,6.399607329792,A,public observation
2017-09-19,05454500,"Iowa River at Iowa City, IA",224.0,6.342973636608,A,public observation
2017-09-20,05454500,"Iowa River at Iowa City, IA",224.0,6.342973636608,A,public observation
2017-09-21,05454500,"Iowa River at Iowa City, IA",224.0,6.342973636608,A,public observation
2017-09-22,05454500,"Iowa River at Iowa City, IA",225.0,6.3712904832,A,public observation
2017-09-23,05454500,"Iowa River at Iowa City, IA",227.0,6.427924176384,A,public observation
2017-09-24,05454500,"Iowa River at Iowa City, IA",225.0,6.3712904832,A,public observation
2017-09-25,05454500,"Iowa River at Iowa City, IA",224.0,6.342973636608,A,public observation
2017-09-26,05454500,"Iowa River at Iowa City, IA",224.0,6.342973636608,A,public observation
2017-09-27,05454500,"Iowa River at Iowa City, IA",225.0,6.3712904832,A,public observation
2017-09-28,05454500,"Iowa River at Iowa City, IA",226.0,6.399607329792,A,public observation
2017-09-29,05454500,"Iowa River at Iowa City, IA",224.0,6.342973636608,A,public observation
2017-09-30,05454500,"Iowa River at Iowa City, IA",224.0,6.342973636608,A,public observation
2017-10-01,05454500,"Iowa River at Iowa City, IA",224.0,6.342973636608,A,public observation
2017-10-02,05454500,"Iowa River at Iowa City, IA",220.0,6.2297062502400005,A,public observation
2017-10-03,05454500,"Iowa River at Iowa City, IA",220.0,6.2297062502400005,A,public observation
2017-10-04,05454500,"Iowa River at Iowa City, IA",222.0,6.286339943424,A,public observation
2017-10-05,05454500,"Iowa River at Iowa City, IA",218.0,6.173072557056,A,public observation
2017-10-06,05454500,"Iowa River at Iowa City, IA",218.0,6.173072557056,A,public observation
2017-10-07,05454500,"Iowa River at Iowa City, IA",217.0,6.1447557104640005,A,public observation
2017-10-08,05454500,"Iowa River at Iowa City, IA",214.0,6.0598051706880005,A,public observation
2017-10-09,05454500,"Iowa River at Iowa City, IA",210.0,5.94653778432,A,public observation
2017-10-10,05454500,"Iowa River at Iowa City, IA",246.0,6.965944261632,A,public observation
2017-10-11,05454500,"Iowa River at Iowa City, IA",223.0,6.314656790016,A,public observation
2017-10-12,05454500,"Iowa River at Iowa City, IA",767.0,21.719021336064,A,public observation
2017-10-13,05454500,"Iowa River at Iowa City, IA",1520.0,43.04160681984,A,public observation
2017-10-14,05454500,"Iowa River at Iowa City, IA",1610.0,45.59012301312,A,public observation
2017-10-15,05454500,"Iowa River at Iowa City, IA",1450.0,41.0594275584,A,public observation
2017-10-16,05454500,"Iowa River at Iowa City, IA",1420.0,40.20992216064,A,public observation
2017-10-17,05454500,"Iowa River at Iowa City, IA",1330.0,37.661405967360004,A,public observation
2017-10-18,05454500,"Iowa River at Iowa City, IA",974.0,27.580608580608,A,public observation
2017-10-19,05454500,"Iowa River at Iowa City, IA",948.0,26.844370569216,A,public observation
2017-10-20,05454500,"Iowa River at Iowa City, IA",811.0,22.964962586112,A,public observation
2017-10-21,05454500,"Iowa River at Iowa City, IA",782.0,22.143774034944002,A,public observation
2017-10-22,05454500,"Iowa River at Iowa City, IA",991.0,28.061994972672,A,public observation
2017-10-23,05454500,"Iowa River at Iowa City, IA",1050.0,29.7326889216,A,public observation
2017-10-24,05454500,"Iowa River at Iowa City, IA",1040.0,29.449520455680002,A,public observation
2017-10-25,05454500,"Iowa River at Iowa City, IA",1030.0,29.166351989760003,A,public observation
2017-10-26,05454500,"Iowa River at Iowa City, IA",1030.0,29.166351989760003,A,public observation
2017-10-27,05454500,"Iowa River at Iowa City, IA",992.0,28.090311819264002,A,public observation
2017-10-28,05454500,"Iowa River at Iowa City, IA",950.0,26.9010042624,A,public observation
2017-10-29,05454500,"Iowa River at Iowa City, IA",790.0,22.37030880768,A,public observation
2017-10-30,05454500,"Iowa River at Iowa City, IA",703.0,19.906743154176002,A,public observation
2017-10-31,05454500,"Iowa River at Iowa City, IA",601.0,17.018424801792,A,public observation
2017-11-01,05454500,"Iowa River at Iowa City, IA",404.0,11.440006023168001,A,public observation
2017-11-02,05454500,"Iowa River at Iowa City, IA",284.0,8.041984432128,A,public observation
2017-11-03,05454500,"Iowa River at Iowa City, IA",280.0,7.92871704576,A,public observation
2017-11-04,05454500,"Iowa River at Iowa City, IA",473.0,13.393868438016,A,public observation
2017-11-05,05454500,"Iowa River at Iowa City, IA",799.0,22.625160427008,A,public observation
2017-11-06,05454500,"Iowa River at Iowa City, IA",772.0,21.860605569024,A,public observation
2017-11-07,05454500,"Iowa River at Iowa City, IA",622.0,17.613078580224002,A,public observation
2017-11-08,05454500,"Iowa River at Iowa City, IA",629.0,17.811296506368002,A,public observation
2017-11-09,05454500,"Iowa River at Iowa City, IA",629.0,17.811296506368002,A,public observation
2017-11-10,05454500,"Iowa River at Iowa City, IA",581.0,16.452087869952,A,public observation
2017-11-11,05454500,"Iowa River at Iowa City, IA",521.0,14.753077074432001,A,public observation
2017-11-12,05454500,"Iowa River at Iowa City, IA",676.0,19.142188296192,A,public observation
2017-11-13,05454500,"Iowa River at Iowa City, IA",805.0,22.79506150656,A,public observation
2017-11-14,05454500,"Iowa River at Iowa City, IA",707.0,20.020010540544,A,public observation
2017-11-15,05454500,"Iowa River at Iowa City, IA",587.0,16.621988949504,A,public observation
2017-11-16,05454500,"Iowa River at Iowa City, IA",581.0,16.452087869952,A,public observation
2017-11-17,05454500,"Iowa River at Iowa City, IA",531.0,15.036245540352,A,public observation
2017-11-18,05454500,"Iowa River at Iowa City, IA",648.0,18.349316591616,A,public observation
2017-11-19,05454500,"Iowa River at Iowa City, IA",706.0,19.991693693952,A,public observation
2017-11-20,05454500,"Iowa River at Iowa City, IA",550.0,15.5742656256,A,public observation
2017-11-21,05454500,"Iowa River at Iowa City, IA",510.0,14.44159176192,A,public observation
2017-11-22,05454500,"Iowa River at Iowa City, IA",508.0,14.384958068736001,A,public observation
2017-11-23,05454500,"Iowa River at Iowa City, IA",509.0,14.413274915328,A,public observation
2017-11-24,05454500,"Iowa River at Iowa City, IA",507.0,14.356641222144,A,public observation
2017-11-25,05454500,"Iowa River at Iowa City, IA",502.0,14.215056989184001,A,public observation
2017-11-26,05454500,"Iowa River at Iowa City, IA",503.0,14.243373835776,A,public observation
2017-11-27,05454500,"Iowa River at Iowa City, IA",498.0,14.101789602816,A,public observation
2017-11-28,05454500,"Iowa River at Iowa City, IA",495.0,14.01683906304,A,public observation
2017-11-29,05454500,"Iowa River at Iowa City, IA",495.0,14.01683906304,A,public observation
2017-11-30,05454500,"Iowa River at Iowa City, IA",495.0,14.01683906304,A,public observation
2017-12-01,05454500,"Iowa River at Iowa City, IA",494.0,13.988522216448,A,public observation
2017-12-02,05454500,"Iowa River at Iowa City, IA",493.0,13.960205369856,A,public observation
2017-12-03,05454500,"Iowa River at Iowa City, IA",448.0,12.685947273216,A,public observation
2017-12-04,05454500,"Iowa River at Iowa City, IA",277.0,7.843766505984,A,public observation
2017-12-05,05454500,"Iowa River at Iowa City, IA",261.0,7.390696960512,A,public observation
2017-12-06,05454500,"Iowa River at Iowa City, IA",547.0,15.489315085824,A,public observation
2017-12-07,05454500,"Iowa River at Iowa City, IA",549.0,15.545948779008,A,public observation
2017-12-08,05454500,"Iowa River at Iowa City, IA",546.0,15.460998239232,A,public observation
2017-12-09,05454500,"Iowa River at Iowa City, IA",540.0,15.29109715968,A,public observation
2017-12-10,05454500,"Iowa River at Iowa City, IA",542.0,15.347730852864,A,public observation
2017-12-11,05454500,"Iowa River at Iowa City, IA",544.0,15.404364546048,A,public observation
2017-12-12,05454500,"Iowa River at Iowa City, IA",536.0,15.177829773312,A,public observation
2017-12-13,05454500,"Iowa River at Iowa City, IA",543.0,15.376047699456,A,public observation
2017-12-14,05454500,"Iowa River at Iowa City, IA",537.0,15.206146619904,A,public observation
2017-12-15,05454500,"Iowa River at Iowa City, IA",643.0,18.207732358656,A,public observation
2017-12-16,05454500,"Iowa River at Iowa City, IA",1010.0,28.60001505792,A,public observation
2017-12-17,05454500,"Iowa River at Iowa City, IA",1010.0,28.60001505792,A,public observation
2017-12-18,05454500,"Iowa River at Iowa City, IA",1010.0,28.60001505792,A,public observation
2017-12-19,05454500,"Iowa River at Iowa City, IA",1000.0,28.316846592,A,public observation
2017-12-20,05454500,"Iowa River at Iowa City, IA",998.0,28.260212898816,A,public observation
2017-12-21,05454500,"Iowa River at Iowa City, IA",996.0,28.203579205632,A,public observation
2017-12-22,05454500,"Iowa River at Iowa City, IA",993.0,28.118628665856,A,public observation
2017-12-23,05454500,"Iowa River at Iowa City, IA",984.0,27.863777046528,A,public observation
2017-12-24,05454500,"Iowa River at Iowa City, IA",982.0,27.807143353344,A,public observation
2017-12-25,05454500,"Iowa River at Iowa City, IA",974.0,27.580608580608,A,public observation
2017-12-26,05454500,"Iowa River at Iowa City, IA",861.0,24.380804915712,A,public observation
2017-12-27,05454500,"Iowa River at Iowa City, IA",747.0,21.152684404224,A,public observation
2017-12-28,05454500,"Iowa River at Iowa City, IA",678.0,19.198821989376,A,public observation
2017-12-29,05454500,"Iowa River at Iowa City, IA",516.0,14.611492841472,A,public observation
2017-12-30,05454500,"Iowa River at Iowa City, IA",410.0,11.609907102720001,A,public observation
2017-12-31,05454500,"Iowa River at Iowa City, IA",407.0,11.524956562944,A,public observation
2018-01-01,05454500,"Iowa River at Iowa City, IA",409.0,11.581590256128,A,public observation
2018-01-02,05454500,"Iowa River at Iowa City, IA",390.0,11.04357017088,A,public observation
2018-01-03,05454500,"Iowa River at Iowa City, IA",348.0,9.854262614016001,A,public observation
2018-01-04,05454500,"Iowa River at Iowa City, IA",318.0,9.004757216256,A,public observation
2018-01-05,05454500,"Iowa River at Iowa City, IA",296.0,8.381786591232,A,public observation
2018-01-06,05454500,"Iowa River at Iowa City, IA",274.0,7.758815966208,A,public observation
2018-01-07,05454500,"Iowa River at Iowa City, IA",255.0,7.22079588096,A,public observation
2018-01-08,05454500,"Iowa River at Iowa City, IA",240.0,6.79604318208,A,public observation
2018-01-09,05454500,"Iowa River at Iowa City, IA",264.0,7.475647500288,A,public observation
2018-01-10,05454500,"Iowa River at Iowa City, IA",301.0,8.523370824192,A,public observation
2018-01-11,05454500,"Iowa River at Iowa City, IA",303.0,8.580004517376,A,public observation
2018-01-12,05454500,"Iowa River at Iowa City, IA",297.0,8.410103437824,A,public observation
2018-01-13,05454500,"Iowa River at Iowa City, IA",297.0,8.410103437824,A,public observation
2018-01-14,05454500,"Iowa River at Iowa City, IA",301.0,8.523370824192,A,public observation
2018-01-15,05454500,"Iowa River at Iowa City, IA",300.0,8.4950539776,A,public observation
2018-01-16,05454500,"Iowa River at Iowa City, IA",299.0,8.466737131008001,A,public observation
2018-01-17,05454500,"Iowa River at Iowa City, IA",302.0,8.551687670784,A,public observation
2018-01-18,05454500,"Iowa River at Iowa City, IA",300.0,8.4950539776,A,public observation
2018-01-19,05454500,"Iowa River at Iowa City, IA",271.0,7.673865426432,A,public observation
2018-01-20,05454500,"Iowa River at Iowa City, IA",240.0,6.79604318208,A,public observation
2018-01-21,05454500,"Iowa River at Iowa City, IA",268.0,7.588914886656,A,public observation
2018-01-22,05454500,"Iowa River at Iowa City, IA",713.0,20.189911620096,A,public observation
2018-01-23,05454500,"Iowa River at Iowa City, IA",884.0,25.032092387328,A,public observation
2018-01-24,05454500,"Iowa River at Iowa City, IA",1120.0,31.71486818304,A,public observation
2018-01-25,05454500,"Iowa River at Iowa City, IA",1930.0,54.65151392256,A,public observation
2018-01-26,05454500,"Iowa River at Iowa City, IA",1940.0,54.93468238848,A,public observation
2018-01-27,05454500,"Iowa River at Iowa City, IA",1860.0,52.669334661120004,A,public observation
2018-01-28,05454500,"Iowa River at Iowa City, IA",1530.0,43.32477528576,A,public observation
2018-01-29,05454500,"Iowa River at Iowa City, IA",1090.0,30.865362785280002,A,public observation
2018-01-30,05454500,"Iowa River at Iowa City, IA",858.0,24.295854375936,A,public observation
2018-01-31,05454500,"Iowa River at Iowa City, IA",855.0,24.21090383616,A,public observation
2018-02-01,05454500,"Iowa River at Iowa City, IA",844.0,23.899418523648002,A,public observation
2018-02-02,05454500,"Iowa River at Iowa City, IA",646.0,18.292682898432002,A,public observation
2018-02-03,05454500,"Iowa River at Iowa City, IA",493.0,13.960205369856,A,public observation
2018-02-04,05454500,"Iowa River at Iowa City, IA",673.0,19.057237756416,A,public observation
2018-02-05,05454500,"Iowa River at Iowa City, IA",808.0,22.880012046336002,A,public observation
2018-02-06,05454500,"Iowa River at Iowa City, IA",643.0,18.207732358656,A,public observation
2018-02-07,05454500,"Iowa River at Iowa City, IA",440.0,12.459412500480001,A,public observation
2018-02-08,05454500,"Iowa River at Iowa City, IA",430.0,12.17624403456,A,public observation
2018-02-09,05454500,"Iowa River at Iowa City, IA",458.0,12.969115739136,A,public observation
2018-02-10,05454500,"Iowa River at Iowa City, IA",494.0,13.988522216448,A,public observation
2018-02-11,05454500,"Iowa River at Iowa City, IA",490.0,13.875254830080001,A,public observation
2018-02-12,05454500,"Iowa River at Iowa City, IA",482.0,13.648720057344,A,public observation
2018-02-13,05454500,"Iowa River at Iowa City, IA",475.0,13.4505021312,A,public observation
2018-02-14,05454500,"Iowa River at Iowa City, IA",539.0,15.262780313088001,A,public observation
2018-02-15,05454500,"Iowa River at Iowa City, IA",645.0,18.26436605184,A,public observation
2018-02-16,05454500,"Iowa River at Iowa City, IA",765.0,21.66238764288,A,public observation
2018-02-17,05454500,"Iowa River at Iowa City, IA",777.0,22.002189801984002,A,public observation
2018-02-18,05454500,"Iowa River at Iowa City, IA",930.0,26.334667330560002,A,public observation
2018-02-19,05454500,"Iowa River at Iowa City, IA",1570.0,44.45744914944,A,public observation
2018-02-20,05454500,"Iowa River at Iowa City, IA",4490.0,127.14264119808,A,public observation
2018-02-21,05454500,"Iowa River at Iowa City, IA",4680.0,132.52284205056,A,public observation
2018-02-22,05454500,"Iowa River at Iowa City, IA",3630.0,102.79015312896,A,public observation
2018-02-23,05454500,"Iowa River at Iowa City, IA",3480.0,98.54262614016,A,public observation
2018-02-24,05454500,"Iowa River at Iowa City, IA",3180.0,90.04757216256,A,public observation
2018-02-25,05454500,"Iowa River at Iowa City, IA",3490.0,98.82579460608001,A,public observation
2018-02-26,05454500,"Iowa River at Iowa City, IA",3260.0,92.31291988992,A,public observation
2018-02-27,05454500,"Iowa River at Iowa City, IA",2780.0,78.72083352576,A,public observation
2018-02-28,05454500,"Iowa River at Iowa City, IA",2930.0,82.96836051456,A,public observation
2018-03-01,05454500,"Iowa River at Iowa City, IA",3240.0,91.74658295808,A,public observation
2018-03-02,05454500,"Iowa River at Iowa City, IA",2930.0,82.96836051456,A,public observation
2018-03-03,05454500,"Iowa River at Iowa City, IA",3430.0,97.12678381056,A,public observation
2018-03-04,05454500,"Iowa River at Iowa City, IA",3410.0,96.56044687872,A,public observation
2018-03-05,05454500,"Iowa River at Iowa City, IA",3620.0,102.50698466304,A,public observation
2018-03-06,05454500,"Iowa River at Iowa City, IA",3570.0,101.09114233344,A,public observation
2018-03-07,05454500,"Iowa River at Iowa City, IA",3410.0,96.56044687872,A,public observation
2018-03-08,05454500,"Iowa River at Iowa City, IA",3360.0,95.14460454912,A,public observation
2018-03-09,05454500,"Iowa River at Iowa City, IA",3340.0,94.57826761728,A,public observation
2018-03-10,05454500,"Iowa River at Iowa City, IA",3190.0,90.33074062848,A,public observation
2018-03-11,05454500,"Iowa River at Iowa City, IA",2830.0,80.13667585536,A,public observation
2018-03-12,05454500,"Iowa River at Iowa City, IA",2450.0,69.37627415040001,A,public observation
2018-03-13,05454500,"Iowa River at Iowa City, IA",1900.0,53.8020085248,A,public observation
2018-03-14,05454500,"Iowa River at Iowa City, IA",1570.0,44.45744914944,A,public observation
2018-03-15,05454500,"Iowa River at Iowa City, IA",1560.0,44.17428068352,A,public observation
2018-03-16,05454500,"Iowa River at Iowa City, IA",1480.0,41.90893295616,A,public observation
2018-03-17,05454500,"Iowa River at Iowa City, IA",1370.0,38.79407983104,A,public observation
2018-03-18,05454500,"Iowa River at Iowa City, IA",1330.0,37.661405967360004,A,public observation
2018-03-19,05454500,"Iowa River at Iowa City, IA",1390.0,39.36041676288,A,public observation
2018-03-20,05454500,"Iowa River at Iowa City, IA",1510.0,42.75843835392,A,public observation
2018-03-21,05454500,"Iowa River at Iowa City, IA",1580.0,44.74061761536,A,public observation
2018-03-22,05454500,"Iowa River at Iowa City, IA",1570.0,44.45744914944,A,public observation
2018-03-23,05454500,"Iowa River at Iowa City, IA",1570.0,44.45744914944,A,public observation
2018-03-24,05454500,"Iowa River at Iowa City, IA",1600.0,45.3069545472,A,public observation
2018-03-25,05454500,"Iowa River at Iowa City, IA",1720.0,48.70497613824,A,public observation
2018-03-26,05454500,"Iowa River at Iowa City, IA",1840.0,52.10299772928,A,public observation
2018-03-27,05454500,"Iowa River at Iowa City, IA",2050.0,58.0495355136,A,public observation
2018-03-28,05454500,"Iowa River at Iowa City, IA",2140.0,60.59805170688,A,public observation
2018-03-29,05454500,"Iowa River at Iowa City, IA",2240.0,63.42973636608,A,public observation
2018-03-30,05454500,"Iowa River at Iowa City, IA",2400.0,67.9604318208,A,public observation
2018-03-31,05454500,"Iowa River at Iowa City, IA",2600.0,73.6238011392,A,public observation
2018-04-01,05454500,"Iowa River at Iowa City, IA",2850.0,80.7030127872,A,public observation
2018-04-02,05454500,"Iowa River at Iowa City, IA",3050.0,86.3663821056,A,public observation
2018-04-03,05454500,"Iowa River at Iowa City, IA",3280.0,92.87925682176001,A,public observation
2018-04-04,05454500,"Iowa River at Iowa City, IA",3430.0,97.12678381056,A,public observation
2018-04-05,05454500,"Iowa River at Iowa City, IA",3310.0,93.72876221952001,A,public observation
2018-04-06,05454500,"Iowa River at Iowa City, IA",3200.0,90.6139090944,A,public observation
2018-04-07,05454500,"Iowa River at Iowa City, IA",3030.0,85.80004517376,A,public observation
2018-04-08,05454500,"Iowa River at Iowa City, IA",2570.0,72.77429574144,A,public observation
2018-04-09,05454500,"Iowa River at Iowa City, IA",2390.0,67.67726335488,A,public observation
2018-04-10,05454500,"Iowa River at Iowa City, IA",2390.0,67.67726335488,A,public observation
2018-04-11,05454500,"Iowa River at Iowa City, IA",2110.0,59.74854630912,A,public observation
2018-04-12,05454500,"Iowa River at Iowa City, IA",1970.0,55.784187786240004,A,public observation
2018-04-13,05454500,"Iowa River at Iowa City, IA",1900.0,53.8020085248,A,public observation
2018-04-14,05454500,"Iowa River at Iowa City, IA",1760.0,49.837650001920004,A,public observation
2018-04-15,05454500,"Iowa River at Iowa City, IA",1890.0,53.51884005888,A,public observation
2018-04-16,05454500,"Iowa River at Iowa City, IA",2190.0,62.01389403648,A,public observation
2018-04-17,05454500,"Iowa River at Iowa City, IA",2290.0,64.84557869568,A,public observation
2018-04-18,05454500,"Iowa River at Iowa City, IA",2760.0,78.15449659392,A,public observation
2018-04-19,05454500,"Iowa River at Iowa City, IA",3730.0,105.62183778816001,A,public observation
2018-04-20,05454500,"Iowa River at Iowa City, IA",4380.0,124.02778807296,A,public observation
2018-04-21,05454500,"Iowa River at Iowa City, IA",4590.0,129.97432585728,A,public observation
2018-04-22,05454500,"Iowa River at Iowa City, IA",4960.0,140.45155909632,A,public observation
2018-04-23,05454500,"Iowa River at Iowa City, IA",5200.0,147.2476022784,A,public observation
2018-04-24,05454500,"Iowa River at Iowa City, IA",4990.0,141.30106449408,A,public observation
2018-04-25,05454500,"Iowa River at Iowa City, IA",4880.0,138.18621136896002,A,public observation
2018-04-26,05454500,"Iowa River at Iowa City, IA",4630.0,131.10699972096,A,public observation
2018-04-27,05454500,"Iowa River at Iowa City, IA",4290.0,121.47927187968,A,public observation
2018-04-28,05454500,"Iowa River at Iowa City, IA",4050.0,114.6832286976,A,public observation
2018-04-29,05454500,"Iowa River at Iowa City, IA",3890.0,110.15253324288,A,public observation
2018-04-30,05454500,"Iowa River at Iowa City, IA",3860.0,109.30302784512,A,public observation
2018-05-01,05454500,"Iowa River at Iowa City, IA",3780.0,107.03768011776,A,public observation
2018-05-02,05454500,"Iowa River at Iowa City, IA",3750.0,106.18817472,A,public observation
2018-05-03,05454500,"Iowa River at Iowa City, IA",3890.0,110.15253324288,A,public observation
2018-05-04,05454500,"Iowa River at Iowa City, IA",3710.0,105.05550085632001,A,public observation
2018-05-05,05454500,"Iowa River at Iowa City, IA",3380.0,95.71094148096,A,public observation
2018-05-06,05454500,"Iowa River at Iowa City, IA",3610.0,102.22381619712,A,public observation
2018-05-07,05454500,"Iowa River at Iowa City, IA",4230.0,119.78026108416,A,public observation
2018-05-08,05454500,"Iowa River at Iowa City, IA",4880.0,138.18621136896002,A,public observation
2018-05-09,05454500,"Iowa River at Iowa City, IA",5270.0,149.22978153984,A,public observation
2018-05-10,05454500,"Iowa River at Iowa City, IA",3720.0,105.33866932224001,A,public observation
2018-05-11,05454500,"Iowa River at Iowa City, IA",1700.0,48.1386392064,A,public observation
2018-05-12,05454500,"Iowa River at Iowa City, IA",1760.0,49.837650001920004,A,public observation
2018-05-13,05454500,"Iowa River at Iowa City, IA",3050.0,86.3663821056,A,public observation
2018-05-14,05454500,"Iowa River at Iowa City, IA",4610.0,130.54066278912,A,public observation
2018-05-15,05454500,"Iowa River at Iowa City, IA",4930.0,139.60205369856,A,public observation
2018-05-16,05454500,"Iowa River at Iowa City, IA",4910.0,139.03571676672001,A,public observation
2018-05-17,05454500,"Iowa River at Iowa City, IA",4870.0,137.90304290304002,A,public observation
2018-05-18,05454500,"Iowa River at Iowa City, IA",4840.0,137.05353750528,A,public observation
2018-05-19,05454500,"Iowa River at Iowa City, IA",4820.0,136.48720057344,A,public observation
2018-05-20,05454500,"Iowa River at Iowa City, IA",4520.0,127.99214659584,A,public observation
2018-05-21,05454500,"Iowa River at Iowa City, IA",4260.0,120.62976648192,A,public observation
2018-05-22,05454500,"Iowa River at Iowa City, IA",4230.0,119.78026108416,A,public observation
2018-05-23,05454500,"Iowa River at Iowa City, IA",4090.0,115.81590256128,A,public observation
2018-05-24,05454500,"Iowa River at Iowa City, IA",3950.0,111.85154403840001,A,public observation
2018-05-25,05454500,"Iowa River at Iowa City, IA",3560.0,100.80797386752,A,public observation
2018-05-26,05454500,"Iowa River at Iowa City, IA",3260.0,92.31291988992,A,public observation
2018-05-27,05454500,"Iowa River at Iowa City, IA",3410.0,96.56044687872,A,public observation
2018-05-28,05454500,"Iowa River at Iowa City, IA",3780.0,107.03768011776,A,public observation
2018-05-29,05454500,"Iowa River at Iowa City, IA",3700.0,104.77233239040001,A,public observation
2018-05-30,05454500,"Iowa River at Iowa City, IA",3540.0,100.24163693568,A,public observation
2018-05-31,05454500,"Iowa River at Iowa City, IA",3380.0,95.71094148096,A,public observation
2018-06-01,05454500,"Iowa River at Iowa City, IA",3270.0,92.59608835584,A,public observation
2018-06-02,05454500,"Iowa River at Iowa City, IA",2920.0,82.68519204864,A,public observation
2018-06-03,05454500,"Iowa River at Iowa City, IA",2590.0,73.34063267328,A,public observation
2018-06-04,05454500,"Iowa River at Iowa City, IA",2590.0,73.34063267328,A,public observation
2018-06-05,05454500,"Iowa River at Iowa City, IA",2450.0,69.37627415040001,A,public observation
2018-06-06,05454500,"Iowa River at Iowa City, IA",2230.0,63.14656790016,A,public observation
2018-06-07,05454500,"Iowa River at Iowa City, IA",2120.0,60.03171477504,A,public observation
2018-06-08,05454500,"Iowa River at Iowa City, IA",2120.0,60.03171477504,A,public observation
2018-06-09,05454500,"Iowa River at Iowa City, IA",2140.0,60.59805170688,A,public observation
2018-06-10,05454500,"Iowa River at Iowa City, IA",2930.0,82.96836051456,A,public observation
2018-06-11,05454500,"Iowa River at Iowa City, IA",3300.0,93.44559375360001,A,public observation
2018-06-12,05454500,"Iowa River at Iowa City, IA",2710.0,76.73865426432,A,public observation
2018-06-13,05454500,"Iowa River at Iowa City, IA",2320.0,65.69508409344,A,public observation
2018-06-14,05454500,"Iowa River at Iowa City, IA",2150.0,60.8812201728,A,public observation
2018-06-15,05454500,"Iowa River at Iowa City, IA",2040.0,57.76636704768,A,public observation
2018-06-16,05454500,"Iowa River at Iowa City, IA",2030.0,57.48319858176,A,public observation
2018-06-17,05454500,"Iowa River at Iowa City, IA",2210.0,62.58023096832,A,public observation
2018-06-18,05454500,"Iowa River at Iowa City, IA",2370.0,67.11092642304,A,public observation
2018-06-19,05454500,"Iowa River at Iowa City, IA",2190.0,62.01389403648,A,public observation
2018-06-20,05454500,"Iowa River at Iowa City, IA",3550.0,100.5248054016,A,public observation
2018-06-21,05454500,"Iowa River at Iowa City, IA",4740.0,134.22185284608,A,public observation
2018-06-22,05454500,"Iowa River at Iowa City, IA",5850.0,165.6535525632,A,public observation
2018-06-23,05454500,"Iowa River at Iowa City, IA",6610.0,187.17435597312002,A,public observation
2018-06-24,05454500,"Iowa River at Iowa City, IA",6350.0,179.8119758592,A,public observation
2018-06-25,05454500,"Iowa River at Iowa City, IA",5800.0,164.2377102336,A,public observation
2018-06-26,05454500,"Iowa River at Iowa City, IA",5590.0,158.29117244928,A,public observation
2018-06-27,05454500,"Iowa River at Iowa City, IA",5940.0,168.20206875648,A,public observation
2018-06-28,05454500,"Iowa River at Iowa City, IA",6060.0,171.60009034752,A,public observation
2018-06-29,05454500,"Iowa River at Iowa City, IA",6050.0,171.3169218816,A,public observation
2018-06-30,05454500,"Iowa River at Iowa City, IA",6040.0,171.03375341568,A,public observation
2018-07-01,05454500,"Iowa River at Iowa City, IA",6040.0,171.03375341568,A,public observation
2018-07-02,05454500,"Iowa River at Iowa City, IA",6030.0,170.75058494976,A,public observation
2018-07-03,05454500,"Iowa River at Iowa City, IA",6020.0,170.46741648384,A,public observation
2018-07-04,05454500,"Iowa River at Iowa City, IA",6010.0,170.18424801792,A,public observation
2018-07-05,05454500,"Iowa River at Iowa City, IA",6010.0,170.18424801792,A,public observation
2018-07-06,05454500,"Iowa River at Iowa City, IA",6020.0,170.46741648384,A,public observation
2018-07-07,05454500,"Iowa River at Iowa City, IA",6030.0,170.75058494976,A,public observation
2018-07-08,05454500,"Iowa River at Iowa City, IA",5930.0,167.91890029056,A,public observation
2018-07-09,05454500,"Iowa River at Iowa City, IA",5750.0,162.82186790400002,A,public observation
2018-07-10,05454500,"Iowa River at Iowa City, IA",5490.0,155.45948779008,A,public observation
2018-07-11,05454500,"Iowa River at Iowa City, IA",4690.0,132.80601051648,A,public observation
2018-07-12,05454500,"Iowa River at Iowa City, IA",3870.0,109.58619631104,A,public observation
2018-07-13,05454500,"Iowa River at Iowa City, IA",3590.0,101.65747926528,A,public observation
2018-07-14,05454500,"Iowa River at Iowa City, IA",3380.0,95.71094148096,A,public observation
2018-07-15,05454500,"Iowa River at Iowa City, IA",2800.0,79.2871704576,A,public observation
2018-07-16,05454500,"Iowa River at Iowa City, IA",2300.0,65.1287471616,A,public observation
2018-07-17,05454500,"Iowa River at Iowa City, IA",1970.0,55.784187786240004,A,public observation
2018-07-18,05454500,"Iowa River at Iowa City, IA",1850.0,52.386166195200005,A,public observation
2018-07-19,05454500,"Iowa River at Iowa City, IA",1990.0,56.35052471808,A,public observation
2018-07-20,05454500,"Iowa River at Iowa City, IA",2470.0,69.94261108224,A,public observation
2018-07-21,05454500,"Iowa River at Iowa City, IA",2980.0,84.38420284416,A,public observation
2018-07-22,05454500,"Iowa River at Iowa City, IA",2620.0,74.19013807104,A,public observation
2018-07-23,05454500,"Iowa River at Iowa City, IA",2160.0,61.16438863872,A,public observation
2018-07-24,05454500,"Iowa River at Iowa City, IA",1950.0,55.2178508544,A,public observation
2018-07-25,05454500,"Iowa River at Iowa City, IA",1700.0,48.1386392064,A,public observation
2018-07-26,05454500,"Iowa River at Iowa City, IA",1560.0,44.17428068352,A,public observation
2018-07-27,05454500,"Iowa River at Iowa City, IA",1560.0,44.17428068352,A,public observation
2018-07-28,05454500,"Iowa River at Iowa City, IA",1500.0,42.475269888,A,public observation
2018-07-29,05454500,"Iowa River at Iowa City, IA",1400.0,39.6435852288,A,public observation
2018-07-30,05454500,"Iowa River at Iowa City, IA",1340.0,37.94457443328,A,public observation
2018-07-31,05454500,"Iowa River at Iowa City, IA",1210.0,34.26338437632,A,public observation
2018-08-01,05454500,"Iowa River at Iowa City, IA",1070.0,30.29902585344,A,public observation
2018-08-02,05454500,"Iowa River at Iowa City, IA",1060.0,30.01585738752,A,public observation
2018-08-03,05454500,"Iowa River at Iowa City, IA",979.0,27.722192813568,A,public observation
2018-08-04,05454500,"Iowa River at Iowa City, IA",879.0,24.890508154368,A,public observation
2018-08-05,05454500,"Iowa River at Iowa City, IA",877.0,24.833874461184,A,public observation
2018-08-06,05454500,"Iowa River at Iowa City, IA",920.0,26.05149886464,A,public observation
2018-08-07,05454500,"Iowa River at Iowa City, IA",1100.0,31.1485312512,A,public observation
2018-08-08,05454500,"Iowa River at Iowa City, IA",1680.0,47.57230227456,A,public observation
2018-08-09,05454500,"Iowa River at Iowa City, IA",1810.0,51.25349233152,A,public observation
2018-08-10,05454500,"Iowa River at Iowa City, IA",1910.0,54.08517699072,A,public observation
2018-08-11,05454500,"Iowa River at Iowa City, IA",2090.0,59.18220937728,A,public observation
2018-08-12,05454500,"Iowa River at Iowa City, IA",1920.0,54.36834545664,A,public observation
2018-08-13,05454500,"Iowa River at Iowa City, IA",1680.0,47.57230227456,A,public observation
2018-08-14,05454500,"Iowa River at Iowa City, IA",1430.0,40.493090626560004,A,public observation
2018-08-15,05454500,"Iowa River at Iowa City, IA",1530.0,43.32477528576,A,public observation
2018-08-16,05454500,"Iowa River at Iowa City, IA",1370.0,38.79407983104,A,public observation
2018-08-17,05454500,"Iowa River at Iowa City, IA",1360.0,38.51091136512,A,public observation
2018-08-18,05454500,"Iowa River at Iowa City, IA",1220.0,34.546552842240004,A,public observation
2018-08-19,05454500,"Iowa River at Iowa City, IA",1170.0,33.13071051264,A,public observation
2018-08-20,05454500,"Iowa River at Iowa City, IA",1410.0,39.92675369472,A,public observation
2018-08-21,05454500,"Iowa River at Iowa City, IA",1420.0,40.20992216064,A,public observation
2018-08-22,05454500,"Iowa River at Iowa City, IA",1290.0,36.52873210368,A,public observation
2018-08-23,05454500,"Iowa River at Iowa City, IA",2180.0,61.730725570560004,A,public observation
2018-08-24,05454500,"Iowa River at Iowa City, IA",3390.0,95.99410994688,A,public observation
2018-08-25,05454500,"Iowa River at Iowa City, IA",3520.0,99.67530000384001,A,public observation
2018-08-26,05454500,"Iowa River at Iowa City, IA",3180.0,90.04757216256,A,public observation
2018-08-27,05454500,"Iowa River at Iowa City, IA",2540.0,71.92479034368,A,public observation
2018-08-28,05454500,"Iowa River at Iowa City, IA",2050.0,58.0495355136,A,public observation
2018-08-29,05454500,"Iowa River at Iowa City, IA",2150.0,60.8812201728,A,public observation
2018-08-30,05454500,"Iowa River at Iowa City, IA",2040.0,57.76636704768,A,public observation
2018-08-31,05454500,"Iowa River at Iowa City, IA",2100.0,59.4653778432,A,public observation
2018-09-01,05454500,"Iowa River at Iowa City, IA",3350.0,94.8614360832,A,public observation
2018-09-02,05454500,"Iowa River at Iowa City, IA",5240.0,148.38027614208,A,public observation
2018-09-03,05454500,"Iowa River at Iowa City, IA",6020.0,170.46741648384,A,public observation
2018-09-04,05454500,"Iowa River at Iowa City, IA",6130.0,173.58226960896002,A,public observation
2018-09-05,05454500,"Iowa River at Iowa City, IA",7300.0,206.7129801216,A,public observation
2018-09-06,05454500,"Iowa River at Iowa City, IA",8530.0,241.54270142976,A,public observation
2018-09-07,05454500,"Iowa River at Iowa City, IA",5120.0,144.98225455104,A,public observation
2018-09-08,05454500,"Iowa River at Iowa City, IA",1610.0,45.59012301312,A,public observation
2018-09-09,05454500,"Iowa River at Iowa City, IA",1540.0,43.607943751680004,A,public observation
2018-09-10,05454500,"Iowa River at Iowa City, IA",3620.0,102.50698466304,A,public observation
2018-09-11,05454500,"Iowa River at Iowa City, IA",6850.0,193.9703991552,A,public observation
2018-09-12,05454500,"Iowa River at Iowa City, IA",6510.0,184.34267131392,A,public observation
2018-09-13,05454500,"Iowa River at Iowa City, IA",6380.0,180.66148125696,A,public observation
2018-09-14,05454500,"Iowa River at Iowa City, IA",6410.0,181.51098665472,A,public observation
2018-09-15,05454500,"Iowa River at Iowa City, IA",6430.0,182.07732358656,A,public observation
2018-09-16,05454500,"Iowa River at Iowa City, IA",6460.0,182.92682898432,A,public observation
2018-09-17,05454500,"Iowa River at Iowa City, IA",6470.0,183.20999745024,A,public observation
2018-09-18,05454500,"Iowa River at Iowa City, IA",7200.0,203.8812954624,A,public observation
2018-09-19,05454500,"Iowa River at Iowa City, IA",10200.0,288.8318352384,A,public observation
2018-09-20,05454500,"Iowa River at Iowa City, IA",10700.0,302.9902585344,A,public observation
2018-09-21,05454500,"Iowa River at Iowa City, IA",10300.0,291.6635198976,A,public observation
2018-09-22,05454500,"Iowa River at Iowa City, IA",10200.0,288.8318352384,A,public observation
2018-09-23,05454500,"Iowa River at Iowa City, IA",10100.0,286.0001505792,A,public observation
2018-09-24,05454500,"Iowa River at Iowa City, IA",10100.0,286.0001505792,A,public observation
2018-09-25,05454500,"Iowa River at Iowa City, IA",10100.0,286.0001505792,A,public observation
2018-09-26,05454500,"Iowa River at Iowa City, IA",6090.0,172.44959574528,A,public observation
2018-09-27,05454500,"Iowa River at Iowa City, IA",1550.0,43.8911122176,A,public observation
2018-09-28,05454500,"Iowa River at Iowa City, IA",1490.0,42.19210142208,A,public observation
2018-09-29,05454500,"Iowa River at Iowa City, IA",3840.0,108.73669091328,A,public observation
2018-09-30,05454500,"Iowa River at Iowa City, IA",8540.0,241.82586989568,A,public observation
2018-10-01,05454500,"Iowa River at Iowa City, IA",10200.0,288.8318352384,A,public observation
2018-10-02,05454500,"Iowa River at Iowa City, IA",10300.0,291.6635198976,A,public observation
2018-10-03,05454500,"Iowa River at Iowa City, IA",10300.0,291.6635198976,A,public observation
2018-10-04,05454500,"Iowa River at Iowa City, IA",10300.0,291.6635198976,A,public observation
2018-10-05,05454500,"Iowa River at Iowa City, IA",10400.0,294.4952045568,A,public observation
2018-10-06,05454500,"Iowa River at Iowa City, IA",14800.0,419.08932956160004,A,public observation
2018-10-07,05454500,"Iowa River at Iowa City, IA",13100.0,370.95069035520004,A,public observation
2018-10-08,05454500,"Iowa River at Iowa City, IA",12900.0,365.2873210368,A,public observation
2018-10-09,05454500,"Iowa River at Iowa City, IA",11900.0,336.9704744448,A,public observation
2018-10-10,05454500,"Iowa River at Iowa City, IA",13000.0,368.119005696,A,public observation
2018-10-11,05454500,"Iowa River at Iowa City, IA",13000.0,368.119005696,A,public observation
2018-10-12,05454500,"Iowa River at Iowa City, IA",12600.0,356.7922670592,A,public observation
2018-10-13,05454500,"Iowa River at Iowa City, IA",12500.0,353.9605824,A,public observation
2018-10-14,05454500,"Iowa River at Iowa City, IA",12500.0,353.9605824,A,public observation
2018-10-15,05454500,"Iowa River at Iowa City, IA",12500.0,353.9605824,A,public observation
2018-10-16,05454500,"Iowa River at Iowa City, IA",12400.0,351.1288977408,A,public observation
2018-10-17,05454500,"Iowa River at Iowa City, IA",12400.0,351.1288977408,A,public observation
2018-10-18,05454500,"Iowa River at Iowa City, IA",12400.0,351.1288977408,A,public observation
2018-10-19,05454500,"Iowa River at Iowa City, IA",12400.0,351.1288977408,A,public observation
2018-10-20,05454500,"Iowa River at Iowa City, IA",12400.0,351.1288977408,A,public observation
2018-10-21,05454500,"Iowa River at Iowa City, IA",12300.0,348.29721308160003,A,public observation
2018-10-22,05454500,"Iowa River at Iowa City, IA",12300.0,348.29721308160003,A,public observation
2018-10-23,05454500,"Iowa River at Iowa City, IA",12300.0,348.29721308160003,A,public observation
2018-10-24,05454500,"Iowa River at Iowa City, IA",12200.0,345.4655284224,A,public observation
2018-10-25,05454500,"Iowa River at Iowa City, IA",12200.0,345.4655284224,A,public observation
2018-10-26,05454500,"Iowa River at Iowa City, IA",12100.0,342.6338437632,A,public observation
2018-10-27,05454500,"Iowa River at Iowa City, IA",12000.0,339.802159104,A,public observation
2018-10-28,05454500,"Iowa River at Iowa City, IA",12000.0,339.802159104,A,public observation
2018-10-29,05454500,"Iowa River at Iowa City, IA",11600.0,328.4754204672,A,public observation
2018-10-30,05454500,"Iowa River at Iowa City, IA",11000.0,311.485312512,A,public observation
2018-10-31,05454500,"Iowa River at Iowa City, IA",10600.0,300.15857387520003,A,public observation
2018-11-01,05454500,"Iowa River at Iowa City, IA",10600.0,300.15857387520003,A,public observation
2018-11-02,05454500,"Iowa River at Iowa City, IA",10500.0,297.326889216,A,public observation
2018-11-03,05454500,"Iowa River at Iowa City, IA",10400.0,294.4952045568,A,public observation
2018-11-04,05454500,"Iowa River at Iowa City, IA",11000.0,311.485312512,A,public observation
2018-11-05,05454500,"Iowa River at Iowa City, IA",10300.0,291.6635198976,A,public observation
2018-11-06,05454500,"Iowa River at Iowa City, IA",9190.0,260.23182018048,A,public observation
2018-11-07,05454500,"Iowa River at Iowa City, IA",9920.0,280.90311819264,A,public observation
2018-11-08,05454500,"Iowa River at Iowa City, IA",10200.0,288.8318352384,A,public observation
2018-11-09,05454500,"Iowa River at Iowa City, IA",10200.0,288.8318352384,A,public observation
2018-11-10,05454500,"Iowa River at Iowa City, IA",10100.0,286.0001505792,A,public observation
2018-11-11,05454500,"Iowa River at Iowa City, IA",10000.0,283.16846592,A,public observation
2018-11-12,05454500,"Iowa River at Iowa City, IA",9980.0,282.60212898816,A,public observation
2018-11-13,05454500,"Iowa River at Iowa City, IA",9980.0,282.60212898816,A,public observation
2018-11-14,05454500,"Iowa River at Iowa City, IA",10100.0,286.0001505792,A,public observation
2018-11-15,05454500,"Iowa River at Iowa City, IA",10100.0,286.0001505792,A,public observation
2018-11-16,05454500,"Iowa River at Iowa City, IA",10100.0,286.0001505792,A,public observation
2018-11-17,05454500,"Iowa River at Iowa City, IA",10100.0,286.0001505792,A,public observation
2018-11-18,05454500,"Iowa River at Iowa City, IA",9970.0,282.31896052224,A,public observation
2018-11-19,05454500,"Iowa River at Iowa City, IA",9560.0,270.70905341952,A,public observation
2018-11-20,05454500,"Iowa River at Iowa City, IA",9050.0,256.2674616576,A,public observation
2018-11-21,05454500,"Iowa River at Iowa City, IA",8380.0,237.29517444096,A,public observation
2018-11-22,05454500,"Iowa River at Iowa City, IA",7630.0,216.05753949696,A,public observation
2018-11-23,05454500,"Iowa River at Iowa City, IA",7060.0,199.91693693952,A,public observation
2018-11-24,05454500,"Iowa River at Iowa City, IA",6510.0,184.34267131392,A,public observation
2018-11-25,05454500,"Iowa River at Iowa City, IA",6380.0,180.66148125696,A,public observation
2018-11-26,05454500,"Iowa River at Iowa City, IA",6080.0,172.16642727936,A,public observation
2018-11-27,05454500,"Iowa River at Iowa City, IA",4630.0,131.10699972096,A,public observation
2018-11-28,05454500,"Iowa River at Iowa City, IA",3060.0,86.64955057152,A,public observation
2018-11-29,05454500,"Iowa River at Iowa City, IA",2890.0,81.83568665088,A,public observation
2018-11-30,05454500,"Iowa River at Iowa City, IA",3040.0,86.08321363968,A,public observation
2018-12-01,05454500,"Iowa River at Iowa City, IA",3410.0,96.56044687872,A,public observation
2018-12-02,05454500,"Iowa River at Iowa City, IA",3610.0,102.22381619712,A,public observation
2018-12-03,05454500,"Iowa River at Iowa City, IA",3710.0,105.05550085632001,A,public observation
2018-12-04,05454500,"Iowa River at Iowa City, IA",4170.0,118.08125028864,A,public observation
2018-12-05,05454500,"Iowa River at Iowa City, IA",4390.0,124.31095653888,A,public observation
2018-12-06,05454500,"Iowa River at Iowa City, IA",4490.0,127.14264119808,A,public observation
2018-12-07,05454500,"Iowa River at Iowa City, IA",3950.0,111.85154403840001,A,public observation
2018-12-08,05454500,"Iowa River at Iowa City, IA",3370.0,95.42777301504,A,public observation
2018-12-09,05454500,"Iowa River at Iowa City, IA",3150.0,89.1980667648,A,public observation
2018-12-10,05454500,"Iowa River at Iowa City, IA",2370.0,67.11092642304,A,public observation
2018-12-11,05454500,"Iowa River at Iowa City, IA",2560.0,72.49112727552,A,public observation
2018-12-12,05454500,"Iowa River at Iowa City, IA",3350.0,94.8614360832,A,public observation
2018-12-13,05454500,"Iowa River at Iowa City, IA",3440.0,97.40995227648,A,public observation
2018-12-14,05454500,"Iowa River at Iowa City, IA",3430.0,97.12678381056,A,public observation
2018-12-15,05454500,"Iowa River at Iowa City, IA",3020.0,85.51687670784,A,public observation
2018-12-16,05454500,"Iowa River at Iowa City, IA",2620.0,74.19013807104,A,public observation
2018-12-17,05454500,"Iowa River at Iowa City, IA",2610.0,73.90696960512,A,public observation
2018-12-18,05454500,"Iowa River at Iowa City, IA",2620.0,74.19013807104,A,public observation
2018-12-19,05454500,"Iowa River at Iowa City, IA",2610.0,73.90696960512,A,public observation
2018-12-20,05454500,"Iowa River at Iowa City, IA",2610.0,73.90696960512,A,public observation
2018-12-21,05454500,"Iowa River at Iowa City, IA",2600.0,73.6238011392,A,public observation
2018-12-22,05454500,"Iowa River at Iowa City, IA",2440.0,69.09310568448001,A,public observation
2018-12-23,05454500,"Iowa River at Iowa City, IA",2250.0,63.712904832,A,public observation
2018-12-24,05454500,"Iowa River at Iowa City, IA",2250.0,63.712904832,A,public observation
2018-12-25,05454500,"Iowa River at Iowa City, IA",2250.0,63.712904832,A,public observation
2018-12-26,05454500,"Iowa River at Iowa City, IA",2260.0,63.99607329792,A,public observation
2018-12-27,05454500,"Iowa River at Iowa City, IA",3160.0,89.48123523072,A,public observation
2018-12-28,05454500,"Iowa River at Iowa City, IA",4410.0,124.87729347072,A,public observation
2018-12-29,05454500,"Iowa River at Iowa City, IA",5220.0,147.81393921024,A,public observation
2018-12-30,05454500,"Iowa River at Iowa City, IA",5510.0,156.02582472192,A,public observation
2018-12-31,05454500,"Iowa River at Iowa City, IA",6260.0,177.26345966592,A,public observation
2019-01-01,05454500,"Iowa River at Iowa City, IA",6570.0,186.04168210944002,A,public observation
2019-01-02,05454500,"Iowa River at Iowa City, IA",6500.0,184.059502848,A,public observation
2019-01-03,05454500,"Iowa River at Iowa City, IA",6470.0,183.20999745024,A,public observation
2019-01-04,05454500,"Iowa River at Iowa City, IA",6270.0,177.54662813184,A,public observation
2019-01-05,05454500,"Iowa River at Iowa City, IA",5730.0,162.25553097216002,A,public observation
2019-01-06,05454500,"Iowa River at Iowa City, IA",4460.0,126.29313580032,A,public observation
2019-01-07,05454500,"Iowa River at Iowa City, IA",3940.0,111.56837557248001,A,public observation
2019-01-08,05454500,"Iowa River at Iowa City, IA",4800.0,135.9208636416,A,public observation
2019-01-09,05454500,"Iowa River at Iowa City, IA",5040.0,142.71690682368,A,public observation
2019-01-10,05454500,"Iowa River at Iowa City, IA",4560.0,129.12482045952,A,public observation
2019-01-11,05454500,"Iowa River at Iowa City, IA",4130.0,116.94857642496001,A,public observation
2019-01-12,05454500,"Iowa River at Iowa City, IA",3950.0,111.85154403840001,A,public observation
2019-01-13,05454500,"Iowa River at Iowa City, IA",3100.0,87.7822244352,A,public observation
2019-01-14,05454500,"Iowa River at Iowa City, IA",2710.0,76.73865426432,A,public observation
2019-01-15,05454500,"Iowa River at Iowa City, IA",3340.0,94.57826761728,A,public observation
2019-01-16,05454500,"Iowa River at Iowa City, IA",3450.0,97.6931207424,A,public observation
2019-01-17,05454500,"Iowa River at Iowa City, IA",3420.0,96.84361534464,A,public observation
2019-01-18,05454500,"Iowa River at Iowa City, IA",3110.0,88.06539290112,A,public observation
2019-01-19,05454500,"Iowa River at Iowa City, IA",2540.0,71.92479034368,A,public observation
2019-01-20,05454500,"Iowa River at Iowa City, IA",2280.0,64.56241022976,A,public observation
2019-01-21,05454500,"Iowa River at Iowa City, IA",1890.0,53.51884005888,A,public observation
2019-01-22,05454500,"Iowa River at Iowa City, IA",1580.0,44.74061761536,A,public observation
2019-01-23,05454500,"Iowa River at Iowa City, IA",1560.0,44.17428068352,A,public observation
2019-01-24,05454500,"Iowa River at Iowa City, IA",1540.0,43.607943751680004,A,public observation
2019-01-25,05454500,"Iowa River at Iowa City, IA",1540.0,43.607943751680004,A,public observation
2019-01-26,05454500,"Iowa River at Iowa City, IA",1720.0,48.70497613824,A,public observation
2019-01-27,05454500,"Iowa River at Iowa City, IA",1890.0,53.51884005888,A,public observation
2019-01-28,05454500,"Iowa River at Iowa City, IA",1880.0,53.23567159296,A,public observation
2019-01-29,05454500,"Iowa River at Iowa City, IA",1910.0,54.08517699072,A,public observation
2019-01-30,05454500,"Iowa River at Iowa City, IA",2460.0,69.65944261632,A,public observation
2019-01-31,05454500,"Iowa River at Iowa City, IA",2380.0,67.39409488896,A,public observation
2019-02-01,05454500,"Iowa River at Iowa City, IA",2230.0,63.14656790016,A,public observation
2019-02-02,05454500,"Iowa River at Iowa City, IA",2110.0,59.74854630912,A,public observation
2019-02-03,05454500,"Iowa River at Iowa City, IA",2080.0,58.899040911360004,A,public observation
2019-02-04,05454500,"Iowa River at Iowa City, IA",3110.0,88.06539290112,A,public observation
2019-02-05,05454500,"Iowa River at Iowa City, IA",4320.0,122.32877727744,A,public observation
2019-02-06,05454500,"Iowa River at Iowa City, IA",5270.0,149.22978153984,A,public observation
2019-02-07,05454500,"Iowa River at Iowa City, IA",5580.0,158.00800398336,A,public observation
2019-02-08,05454500,"Iowa River at Iowa City, IA",5770.0,163.38820483584,A,public observation
2019-02-09,05454500,"Iowa River at Iowa City, IA",6200.0,175.5644488704,A,public observation
2019-02-10,05454500,"Iowa River at Iowa City, IA",5960.0,168.76840568832,A,public observation
2019-02-11,05454500,"Iowa River at Iowa City, IA",5640.0,159.70701477888,A,public observation
2019-02-12,05454500,"Iowa River at Iowa City, IA",4590.0,129.97432585728,A,public observation
2019-02-13,05454500,"Iowa River at Iowa City, IA",3340.0,94.57826761728,A,public observation
2019-02-14,05454500,"Iowa River at Iowa City, IA",2740.0,77.58815966208,A,public observation
2019-02-15,05454500,"Iowa River at Iowa City, IA",2460.0,69.65944261632,A,public observation
2019-02-16,05454500,"Iowa River at Iowa City, IA",2250.0,63.712904832,A,public observation
2019-02-17,05454500,"Iowa River at Iowa City, IA",2210.0,62.58023096832,A,public observation
2019-02-18,05454500,"Iowa River at Iowa City, IA",2200.0,62.2970625024,A,public observation
2019-02-19,05454500,"Iowa River at Iowa City, IA",2200.0,62.2970625024,A,public observation
2019-02-20,05454500,"Iowa River at Iowa City, IA",2200.0,62.2970625024,A,public observation
2019-02-21,05454500,"Iowa River at Iowa City, IA",2020.0,57.20003011584,A,public observation
2019-02-22,05454500,"Iowa River at Iowa City, IA",1830.0,51.81982926336,A,public observation
2019-02-23,05454500,"Iowa River at Iowa City, IA",2750.0,77.871328128,A,public observation
2019-02-24,05454500,"Iowa River at Iowa City, IA",3870.0,109.58619631104,A,public observation
2019-02-25,05454500,"Iowa River at Iowa City, IA",2020.0,57.20003011584,A,public observation
2019-02-26,05454500,"Iowa River at Iowa City, IA",2720.0,77.02182273024,A,public observation
2019-02-27,05454500,"Iowa River at Iowa City, IA",4700.0,133.0891789824,A,public observation
2019-02-28,05454500,"Iowa River at Iowa City, IA",5140.0,145.54859148288,A,public observation
2019-03-01,05454500,"Iowa River at Iowa City, IA",4110.0,116.38223949312,A,public observation
2019-03-02,05454500,"Iowa River at Iowa City, IA",2770.0,78.43766505984,A,public observation
2019-03-03,05454500,"Iowa River at Iowa City, IA",2320.0,65.69508409344,A,public observation
2019-03-04,05454500,"Iowa River at Iowa City, IA",2070.0,58.615872445440004,A,public observation
2019-03-05,05454500,"Iowa River at Iowa City, IA",1970.0,55.784187786240004,A,public observation
2019-03-06,05454500,"Iowa River at Iowa City, IA",1800.0,50.9703238656,A,public observation
2019-03-07,05454500,"Iowa River at Iowa City, IA",1670.0,47.28913380864,A,public observation
2019-03-08,05454500,"Iowa River at Iowa City, IA",1670.0,47.28913380864,A,public observation
2019-03-09,05454500,"Iowa River at Iowa City, IA",1830.0,51.81982926336,A,public observation
2019-03-10,05454500,"Iowa River at Iowa City, IA",2430.0,68.80993721856001,A,public observation
2019-03-11,05454500,"Iowa River at Iowa City, IA",2790.0,79.00400199168,A,public observation
2019-03-12,05454500,"Iowa River at Iowa City, IA",4800.0,135.9208636416,A,public observation
2019-03-13,05454500,"Iowa River at Iowa City, IA",9110.0,257.96647245312,A,public observation
2019-03-14,05454500,"Iowa River at Iowa City, IA",10800.0,305.8219431936,A,public observation
2019-03-15,05454500,"Iowa River at Iowa City, IA",9390.0,265.89518949888003,A,public observation
2019-03-16,05454500,"Iowa River at Iowa City, IA",10500.0,297.326889216,A,public observation
2019-03-17,05454500,"Iowa River at Iowa City, IA",10500.0,297.326889216,A,public observation
2019-03-18,05454500,"Iowa River at Iowa City, IA",10300.0,291.6635198976,A,public observation
2019-03-19,05454500,"Iowa River at Iowa City, IA",10500.0,297.326889216,A,public observation
2019-03-20,05454500,"Iowa River at Iowa City, IA",10700.0,302.9902585344,A,public observation
2019-03-21,05454500,"Iowa River at Iowa City, IA",10400.0,294.4952045568,A,public observation
2019-03-22,05454500,"Iowa River at Iowa City, IA",10100.0,286.0001505792,A,public observation
2019-03-23,05454500,"Iowa River at Iowa City, IA",10300.0,291.6635198976,A,public observation
2019-03-24,05454500,"Iowa River at Iowa City, IA",10300.0,291.6635198976,A,public observation
2019-03-25,05454500,"Iowa River at Iowa City, IA",10300.0,291.6635198976,A,public observation
2019-03-26,05454500,"Iowa River at Iowa City, IA",10300.0,291.6635198976,A,public observation
2019-03-27,05454500,"Iowa River at Iowa City, IA",10300.0,291.6635198976,A,public observation
2019-03-28,05454500,"Iowa River at Iowa City, IA",10300.0,291.6635198976,A,public observation
2019-03-29,05454500,"Iowa River at Iowa City, IA",10300.0,291.6635198976,A,public observation
2019-03-30,05454500,"Iowa River at Iowa City, IA",10300.0,291.6635198976,A,public observation
2019-03-31,05454500,"Iowa River at Iowa City, IA",10200.0,288.8318352384,A,public observation
2019-04-01,05454500,"Iowa River at Iowa City, IA",10200.0,288.8318352384,A,public observation
2019-04-02,05454500,"Iowa River at Iowa City, IA",10200.0,288.8318352384,A,public observation
2019-04-03,05454500,"Iowa River at Iowa City, IA",10200.0,288.8318352384,A,public observation
2019-04-04,05454500,"Iowa River at Iowa City, IA",10200.0,288.8318352384,A,public observation
2019-04-05,05454500,"Iowa River at Iowa City, IA",10200.0,288.8318352384,A,public observation
2019-04-06,05454500,"Iowa River at Iowa City, IA",10100.0,286.0001505792,A,public observation
2019-04-07,05454500,"Iowa River at Iowa City, IA",10200.0,288.8318352384,A,public observation
2019-04-08,05454500,"Iowa River at Iowa City, IA",10200.0,288.8318352384,A,public observation
2019-04-09,05454500,"Iowa River at Iowa City, IA",10100.0,286.0001505792,A,public observation
2019-04-10,05454500,"Iowa River at Iowa City, IA",10100.0,286.0001505792,A,public observation
2019-04-11,05454500,"Iowa River at Iowa City, IA",9980.0,282.60212898816,A,public observation
2019-04-12,05454500,"Iowa River at Iowa City, IA",9970.0,282.31896052224,A,public observation
2019-04-13,05454500,"Iowa River at Iowa City, IA",9950.0,281.7526235904,A,public observation
2019-04-14,05454500,"Iowa River at Iowa City, IA",9800.0,277.50509660160003,A,public observation
2019-04-15,05454500,"Iowa River at Iowa City, IA",9650.0,273.2575696128,A,public observation
2019-04-16,05454500,"Iowa River at Iowa City, IA",9210.0,260.79815711232,A,public observation
2019-04-17,05454500,"Iowa River at Iowa City, IA",8560.0,242.39220682752,A,public observation
2019-04-18,05454500,"Iowa River at Iowa City, IA",8200.0,232.1981420544,A,public observation
2019-04-19,05454500,"Iowa River at Iowa City, IA",7540.0,213.50902330368,A,public observation
2019-04-20,05454500,"Iowa River at Iowa City, IA",6420.0,181.79415512064,A,public observation
2019-04-21,05454500,"Iowa River at Iowa City, IA",5460.0,154.60998239232,A,public observation
2019-04-22,05454500,"Iowa River at Iowa City, IA",4790.0,135.63769517568,A,public observation
2019-04-23,05454500,"Iowa River at Iowa City, IA",3600.0,101.9406477312,A,public observation
2019-04-24,05454500,"Iowa River at Iowa City, IA",3010.0,85.23370824192,A,public observation
2019-04-25,05454500,"Iowa River at Iowa City, IA",3150.0,89.1980667648,A,public observation
2019-04-26,05454500,"Iowa River at Iowa City, IA",3140.0,88.91489829888,A,public observation
2019-04-27,05454500,"Iowa River at Iowa City, IA",3210.0,90.89707756032,A,public observation
2019-04-28,05454500,"Iowa River at Iowa City, IA",3280.0,92.87925682176001,A,public observation
2019-04-29,05454500,"Iowa River at Iowa City, IA",5020.0,142.15056989184,A,public observation
2019-04-30,05454500,"Iowa River at Iowa City, IA",5450.0,154.3268139264,A,public observation
2019-05-01,05454500,"Iowa River at Iowa City, IA",3830.0,108.45352244736,A,public observation
2019-05-02,05454500,"Iowa River at Iowa City, IA",1700.0,48.1386392064,A,public observation
2019-05-03,05454500,"Iowa River at Iowa City, IA",1610.0,45.59012301312,A,public observation
2019-05-04,05454500,"Iowa River at Iowa City, IA",1560.0,44.17428068352,A,public observation
2019-05-05,05454500,"Iowa River at Iowa City, IA",1530.0,43.32477528576,A,public observation
2019-05-06,05454500,"Iowa River at Iowa City, IA",3330.0,94.29509915136,A,public observation
2019-05-07,05454500,"Iowa River at Iowa City, IA",5770.0,163.38820483584,A,public observation
2019-05-08,05454500,"Iowa River at Iowa City, IA",6790.0,192.27138835968,A,public observation
2019-05-09,05454500,"Iowa River at Iowa City, IA",6720.0,190.28920909824,A,public observation
2019-05-10,05454500,"Iowa River at Iowa City, IA",5820.0,164.80404716544,A,public observation
2019-05-11,05454500,"Iowa River at Iowa City, IA",4850.0,137.3367059712,A,public observation
2019-05-12,05454500,"Iowa River at Iowa City, IA",4910.0,139.03571676672001,A,public observation
2019-05-13,05454500,"Iowa River at Iowa City, IA",5390.0,152.62780313088,A,public observation
2019-05-14,05454500,"Iowa River at Iowa City, IA",5490.0,155.45948779008,A,public observation
2019-05-15,05454500,"Iowa River at Iowa City, IA",5090.0,144.13274915328,A,public observation
2019-05-16,05454500,"Iowa River at Iowa City, IA",4580.0,129.69115739136,A,public observation
2019-05-17,05454500,"Iowa River at Iowa City, IA",7220.0,204.44763239424,A,public observation
2019-05-18,05454500,"Iowa River at Iowa City, IA",7860.0,222.57041421312002,A,public observation
2019-05-19,05454500,"Iowa River at Iowa City, IA",7220.0,204.44763239424,A,public observation
2019-05-20,05454500,"Iowa River at Iowa City, IA",2300.0,65.1287471616,A,public observation
2019-05-21,05454500,"Iowa River at Iowa City, IA",1960.0,55.501019320320005,A,public observation
2019-05-22,05454500,"Iowa River at Iowa City, IA",4050.0,114.6832286976,A,public observation
2019-05-23,05454500,"Iowa River at Iowa City, IA",7400.0,209.54466478080002,A,public observation
2019-05-24,05454500,"Iowa River at Iowa City, IA",8980.0,254.28528239616,A,public observation
2019-05-25,05454500,"Iowa River at Iowa City, IA",11100.0,314.3169971712,A,public observation
2019-05-26,05454500,"Iowa River at Iowa City, IA",10600.0,300.15857387520003,A,public observation
2019-05-27,05454500,"Iowa River at Iowa City, IA",10700.0,302.9902585344,A,public observation
2019-05-28,05454500,"Iowa River at Iowa City, IA",11600.0,328.4754204672,A,public observation
2019-05-29,05454500,"Iowa River at Iowa City, IA",12600.0,356.7922670592,A,public observation
2019-05-30,05454500,"Iowa River at Iowa City, IA",12300.0,348.29721308160003,A,public observation
2019-05-31,05454500,"Iowa River at Iowa City, IA",11100.0,314.3169971712,A,public observation
2019-06-01,05454500,"Iowa River at Iowa City, IA",10700.0,302.9902585344,A,public observation
2019-06-02,05454500,"Iowa River at Iowa City, IA",10800.0,305.8219431936,A,public observation
2019-06-03,05454500,"Iowa River at Iowa City, IA",10700.0,302.9902585344,A,public observation
2019-06-04,05454500,"Iowa River at Iowa City, IA",10800.0,305.8219431936,A,public observation
2019-06-05,05454500,"Iowa River at Iowa City, IA",10700.0,302.9902585344,A,public observation
2019-06-06,05454500,"Iowa River at Iowa City, IA",10700.0,302.9902585344,A,public observation
2019-06-07,05454500,"Iowa River at Iowa City, IA",10600.0,300.15857387520003,A,public observation
2019-06-08,05454500,"Iowa River at Iowa City, IA",10600.0,300.15857387520003,A,public observation
2019-06-09,05454500,"Iowa River at Iowa City, IA",10500.0,297.326889216,A,public observation
2019-06-10,05454500,"Iowa River at Iowa City, IA",10500.0,297.326889216,A,public observation
2019-06-11,05454500,"Iowa River at Iowa City, IA",10400.0,294.4952045568,A,public observation
2019-06-12,05454500,"Iowa River at Iowa City, IA",10400.0,294.4952045568,A,public observation
2019-06-13,05454500,"Iowa River at Iowa City, IA",10300.0,291.6635198976,A,public observation
2019-06-14,05454500,"Iowa River at Iowa City, IA",10200.0,288.8318352384,A,public observation
2019-06-15,05454500,"Iowa River at Iowa City, IA",10300.0,291.6635198976,A,public observation
2019-06-16,05454500,"Iowa River at Iowa City, IA",10500.0,297.326889216,A,public observation
2019-06-17,05454500,"Iowa River at Iowa City, IA",10200.0,288.8318352384,A,public observation
2019-06-18,05454500,"Iowa River at Iowa City, IA",10200.0,288.8318352384,A,public observation
2019-06-19,05454500,"Iowa River at Iowa City, IA",10100.0,286.0001505792,A,public observation
2019-06-20,05454500,"Iowa River at Iowa City, IA",10100.0,286.0001505792,A,public observation
2019-06-21,05454500,"Iowa River at Iowa City, IA",10200.0,288.8318352384,A,public observation
2019-06-22,05454500,"Iowa River at Iowa City, IA",10200.0,288.8318352384,A,public observation
2019-06-23,05454500,"Iowa River at Iowa City, IA",10300.0,291.6635198976,A,public observation
2019-06-24,05454500,"Iowa River at Iowa City, IA",10200.0,288.8318352384,A,public observation
2019-06-25,05454500,"Iowa River at Iowa City, IA",10200.0,288.8318352384,A,public observation
2019-06-26,05454500,"Iowa River at Iowa City, IA",10000.0,283.16846592,A,public observation
2019-06-27,05454500,"Iowa River at Iowa City, IA",9990.0,282.88529745408,A,public observation
2019-06-28,05454500,"Iowa River at Iowa City, IA",10000.0,283.16846592,A,public observation
2019-06-29,05454500,"Iowa River at Iowa City, IA",9900.0,280.3367812608,A,public observation
2019-06-30,05454500,"Iowa River at Iowa City, IA",9790.0,277.22192813568,A,public observation
2019-07-01,05454500,"Iowa River at Iowa City, IA",9750.0,276.089254272,A,public observation
2019-07-02,05454500,"Iowa River at Iowa City, IA",9570.0,270.99222188544,A,public observation
2019-07-03,05454500,"Iowa River at Iowa City, IA",9050.0,256.2674616576,A,public observation
2019-07-04,05454500,"Iowa River at Iowa City, IA",8390.0,237.57834290688,A,public observation
2019-07-05,05454500,"Iowa River at Iowa City, IA",8190.0,231.91497358848,A,public observation
2019-07-06,05454500,"Iowa River at Iowa City, IA",8080.0,228.80012046336,A,public observation
2019-07-07,05454500,"Iowa River at Iowa City, IA",7970.0,225.68526733824,A,public observation
2019-07-08,05454500,"Iowa River at Iowa City, IA",7360.0,208.41199091712,A,public observation
2019-07-09,05454500,"Iowa River at Iowa City, IA",6210.0,175.84761733632,A,public observation
2019-07-10,05454500,"Iowa River at Iowa City, IA",4920.0,139.31888523264,A,public observation
2019-07-11,05454500,"Iowa River at Iowa City, IA",3770.0,106.75451165184,A,public observation
2019-07-12,05454500,"Iowa River at Iowa City, IA",3530.0,99.95846846976,A,public observation
2019-07-13,05454500,"Iowa River at Iowa City, IA",3260.0,92.31291988992,A,public observation
2019-07-14,05454500,"Iowa River at Iowa City, IA",3040.0,86.08321363968,A,public observation
2019-07-15,05454500,"Iowa River at Iowa City, IA",2700.0,76.4554857984,A,public observation
2019-07-16,05454500,"Iowa River at Iowa City, IA",2090.0,59.18220937728,A,public observation
2019-07-17,05454500,"Iowa River at Iowa City, IA",2340.0,66.26142102528,A,public observation
2019-07-18,05454500,"Iowa River at Iowa City, IA",2510.0,71.07528494592,A,public observation
2019-07-19,05454500,"Iowa River at Iowa City, IA",2480.0,70.22577954816,A,public observation
2019-07-20,05454500,"Iowa River at Iowa City, IA",2460.0,69.65944261632,A,public observation
2019-07-21,05454500,"Iowa River at Iowa City, IA",2440.0,69.09310568448001,A,public observation
2019-07-22,05454500,"Iowa River at Iowa City, IA",2320.0,65.69508409344,A,public observation
2019-07-23,05454500,"Iowa River at Iowa City, IA",2180.0,61.730725570560004,A,public observation
2019-07-24,05454500,"Iowa River at Iowa City, IA",2070.0,58.615872445440004,A,public observation
2019-07-25,05454500,"Iowa River at Iowa City, IA",1850.0,52.386166195200005,A,public observation
2019-07-26,05454500,"Iowa River at Iowa City, IA",1700.0,48.1386392064,A,public observation
2019-07-27,05454500,"Iowa River at Iowa City, IA",1700.0,48.1386392064,A,public observation
2019-07-28,05454500,"Iowa River at Iowa City, IA",1690.0,47.85547074048,A,public observation
2019-07-29,05454500,"Iowa River at Iowa City, IA",1710.0,48.42180767232,A,public observation
2019-07-30,05454500,"Iowa River at Iowa City, IA",1650.0,46.722796876800004,A,public observation
2019-07-31,05454500,"Iowa River at Iowa City, IA",1590.0,45.02378608128,A,public observation
2019-08-01,05454500,"Iowa River at Iowa City, IA",1580.0,44.74061761536,A,public observation
2019-08-02,05454500,"Iowa River at Iowa City, IA",1470.0,41.62576449024,A,public observation
2019-08-03,05454500,"Iowa River at Iowa City, IA",1340.0,37.94457443328,A,public observation
2019-08-04,05454500,"Iowa River at Iowa City, IA",1200.0,33.9802159104,A,public observation
2019-08-05,05454500,"Iowa River at Iowa City, IA",813.0,23.021596279296002,A,public observation
2019-08-06,05454500,"Iowa River at Iowa City, IA",460.0,13.02574943232,A,public observation
2019-08-07,05454500,"Iowa River at Iowa City, IA",277.0,7.843766505984,A,public observation
2019-08-08,05454500,"Iowa River at Iowa City, IA",783.0,22.172090881536,A,public observation
2019-08-09,05454500,"Iowa River at Iowa City, IA",1820.0,51.53666079744,A,public observation
2019-08-10,05454500,"Iowa River at Iowa City, IA",1880.0,53.23567159296,A,public observation
2019-08-11,05454500,"Iowa River at Iowa City, IA",1780.0,50.40398693376,A,public observation
2019-08-12,05454500,"Iowa River at Iowa City, IA",1480.0,41.90893295616,A,public observation
2019-08-13,05454500,"Iowa River at Iowa City, IA",1050.0,29.7326889216,A,public observation
2019-08-14,05454500,"Iowa River at Iowa City, IA",966.0,27.354073807872002,A,public observation
2019-08-15,05454500,"Iowa River at Iowa City, IA",898.0,25.428528239616,A,public observation
2019-08-16,05454500,"Iowa River at Iowa City, IA",686.0,19.425356762112,A,public observation
2019-08-17,05454500,"Iowa River at Iowa City, IA",712.0,20.161594773504,A,public observation
2019-08-18,05454500,"Iowa River at Iowa City, IA",862.0,24.409121762304,A,public observation
2019-08-19,05454500,"Iowa River at Iowa City, IA",980.0,27.750509660160002,A,public observation
2019-08-20,05454500,"Iowa River at Iowa City, IA",1810.0,51.25349233152,A,public observation
2019-08-21,05454500,"Iowa River at Iowa City, IA",2550.0,72.2079588096,A,public observation
2019-08-22,05454500,"Iowa River at Iowa City, IA",2480.0,70.22577954816,A,public observation
2019-08-23,05454500,"Iowa River at Iowa City, IA",2080.0,58.899040911360004,A,public observation
2019-08-24,05454500,"Iowa River at Iowa City, IA",1690.0,47.85547074048,A,public observation
2019-08-25,05454500,"Iowa River at Iowa City, IA",1560.0,44.17428068352,A,public observation
2019-08-26,05454500,"Iowa River at Iowa City, IA",1510.0,42.75843835392,A,public observation
2019-08-27,05454500,"Iowa River at Iowa City, IA",1460.0,41.34259602432,A,public observation
2019-08-28,05454500,"Iowa River at Iowa City, IA",1280.0,36.24556363776,A,public observation
2019-08-29,05454500,"Iowa River at Iowa City, IA",908.0,25.711696705536,A,public observation
2019-08-30,05454500,"Iowa River at Iowa City, IA",712.0,20.161594773504,A,public observation
2019-08-31,05454500,"Iowa River at Iowa City, IA",644.0,18.236049205248,A,public observation
2019-09-01,05454500,"Iowa River at Iowa City, IA",582.0,16.480404716544,A,public observation
2019-09-02,05454500,"Iowa River at Iowa City, IA",578.0,16.367137330176,A,public observation
2019-09-03,05454500,"Iowa River at Iowa City, IA",669.0,18.943970370048,A,public observation
2019-09-04,05454500,"Iowa River at Iowa City, IA",754.0,21.350902330368,A,public observation
2019-09-05,05454500,"Iowa River at Iowa City, IA",753.0,21.322585483776,A,public observation
2019-09-06,05454500,"Iowa River at Iowa City, IA",749.0,21.209318097408,A,public observation
2019-09-07,05454500,"Iowa River at Iowa City, IA",684.0,19.368723068928002,A,public observation
2019-09-08,05454500,"Iowa River at Iowa City, IA",666.0,18.859019830272,A,public observation
2019-09-09,05454500,"Iowa River at Iowa City, IA",633.0,17.924563892736,A,public observation
2019-09-10,05454500,"Iowa River at Iowa City, IA",801.0,22.681794120192002,A,public observation
2019-09-11,05454500,"Iowa River at Iowa City, IA",787.0,22.285358267904,A,public observation
2019-09-12,05454500,"Iowa River at Iowa City, IA",1010.0,28.60001505792,A,public observation
2019-09-13,05454500,"Iowa River at Iowa City, IA",852.0,24.125953296384,A,public observation
2019-09-14,05454500,"Iowa River at Iowa City, IA",553.0,15.659216165376,A,public observation
2019-09-15,05454500,"Iowa River at Iowa City, IA",2100.0,59.4653778432,A,public observation
2019-09-16,05454500,"Iowa River at Iowa City, IA",1690.0,47.85547074048,A,public observation
2019-09-17,05454500,"Iowa River at Iowa City, IA",666.0,18.859019830272,A,public observation
2019-09-18,05454500,"Iowa River at Iowa City, IA",518.0,14.668126534656,A,public observation
2019-09-19,05454500,"Iowa River at Iowa City, IA",513.0,14.526542301696,A,public observation
2019-09-20,05454500,"Iowa River at Iowa City, IA",531.0,15.036245540352,A,public observation
2019-09-21,05454500,"Iowa River at Iowa City, IA",606.0,17.160009034752,A,public observation
2019-09-22,05454500,"Iowa River at Iowa City, IA",1060.0,30.01585738752,A,public observation
2019-09-23,05454500,"Iowa River at Iowa City, IA",1460.0,41.34259602432,A,public observation
2019-09-24,05454500,"Iowa River at Iowa City, IA",1830.0,51.81982926336,A,public observation
2019-09-25,05454500,"Iowa River at Iowa City, IA",2170.0,61.447557104640005,A,public observation
2019-09-26,05454500,"Iowa River at Iowa City, IA",2250.0,63.712904832,A,public observation
2019-09-27,05454500,"Iowa River at Iowa City, IA",2160.0,61.16438863872,A,public observation
2019-09-28,05454500,"Iowa River at Iowa City, IA",2260.0,63.99607329792,A,public observation
2019-09-29,05454500,"Iowa River at Iowa City, IA",2750.0,77.871328128,A,public observation
2019-09-30,05454500,"Iowa River at Iowa City, IA",2540.0,71.92479034368,A,public observation
2019-10-01,05454500,"Iowa River at Iowa City, IA",2520.0,71.35845341184,A,public observation
2019-10-02,05454500,"Iowa River at Iowa City, IA",2750.0,77.871328128,A,public observation
2019-10-03,05454500,"Iowa River at Iowa City, IA",3730.0,105.62183778816001,A,public observation
2019-10-04,05454500,"Iowa River at Iowa City, IA",5950.0,168.4852372224,A,public observation
2019-10-05,05454500,"Iowa River at Iowa City, IA",6380.0,180.66148125696,A,public observation
2019-10-06,05454500,"Iowa River at Iowa City, IA",6610.0,187.17435597312002,A,public observation
2019-10-07,05454500,"Iowa River at Iowa City, IA",6390.0,180.94464972288,A,public observation
2019-10-08,05454500,"Iowa River at Iowa City, IA",6370.0,180.37831279104,A,public observation
2019-10-09,05454500,"Iowa River at Iowa City, IA",5120.0,144.98225455104,A,public observation
2019-10-10,05454500,"Iowa River at Iowa City, IA",5310.0,150.36245540352002,A,public observation
2019-10-11,05454500,"Iowa River at Iowa City, IA",6590.0,186.60801904128002,A,public observation
2019-10-12,05454500,"Iowa River at Iowa City, IA",6510.0,184.34267131392,A,public observation
2019-10-13,05454500,"Iowa River at Iowa City, IA",6490.0,183.77633438208,A,public observation
2019-10-14,05454500,"Iowa River at Iowa City, IA",6480.0,183.49316591616,A,public observation
2019-10-15,05454500,"Iowa River at Iowa City, IA",6480.0,183.49316591616,A,public observation
2019-10-16,05454500,"Iowa River at Iowa City, IA",6470.0,183.20999745024,A,public observation
2019-10-17,05454500,"Iowa River at Iowa City, IA",6470.0,183.20999745024,A,public observation
2019-10-18,05454500,"Iowa River at Iowa City, IA",6450.0,182.6436605184,A,public observation
2019-10-19,05454500,"Iowa River at Iowa City, IA",6420.0,181.79415512064,A,public observation
2019-10-20,05454500,"Iowa River at Iowa City, IA",6380.0,180.66148125696,A,public observation
2019-10-21,05454500,"Iowa River at Iowa City, IA",6450.0,182.6436605184,A,public observation
2019-10-22,05454500,"Iowa River at Iowa City, IA",5890.0,166.78622642688,A,public observation
2019-10-23,05454500,"Iowa River at Iowa City, IA",5130.0,145.26542301696,A,public observation
2019-10-24,05454500,"Iowa River at Iowa City, IA",4790.0,135.63769517568,A,public observation
2019-10-25,05454500,"Iowa River at Iowa City, IA",4760.0,134.78818977792,A,public observation
2019-10-26,05454500,"Iowa River at Iowa City, IA",4760.0,134.78818977792,A,public observation
2019-10-27,05454500,"Iowa River at Iowa City, IA",4770.0,135.07135824384,A,public observation
2019-10-28,05454500,"Iowa River at Iowa City, IA",4760.0,134.78818977792,A,public observation
2019-10-29,05454500,"Iowa River at Iowa City, IA",4780.0,135.35452670976,A,public observation
2019-10-30,05454500,"Iowa River at Iowa City, IA",4760.0,134.78818977792,A,public observation
2019-10-31,05454500,"Iowa River at Iowa City, IA",4760.0,134.78818977792,A,public observation
2019-11-01,05454500,"Iowa River at Iowa City, IA",4260.0,120.62976648192,A,public observation
2019-11-02,05454500,"Iowa River at Iowa City, IA",3780.0,107.03768011776,A,public observation
2019-11-03,05454500,"Iowa River at Iowa City, IA",3460.0,97.97628920832,A,public observation
2019-11-04,05454500,"Iowa River at Iowa City, IA",3080.0,87.21588750336001,A,public observation
2019-11-05,05454500,"Iowa River at Iowa City, IA",3060.0,86.64955057152,A,public observation
2019-11-06,05454500,"Iowa River at Iowa City, IA",3050.0,86.3663821056,A,public observation
2019-11-07,05454500,"Iowa River at Iowa City, IA",2950.0,83.5346974464,A,public observation
2019-11-08,05454500,"Iowa River at Iowa City, IA",2730.0,77.30499119616,A,public observation
2019-11-09,05454500,"Iowa River at Iowa City, IA",2590.0,73.34063267328,A,public observation
2019-11-10,05454500,"Iowa River at Iowa City, IA",2580.0,73.05746420736,A,public observation
2019-11-11,05454500,"Iowa River at Iowa City, IA",2580.0,73.05746420736,A,public observation
2019-11-12,05454500,"Iowa River at Iowa City, IA",2440.0,69.09310568448001,A,public observation
2019-11-13,05454500,"Iowa River at Iowa City, IA",2320.0,65.69508409344,A,public observation
2019-11-14,05454500,"Iowa River at Iowa City, IA",2320.0,65.69508409344,A,public observation
2019-11-15,05454500,"Iowa River at Iowa City, IA",1680.0,47.57230227456,A,public observation
2019-11-16,05454500,"Iowa River at Iowa City, IA",2340.0,66.26142102528,A,public observation
2019-11-17,05454500,"Iowa River at Iowa City, IA",1700.0,48.1386392064,A,public observation
2019-11-18,05454500,"Iowa River at Iowa City, IA",2340.0,66.26142102528,A,public observation
2019-11-19,05454500,"Iowa River at Iowa City, IA",2350.0,66.5445894912,A,public observation
2019-11-20,05454500,"Iowa River at Iowa City, IA",2340.0,66.26142102528,A,public observation
2019-11-21,05454500,"Iowa River at Iowa City, IA",2490.0,70.50894801408,A,public observation
2019-11-22,05454500,"Iowa River at Iowa City, IA",2410.0,68.24360028672,A,public observation
2019-11-23,05454500,"Iowa River at Iowa City, IA",2580.0,73.05746420736,A,public observation
2019-11-24,05454500,"Iowa River at Iowa City, IA",2760.0,78.15449659392,A,public observation
2019-11-25,05454500,"Iowa River at Iowa City, IA",2760.0,78.15449659392,A,public observation
2019-11-26,05454500,"Iowa River at Iowa City, IA",2770.0,78.43766505984,A,public observation
2019-11-27,05454500,"Iowa River at Iowa City, IA",3060.0,86.64955057152,A,public observation
2019-11-28,05454500,"Iowa River at Iowa City, IA",3280.0,92.87925682176001,A,public observation
2019-11-29,05454500,"Iowa River at Iowa City, IA",3270.0,92.59608835584,A,public observation
2019-11-30,05454500,"Iowa River at Iowa City, IA",3050.0,86.3663821056,A,public observation
2019-12-01,05454500,"Iowa River at Iowa City, IA",3050.0,86.3663821056,A,public observation
2019-12-02,05454500,"Iowa River at Iowa City, IA",3540.0,100.24163693568,A,public observation
2019-12-03,05454500,"Iowa River at Iowa City, IA",3610.0,102.22381619712,A,public observation
2019-12-04,05454500,"Iowa River at Iowa City, IA",3720.0,105.33866932224001,A,public observation
2019-12-05,05454500,"Iowa River at Iowa City, IA",3750.0,106.18817472,A,public observation
2019-12-06,05454500,"Iowa River at Iowa City, IA",3820.0,108.17035398144,A,public observation
2019-12-07,05454500,"Iowa River at Iowa City, IA",3820.0,108.17035398144,A,public observation
2019-12-08,05454500,"Iowa River at Iowa City, IA",3810.0,107.88718551552,A,public observation
2019-12-09,05454500,"Iowa River at Iowa City, IA",3670.0,103.92282699264,A,public observation
2019-12-10,05454500,"Iowa River at Iowa City, IA",3180.0,90.04757216256,A,public observation
2019-12-11,05454500,"Iowa River at Iowa City, IA",2990.0,84.66737131008,A,public observation
2019-12-12,05454500,"Iowa River at Iowa City, IA",3500.0,99.10896307200001,A,public observation
2019-12-13,05454500,"Iowa River at Iowa City, IA",3520.0,99.67530000384001,A,public observation
2019-12-14,05454500,"Iowa River at Iowa City, IA",3490.0,98.82579460608001,A,public observation
2019-12-15,05454500,"Iowa River at Iowa City, IA",3450.0,97.6931207424,A,public observation
2019-12-16,05454500,"Iowa River at Iowa City, IA",3260.0,92.31291988992,A,public observation
2019-12-17,05454500,"Iowa River at Iowa City, IA",2940.0,83.25152898048,A,public observation
2019-12-18,05454500,"Iowa River at Iowa City, IA",2610.0,73.90696960512,A,public observation
2019-12-19,05454500,"Iowa River at Iowa City, IA",2240.0,63.42973636608,A,public observation
2019-12-20,05454500,"Iowa River at Iowa City, IA",2010.0,56.91686164992,A,public observation
2019-12-21,05454500,"Iowa River at Iowa City, IA",2000.0,56.633693184,A,public observation
2019-12-22,05454500,"Iowa River at Iowa City, IA",2140.0,60.59805170688,A,public observation
2019-12-23,05454500,"Iowa River at Iowa City, IA",2300.0,65.1287471616,A,public observation
2019-12-24,05454500,"Iowa River at Iowa City, IA",2300.0,65.1287471616,A,public observation
2019-12-25,05454500,"Iowa River at Iowa City, IA",2310.0,65.41191562752,A,public observation
2019-12-26,05454500,"Iowa River at Iowa City, IA",2480.0,70.22577954816,A,public observation
2019-12-27,05454500,"Iowa River at Iowa City, IA",2810.0,79.57033892352,A,public observation
2019-12-28,05454500,"Iowa River at Iowa City, IA",2890.0,81.83568665088,A,public observation
2019-12-29,05454500,"Iowa River at Iowa City, IA",3580.0,101.37431079936,A,public observation
2019-12-30,05454500,"Iowa River at Iowa City, IA",3730.0,105.62183778816001,A,public observation
2019-12-31,05454500,"Iowa River at Iowa City, IA",3590.0,101.65747926528,A,public observation
2020-01-01,05454500,"Iowa River at Iowa City, IA",3540.0,100.24163693568,A,public observation
2020-01-02,05454500,"Iowa River at Iowa City, IA",3530.0,99.95846846976,A,public observation
2020-01-03,05454500,"Iowa River at Iowa City, IA",3510.0,99.39213153792001,A,public observation
2020-01-04,05454500,"Iowa River at Iowa City, IA",3500.0,99.10896307200001,A,public observation
2020-01-05,05454500,"Iowa River at Iowa City, IA",3350.0,94.8614360832,A,public observation
2020-01-06,05454500,"Iowa River at Iowa City, IA",3120.0,88.34856136704,A,public observation
2020-01-07,05454500,"Iowa River at Iowa City, IA",2320.0,65.69508409344,A,public observation
2020-01-08,05454500,"Iowa River at Iowa City, IA",2430.0,68.80993721856001,A,public observation
2020-01-09,05454500,"Iowa River at Iowa City, IA",2710.0,76.73865426432,A,public observation
2020-01-10,05454500,"Iowa River at Iowa City, IA",2880.0,81.55251818496001,A,public observation
2020-01-11,05454500,"Iowa River at Iowa City, IA",3170.0,89.76440369664,A,public observation
2020-01-12,05454500,"Iowa River at Iowa City, IA",2410.0,68.24360028672,A,public observation
2020-01-13,05454500,"Iowa River at Iowa City, IA",1930.0,54.65151392256,A,public observation
2020-01-14,05454500,"Iowa River at Iowa City, IA",2050.0,58.0495355136,A,public observation
2020-01-15,05454500,"Iowa River at Iowa City, IA",2160.0,61.16438863872,A,public observation
2020-01-16,05454500,"Iowa River at Iowa City, IA",2120.0,60.03171477504,A,public observation
2020-01-17,05454500,"Iowa River at Iowa City, IA",1700.0,48.1386392064,A,public observation
2020-01-18,05454500,"Iowa River at Iowa City, IA",1220.0,34.546552842240004,A,public observation
2020-01-19,05454500,"Iowa River at Iowa City, IA",1220.0,34.546552842240004,A,public observation
2020-01-20,05454500,"Iowa River at Iowa City, IA",1200.0,33.9802159104,A,public observation
2020-01-21,05454500,"Iowa River at Iowa City, IA",1340.0,37.94457443328,A,public observation
2020-01-22,05454500,"Iowa River at Iowa City, IA",1500.0,42.475269888,A,public observation
2020-01-23,05454500,"Iowa River at Iowa City, IA",1640.0,46.439628410880005,A,public observation
2020-01-24,05454500,"Iowa River at Iowa City, IA",1940.0,54.93468238848,A,public observation
2020-01-25,05454500,"Iowa River at Iowa City, IA",2110.0,59.74854630912,A,public observation
2020-01-26,05454500,"Iowa River at Iowa City, IA",2110.0,59.74854630912,A,public observation
2020-01-27,05454500,"Iowa River at Iowa City, IA",2100.0,59.4653778432,A,public observation
2020-01-28,05454500,"Iowa River at Iowa City, IA",2100.0,59.4653778432,A,public observation
2020-01-29,05454500,"Iowa River at Iowa City, IA",2100.0,59.4653778432,A,public observation
2020-01-30,05454500,"Iowa River at Iowa City, IA",2090.0,59.18220937728,A,public observation
2020-01-31,05454500,"Iowa River at Iowa City, IA",1880.0,53.23567159296,A,public observation
2020-02-01,05454500,"Iowa River at Iowa City, IA",1730.0,48.98814460416,A,public observation
2020-02-02,05454500,"Iowa River at Iowa City, IA",2020.0,57.20003011584,A,public observation
2020-02-03,05454500,"Iowa River at Iowa City, IA",2540.0,71.92479034368,A,public observation
2020-02-04,05454500,"Iowa River at Iowa City, IA",2760.0,78.15449659392,A,public observation
2020-02-05,05454500,"Iowa River at Iowa City, IA",2730.0,77.30499119616,A,public observation
2020-02-06,05454500,"Iowa River at Iowa City, IA",2530.0,71.64162187776,A,public observation
2020-02-07,05454500,"Iowa River at Iowa City, IA",2240.0,63.42973636608,A,public observation
2020-02-08,05454500,"Iowa River at Iowa City, IA",2120.0,60.03171477504,A,public observation
2020-02-09,05454500,"Iowa River at Iowa City, IA",1920.0,54.36834545664,A,public observation
2020-02-10,05454500,"Iowa River at Iowa City, IA",1720.0,48.70497613824,A,public observation
2020-02-11,05454500,"Iowa River at Iowa City, IA",1720.0,48.70497613824,A,public observation
2020-02-12,05454500,"Iowa River at Iowa City, IA",1870.0,52.95250312704,A,public observation
2020-02-13,05454500,"Iowa River at Iowa City, IA",1990.0,56.35052471808,A,public observation
2020-02-14,05454500,"Iowa River at Iowa City, IA",1700.0,48.1386392064,A,public observation
2020-02-15,05454500,"Iowa River at Iowa City, IA",1580.0,44.74061761536,A,public observation
2020-02-16,05454500,"Iowa River at Iowa City, IA",1450.0,41.0594275584,A,public observation
2020-02-17,05454500,"Iowa River at Iowa City, IA",1490.0,42.19210142208,A,public observation
2020-02-18,05454500,"Iowa River at Iowa City, IA",1740.0,49.27131307008,A,public observation
2020-02-19,05454500,"Iowa River at Iowa City, IA",2050.0,58.0495355136,A,public observation
2020-02-20,05454500,"Iowa River at Iowa City, IA",1990.0,56.35052471808,A,public observation
2020-02-21,05454500,"Iowa River at Iowa City, IA",1990.0,56.35052471808,A,public observation
2020-02-22,05454500,"Iowa River at Iowa City, IA",2000.0,56.633693184,A,public observation
2020-02-23,05454500,"Iowa River at Iowa City, IA",2120.0,60.03171477504,A,public observation
2020-02-24,05454500,"Iowa River at Iowa City, IA",2320.0,65.69508409344,A,public observation
2020-02-25,05454500,"Iowa River at Iowa City, IA",2790.0,79.00400199168,A,public observation
2020-02-26,05454500,"Iowa River at Iowa City, IA",3540.0,100.24163693568,A,public observation
2020-02-27,05454500,"Iowa River at Iowa City, IA",4380.0,124.02778807296,A,public observation
2020-02-28,05454500,"Iowa River at Iowa City, IA",4480.0,126.85947273216,A,public observation
2020-02-29,05454500,"Iowa River at Iowa City, IA",3770.0,106.75451165184,A,public observation
2020-03-01,05454500,"Iowa River at Iowa City, IA",3100.0,87.7822244352,A,public observation
2020-03-02,05454500,"Iowa River at Iowa City, IA",2570.0,72.77429574144,A,public observation
2020-03-03,05454500,"Iowa River at Iowa City, IA",2680.0,75.88914886656,A,public observation
2020-03-04,05454500,"Iowa River at Iowa City, IA",2800.0,79.2871704576,A,public observation
2020-03-05,05454500,"Iowa River at Iowa City, IA",2750.0,77.871328128,A,public observation
2020-03-06,05454500,"Iowa River at Iowa City, IA",2810.0,79.57033892352,A,public observation
2020-03-07,05454500,"Iowa River at Iowa City, IA",3110.0,88.06539290112,A,public observation
2020-03-08,05454500,"Iowa River at Iowa City, IA",3120.0,88.34856136704,A,public observation
2020-03-09,05454500,"Iowa River at Iowa City, IA",3420.0,96.84361534464,A,public observation
2020-03-10,05454500,"Iowa River at Iowa City, IA",3640.0,103.07332159488,A,public observation
2020-03-11,05454500,"Iowa River at Iowa City, IA",3980.0,112.70104943616,A,public observation
2020-03-12,05454500,"Iowa River at Iowa City, IA",4340.0,122.89511420928001,A,public observation
2020-03-13,05454500,"Iowa River at Iowa City, IA",4540.0,128.55848352768,A,public observation
2020-03-14,05454500,"Iowa River at Iowa City, IA",4820.0,136.48720057344,A,public observation
2020-03-15,05454500,"Iowa River at Iowa City, IA",4510.0,127.70897812992,A,public observation
2020-03-16,05454500,"Iowa River at Iowa City, IA",4070.0,115.24956562944,A,public observation
2020-03-17,05454500,"Iowa River at Iowa City, IA",3640.0,103.07332159488,A,public observation
2020-03-18,05454500,"Iowa River at Iowa City, IA",3580.0,101.37431079936,A,public observation
2020-03-19,05454500,"Iowa River at Iowa City, IA",3770.0,106.75451165184,A,public observation
2020-03-20,05454500,"Iowa River at Iowa City, IA",6640.0,188.02386137088,A,public observation
2020-03-21,05454500,"Iowa River at Iowa City, IA",6960.0,197.08525228032,A,public observation
2020-03-22,05454500,"Iowa River at Iowa City, IA",6770.0,191.70505142784,A,public observation
2020-03-23,05454500,"Iowa River at Iowa City, IA",7220.0,204.44763239424,A,public observation
2020-03-24,05454500,"Iowa River at Iowa City, IA",7600.0,215.2080340992,A,public observation
2020-03-25,05454500,"Iowa River at Iowa City, IA",7590.0,214.92486563328,A,public observation
2020-03-26,05454500,"Iowa River at Iowa City, IA",7600.0,215.2080340992,A,public observation
2020-03-27,05454500,"Iowa River at Iowa City, IA",7610.0,215.49120256512,A,public observation
2020-03-28,05454500,"Iowa River at Iowa City, IA",8530.0,241.54270142976,A,public observation
2020-03-29,05454500,"Iowa River at Iowa City, IA",8650.0,244.9407230208,A,public observation
2020-03-30,05454500,"Iowa River at Iowa City, IA",7400.0,209.54466478080002,A,public observation
2020-03-31,05454500,"Iowa River at Iowa City, IA",6490.0,183.77633438208,A,public observation
2020-04-01,05454500,"Iowa River at Iowa City, IA",6160.0,174.43177500672002,A,public observation
2020-04-02,05454500,"Iowa River at Iowa City, IA",5390.0,152.62780313088,A,public observation
2020-04-03,05454500,"Iowa River at Iowa City, IA",4910.0,139.03571676672001,A,public observation
2020-04-04,05454500,"Iowa River at Iowa City, IA",4670.0,132.23967358464,A,public observation
2020-04-05,05454500,"Iowa River at Iowa City, IA",4430.0,125.44363040256,A,public observation
2020-04-06,05454500,"Iowa River at Iowa City, IA",4400.0,124.5941250048,A,public observation
2020-04-07,05454500,"Iowa River at Iowa City, IA",4180.0,118.36441875456,A,public observation
2020-04-08,05454500,"Iowa River at Iowa City, IA",3930.0,111.28520710656001,A,public observation
2020-04-09,05454500,"Iowa River at Iowa City, IA",3900.0,110.4357017088,A,public observation
2020-04-10,05454500,"Iowa River at Iowa City, IA",3090.0,87.49905596928001,A,public observation
2020-04-11,05454500,"Iowa River at Iowa City, IA",1870.0,52.95250312704,A,public observation
2020-04-12,05454500,"Iowa River at Iowa City, IA",2800.0,79.2871704576,A,public observation
2020-04-13,05454500,"Iowa River at Iowa City, IA",2820.0,79.85350738944,A,public observation
2020-04-14,05454500,"Iowa River at Iowa City, IA",3220.0,91.18024602624,A,public observation
2020-04-15,05454500,"Iowa River at Iowa City, IA",4290.0,121.47927187968,A,public observation
2020-04-16,05454500,"Iowa River at Iowa City, IA",4670.0,132.23967358464,A,public observation
2020-04-17,05454500,"Iowa River at Iowa City, IA",4700.0,133.0891789824,A,public observation
2020-04-18,05454500,"Iowa River at Iowa City, IA",4020.0,113.83372329984,A,public observation
2020-04-19,05454500,"Iowa River at Iowa City, IA",3370.0,95.42777301504,A,public observation
2020-04-20,05454500,"Iowa River at Iowa City, IA",3320.0,94.01193068544,A,public observation
2020-04-21,05454500,"Iowa River at Iowa City, IA",3300.0,93.44559375360001,A,public observation
2020-04-22,05454500,"Iowa River at Iowa City, IA",3280.0,92.87925682176001,A,public observation
2020-04-23,05454500,"Iowa River at Iowa City, IA",3120.0,88.34856136704,A,public observation
2020-04-24,05454500,"Iowa River at Iowa City, IA",2980.0,84.38420284416,A,public observation
2020-04-25,05454500,"Iowa River at Iowa City, IA",2940.0,83.25152898048,A,public observation
2020-04-26,05454500,"Iowa River at Iowa City, IA",2910.0,82.40202358272,A,public observation
2020-04-27,05454500,"Iowa River at Iowa City, IA",3000.0,84.950539776,A,public observation
2020-04-28,05454500,"Iowa River at Iowa City, IA",3150.0,89.1980667648,A,public observation
2020-04-29,05454500,"Iowa River at Iowa City, IA",3120.0,88.34856136704,A,public observation
2020-04-30,05454500,"Iowa River at Iowa City, IA",2950.0,83.5346974464,A,public observation
2020-05-01,05454500,"Iowa River at Iowa City, IA",2710.0,76.73865426432,A,public observation
2020-05-02,05454500,"Iowa River at Iowa City, IA",2530.0,71.64162187776,A,public observation
2020-05-03,05454500,"Iowa River at Iowa City, IA",2430.0,68.80993721856001,A,public observation
2020-05-04,05454500,"Iowa River at Iowa City, IA",2310.0,65.41191562752,A,public observation
2020-05-05,05454500,"Iowa River at Iowa City, IA",2290.0,64.84557869568,A,public observation
2020-05-06,05454500,"Iowa River at Iowa City, IA",2190.0,62.01389403648,A,public observation
2020-05-07,05454500,"Iowa River at Iowa City, IA",1950.0,55.2178508544,A,public observation
2020-05-08,05454500,"Iowa River at Iowa City, IA",1720.0,48.70497613824,A,public observation
2020-05-09,05454500,"Iowa River at Iowa City, IA",1720.0,48.70497613824,A,public observation
2020-05-10,05454500,"Iowa River at Iowa City, IA",1720.0,48.70497613824,A,public observation
2020-05-11,05454500,"Iowa River at Iowa City, IA",1720.0,48.70497613824,A,public observation
2020-05-12,05454500,"Iowa River at Iowa City, IA",1720.0,48.70497613824,A,public observation
2020-05-13,05454500,"Iowa River at Iowa City, IA",1720.0,48.70497613824,A,public observation
2020-05-14,05454500,"Iowa River at Iowa City, IA",1780.0,50.40398693376,A,public observation
2020-05-15,05454500,"Iowa River at Iowa City, IA",1480.0,41.90893295616,A,public observation
2020-05-16,05454500,"Iowa River at Iowa City, IA",1550.0,43.8911122176,A,public observation
2020-05-17,05454500,"Iowa River at Iowa City, IA",2130.0,60.31488324096,A,public observation
2020-05-18,05454500,"Iowa River at Iowa City, IA",2500.0,70.79211648,A,public observation
2020-05-19,05454500,"Iowa River at Iowa City, IA",3150.0,89.1980667648,A,public observation
2020-05-20,05454500,"Iowa River at Iowa City, IA",3870.0,109.58619631104,A,public observation
2020-05-21,05454500,"Iowa River at Iowa City, IA",4110.0,116.38223949312,A,public observation
2020-05-22,05454500,"Iowa River at Iowa City, IA",4260.0,120.62976648192,A,public observation
2020-05-23,05454500,"Iowa River at Iowa City, IA",4720.0,133.65551591424,A,public observation
2020-05-24,05454500,"Iowa River at Iowa City, IA",4590.0,129.97432585728,A,public observation
2020-05-25,05454500,"Iowa River at Iowa City, IA",4600.0,130.2574943232,A,public observation
2020-05-26,05454500,"Iowa River at Iowa City, IA",4710.0,133.37234744832,A,public observation
2020-05-27,05454500,"Iowa River at Iowa City, IA",4910.0,139.03571676672001,A,public observation
2020-05-28,05454500,"Iowa River at Iowa City, IA",5130.0,145.26542301696,A,public observation
2020-05-29,05454500,"Iowa River at Iowa City, IA",5830.0,165.08721563136,A,public observation
2020-05-30,05454500,"Iowa River at Iowa City, IA",6340.0,179.52880739328,A,public observation
2020-05-31,05454500,"Iowa River at Iowa City, IA",6470.0,183.20999745024,A,public observation
2020-06-01,05454500,"Iowa River at Iowa City, IA",6480.0,183.49316591616,A,public observation
2020-06-02,05454500,"Iowa River at Iowa City, IA",6500.0,184.059502848,A,public observation
2020-06-03,05454500,"Iowa River at Iowa City, IA",6550.0,185.47534517760002,A,public observation
2020-06-04,05454500,"Iowa River at Iowa City, IA",6600.0,186.89118750720002,A,public observation
2020-06-05,05454500,"Iowa River at Iowa City, IA",6900.0,195.3862414848,A,public observation
2020-06-06,05454500,"Iowa River at Iowa City, IA",6720.0,190.28920909824,A,public observation
2020-06-07,05454500,"Iowa River at Iowa City, IA",6690.0,189.43970370048,A,public observation
2020-06-08,05454500,"Iowa River at Iowa City, IA",6650.0,188.3070298368,A,public observation
2020-06-09,05454500,"Iowa River at Iowa City, IA",7700.0,218.0397187584,A,public observation
2020-06-10,05454500,"Iowa River at Iowa City, IA",4340.0,122.89511420928001,A,public observation
2020-06-11,05454500,"Iowa River at Iowa City, IA",2600.0,73.6238011392,A,public observation
2020-06-12,05454500,"Iowa River at Iowa City, IA",3160.0,89.48123523072,A,public observation
2020-06-13,05454500,"Iowa River at Iowa City, IA",5580.0,158.00800398336,A,public observation
2020-06-14,05454500,"Iowa River at Iowa City, IA",6550.0,185.47534517760002,A,public observation
2020-06-15,05454500,"Iowa River at Iowa City, IA",6710.0,190.00604063232,A,public observation
2020-06-16,05454500,"Iowa River at Iowa City, IA",6780.0,191.98821989376,A,public observation
2020-06-17,05454500,"Iowa River at Iowa City, IA",6820.0,193.12089375744,A,public observation
2020-06-18,05454500,"Iowa River at Iowa City, IA",6790.0,192.27138835968,A,public observation
2020-06-19,05454500,"Iowa River at Iowa City, IA",6760.0,191.42188296192,A,public observation
2020-06-20,05454500,"Iowa River at Iowa City, IA",7010.0,198.50109460992002,A,public observation
2020-06-21,05454500,"Iowa River at Iowa City, IA",6820.0,193.12089375744,A,public observation
2020-06-22,05454500,"Iowa River at Iowa City, IA",6920.0,195.95257841664,A,public observation
2020-06-23,05454500,"Iowa River at Iowa City, IA",6970.0,197.36842074624002,A,public observation
2020-06-24,05454500,"Iowa River at Iowa City, IA",6840.0,193.68723068928,A,public observation
2020-06-25,05454500,"Iowa River at Iowa City, IA",6820.0,193.12089375744,A,public observation
2020-06-26,05454500,"Iowa River at Iowa City, IA",6790.0,192.27138835968,A,public observation
2020-06-27,05454500,"Iowa River at Iowa City, IA",6880.0,194.81990455296,A,public observation
2020-06-28,05454500,"Iowa River at Iowa City, IA",7110.0,201.33277926912,A,public observation
2020-06-29,05454500,"Iowa River at Iowa City, IA",6860.0,194.25356762112,A,public observation
2020-06-30,05454500,"Iowa River at Iowa City, IA",7240.0,205.01396932608,A,public observation
2020-07-01,05454500,"Iowa River at Iowa City, IA",8750.0,247.77240768000001,A,public observation
2020-07-02,05454500,"Iowa River at Iowa City, IA",10400.0,294.4952045568,A,public observation
2020-07-03,05454500,"Iowa River at Iowa City, IA",10300.0,291.6635198976,A,public observation
2020-07-04,05454500,"Iowa River at Iowa City, IA",10200.0,288.8318352384,A,public observation
2020-07-05,05454500,"Iowa River at Iowa City, IA",10300.0,291.6635198976,A,public observation
2020-07-06,05454500,"Iowa River at Iowa City, IA",10300.0,291.6635198976,A,public observation
2020-07-07,05454500,"Iowa River at Iowa City, IA",10200.0,288.8318352384,A,public observation
2020-07-08,05454500,"Iowa River at Iowa City, IA",10100.0,286.0001505792,A,public observation
2020-07-09,05454500,"Iowa River at Iowa City, IA",9970.0,282.31896052224,A,public observation
2020-07-10,05454500,"Iowa River at Iowa City, IA",9790.0,277.22192813568,A,public observation
2020-07-11,05454500,"Iowa River at Iowa City, IA",9400.0,266.1783579648,A,public observation
2020-07-12,05454500,"Iowa River at Iowa City, IA",9270.0,262.49716790784,A,public observation
2020-07-13,05454500,"Iowa River at Iowa City, IA",8640.0,244.65755455488,A,public observation
2020-07-14,05454500,"Iowa River at Iowa City, IA",7560.0,214.07536023552,A,public observation
2020-07-15,05454500,"Iowa River at Iowa City, IA",7000.0,198.21792614400002,A,public observation
2020-07-16,05454500,"Iowa River at Iowa City, IA",6850.0,193.9703991552,A,public observation
2020-07-17,05454500,"Iowa River at Iowa City, IA",6290.0,178.11296506368,A,public observation
2020-07-18,05454500,"Iowa River at Iowa City, IA",5270.0,149.22978153984,A,public observation
2020-07-19,05454500,"Iowa River at Iowa City, IA",4700.0,133.0891789824,A,public observation
2020-07-20,05454500,"Iowa River at Iowa City, IA",4080.0,115.53273409536,A,public observation
2020-07-21,05454500,"Iowa River at Iowa City, IA",3470.0,98.25945767424,A,public observation
2020-07-22,05454500,"Iowa River at Iowa City, IA",3450.0,97.6931207424,A,public observation
2020-07-23,05454500,"Iowa River at Iowa City, IA",3170.0,89.76440369664,A,public observation
2020-07-24,05454500,"Iowa River at Iowa City, IA",2410.0,68.24360028672,A,public observation
2020-07-25,05454500,"Iowa River at Iowa City, IA",1780.0,50.40398693376,A,public observation
2020-07-26,05454500,"Iowa River at Iowa City, IA",1800.0,50.9703238656,A,public observation
2020-07-27,05454500,"Iowa River at Iowa City, IA",2050.0,58.0495355136,A,public observation
2020-07-28,05454500,"Iowa River at Iowa City, IA",1540.0,43.607943751680004,A,public observation
2020-07-29,05454500,"Iowa River at Iowa City, IA",1280.0,36.24556363776,A,public observation
2020-07-30,05454500,"Iowa River at Iowa City, IA",1290.0,36.52873210368,A,public observation
2020-07-31,05454500,"Iowa River at Iowa City, IA",1240.0,35.11288977408,A,public observation
2020-08-01,05454500,"Iowa River at Iowa City, IA",1230.0,34.82972130816,A,public observation
2020-08-02,05454500,"Iowa River at Iowa City, IA",1210.0,34.26338437632,A,public observation
2020-08-03,05454500,"Iowa River at Iowa City, IA",1150.0,32.5643735808,A,public observation
2020-08-04,05454500,"Iowa River at Iowa City, IA",932.0,26.391301023744,A,public observation
2020-08-05,05454500,"Iowa River at Iowa City, IA",764.0,21.634070796288,A,public observation
2020-08-06,05454500,"Iowa River at Iowa City, IA",764.0,21.634070796288,A,public observation
2020-08-07,05454500,"Iowa River at Iowa City, IA",759.0,21.492486563328,A,public observation
2020-08-08,05454500,"Iowa River at Iowa City, IA",759.0,21.492486563328,A,public observation
2020-08-09,05454500,"Iowa River at Iowa City, IA",757.0,21.435852870144,A,public observation
2020-08-10,05454500,"Iowa River at Iowa City, IA",844.0,23.899418523648002,A,public observation
2020-08-11,05454500,"Iowa River at Iowa City, IA",906.0,25.655063012352002,A,public observation
2020-08-12,05454500,"Iowa River at Iowa City, IA",894.0,25.315260853248002,A,public observation
2020-08-13,05454500,"Iowa River at Iowa City, IA",893.0,25.286944006656,A,public observation
2020-08-14,05454500,"Iowa River at Iowa City, IA",886.0,25.088726080512,A,public observation
2020-08-15,05454500,"Iowa River at Iowa City, IA",880.0,24.918825000960002,A,public observation
2020-08-16,05454500,"Iowa River at Iowa City, IA",823.0,23.304764745216,A,public observation
2020-08-17,05454500,"Iowa River at Iowa City, IA",676.0,19.142188296192,A,public observation
2020-08-18,05454500,"Iowa River at Iowa City, IA",557.0,15.772483551744001,A,public observation
2020-08-19,05454500,"Iowa River at Iowa City, IA",543.0,15.376047699456,A,public observation
2020-08-20,05454500,"Iowa River at Iowa City, IA",517.0,14.639809688064,A,public observation
2020-08-21,05454500,"Iowa River at Iowa City, IA",488.0,13.818621136896,A,public observation
2020-08-22,05454500,"Iowa River at Iowa City, IA",439.0,12.431095653888,A,public observation
2020-08-23,05454500,"Iowa River at Iowa City, IA",404.0,11.440006023168001,A,public observation
2020-08-24,05454500,"Iowa River at Iowa City, IA",320.0,9.06139090944,A,public observation
2020-08-25,05454500,"Iowa River at Iowa City, IA",283.0,8.013667585536,A,public observation
2020-08-26,05454500,"Iowa River at Iowa City, IA",223.0,6.314656790016,A,public observation
2020-08-27,05454500,"Iowa River at Iowa City, IA",207.0,5.861587244544,A,public observation
2020-08-28,05454500,"Iowa River at Iowa City, IA",282.0,7.985350738944001,A,public observation
2020-08-29,05454500,"Iowa River at Iowa City, IA",302.0,8.551687670784,A,public observation
2020-08-30,05454500,"Iowa River at Iowa City, IA",303.0,8.580004517376,A,public observation
2020-08-31,05454500,"Iowa River at Iowa City, IA",303.0,8.580004517376,A,public observation
2020-09-01,05454500,"Iowa River at Iowa City, IA",308.0,8.721588750336,A,public observation
2020-09-02,05454500,"Iowa River at Iowa City, IA",313.0,8.863172983296,A,public observation
2020-09-03,05454500,"Iowa River at Iowa City, IA",302.0,8.551687670784,A,public observation
2020-09-04,05454500,"Iowa River at Iowa City, IA",300.0,8.4950539776,A,public observation
2020-09-05,05454500,"Iowa River at Iowa City, IA",298.0,8.438420284416,A,public observation
2020-09-06,05454500,"Iowa River at Iowa City, IA",408.0,11.553273409536,A,public observation
2020-09-07,05454500,"Iowa River at Iowa City, IA",339.0,9.599410994688,A,public observation
2020-09-08,05454500,"Iowa River at Iowa City, IA",591.0,16.735256335872002,A,public observation
2020-09-09,05454500,"Iowa River at Iowa City, IA",506.0,14.328324375552,A,public observation
2020-09-10,05454500,"Iowa River at Iowa City, IA",833.0,23.587933211136,A,public observation
2020-09-11,05454500,"Iowa River at Iowa City, IA",1300.0,36.8119005696,A,public observation
2020-09-12,05454500,"Iowa River at Iowa City, IA",2160.0,61.16438863872,A,public observation
2020-09-13,05454500,"Iowa River at Iowa City, IA",2580.0,73.05746420736,A,public observation
2020-09-14,05454500,"Iowa River at Iowa City, IA",2000.0,56.633693184,A,public observation
2020-09-15,05454500,"Iowa River at Iowa City, IA",1470.0,41.62576449024,A,public observation
2020-09-16,05454500,"Iowa River at Iowa City, IA",1320.0,37.378237501440005,A,public observation
2020-09-17,05454500,"Iowa River at Iowa City, IA",1100.0,31.1485312512,A,public observation
2020-09-18,05454500,"Iowa River at Iowa City, IA",969.0,27.439024347648,A,public observation
2020-09-19,05454500,"Iowa River at Iowa City, IA",748.0,21.181001250816,A,public observation
2020-09-20,05454500,"Iowa River at Iowa City, IA",554.0,15.687533011968,A,public observation
2020-09-21,05454500,"Iowa River at Iowa City, IA",533.0,15.092879233536001,A,public observation
2020-09-22,05454500,"Iowa River at Iowa City, IA",550.0,15.5742656256,A,public observation
2020-09-23,05454500,"Iowa River at Iowa City, IA",551.0,15.602582472192001,A,public observation
2020-09-24,05454500,"Iowa River at Iowa City, IA",442.0,12.516046193664,A,public observation
2020-09-25,05454500,"Iowa River at Iowa City, IA",304.0,8.608321363968,A,public observation
2020-09-26,05454500,"Iowa River at Iowa City, IA",301.0,8.523370824192,A,public observation
2020-09-27,05454500,"Iowa River at Iowa City, IA",342.0,9.684361534464001,A,public observation
2020-09-28,05454500,"Iowa River at Iowa City, IA",321.0,9.089707756032,A,public observation
2020-09-29,05454500,"Iowa River at Iowa City, IA",291.0,8.240202358272,A,public observation
2020-09-30,05454500,"Iowa River at Iowa City, IA",284.0,8.041984432128,A,public observation
2020-10-01,05454500,"Iowa River at Iowa City, IA",280.0,7.92871704576,A,public observation
2020-10-02,05454500,"Iowa River at Iowa City, IA",328.0,9.287925682176,A,public observation
2020-10-03,05454500,"Iowa River at Iowa City, IA",440.0,12.459412500480001,A,public observation
2020-10-04,05454500,"Iowa River at Iowa City, IA",446.0,12.629313580032,A,public observation
2020-10-05,05454500,"Iowa River at Iowa City, IA",438.0,12.402778807296,A,public observation
2020-10-06,05454500,"Iowa River at Iowa City, IA",342.0,9.684361534464001,A,public observation
2020-10-07,05454500,"Iowa River at Iowa City, IA",238.0,6.739409488896,A,public observation
2020-10-08,05454500,"Iowa River at Iowa City, IA",231.0,6.541191562752,A,public observation
2020-10-09,05454500,"Iowa River at Iowa City, IA",233.0,6.597825255936,A,public observation
2020-10-10,05454500,"Iowa River at Iowa City, IA",236.0,6.682775795712,A,public observation
2020-10-11,05454500,"Iowa River at Iowa City, IA",233.0,6.597825255936,A,public observation
2020-10-12,05454500,"Iowa River at Iowa City, IA",237.0,6.711092642304,A,public observation
2020-10-13,05454500,"Iowa River at Iowa City, IA",234.0,6.626142102528,A,public observation
2020-10-14,05454500,"Iowa River at Iowa City, IA",233.0,6.597825255936,A,public observation
2020-10-15,05454500,"Iowa River at Iowa City, IA",228.0,6.456241022976,A,public observation
2020-10-16,05454500,"Iowa River at Iowa City, IA",220.0,6.2297062502400005,A,public observation
2020-10-17,05454500,"Iowa River at Iowa City, IA",221.0,6.258023096832,A,public observation
2020-10-18,05454500,"Iowa River at Iowa City, IA",220.0,6.2297062502400005,A,public observation
2020-10-19,05454500,"Iowa River at Iowa City, IA",215.0,6.08812201728,A,public observation
2020-10-20,05454500,"Iowa River at Iowa City, IA",236.0,6.682775795712,A,public observation
2020-10-21,05454500,"Iowa River at Iowa City, IA",317.0,8.976440369664001,A,public observation
2020-10-22,05454500,"Iowa River at Iowa City, IA",577.0,16.338820483584,A,public observation
2020-10-23,05454500,"Iowa River at Iowa City, IA",1390.0,39.36041676288,A,public observation
2020-10-24,05454500,"Iowa River at Iowa City, IA",1790.0,50.68715539968,A,public observation
2020-10-25,05454500,"Iowa River at Iowa City, IA",1790.0,50.68715539968,A,public observation
2020-10-26,05454500,"Iowa River at Iowa City, IA",1770.0,50.12081846784,A,public observation
2020-10-27,05454500,"Iowa River at Iowa City, IA",1410.0,39.92675369472,A,public observation
2020-10-28,05454500,"Iowa River at Iowa City, IA",1010.0,28.60001505792,A,public observation
2020-10-29,05454500,"Iowa River at Iowa City, IA",1000.0,28.316846592,A,public observation
2020-10-30,05454500,"Iowa River at Iowa City, IA",859.0,24.324171222528,A,public observation
2020-10-31,05454500,"Iowa River at Iowa City, IA",614.0,17.386543807488,A,public observation
2020-11-01,05454500,"Iowa River at Iowa City, IA",494.0,13.988522216448,A,public observation
2020-11-02,05454500,"Iowa River at Iowa City, IA",499.0,14.130106449408,A,public observation
2020-11-03,05454500,"Iowa River at Iowa City, IA",500.0,14.158423296,A,public observation
2020-11-04,05454500,"Iowa River at Iowa City, IA",500.0,14.158423296,A,public observation
2020-11-05,05454500,"Iowa River at Iowa City, IA",513.0,14.526542301696,A,public observation
2020-11-06,05454500,"Iowa River at Iowa City, IA",528.0,14.951295000576,A,public observation
2020-11-07,05454500,"Iowa River at Iowa City, IA",532.0,15.064562386944,A,public observation
2020-11-08,05454500,"Iowa River at Iowa City, IA",532.0,15.064562386944,A,public observation
2020-11-09,05454500,"Iowa River at Iowa City, IA",609.0,17.244959574528,A,public observation
2020-11-10,05454500,"Iowa River at Iowa City, IA",923.0,26.136449404416002,A,public observation
2020-11-11,05454500,"Iowa River at Iowa City, IA",1200.0,33.9802159104,A,public observation
2020-11-12,05454500,"Iowa River at Iowa City, IA",1280.0,36.24556363776,A,public observation
2020-11-13,05454500,"Iowa River at Iowa City, IA",1170.0,33.13071051264,A,public observation
2020-11-14,05454500,"Iowa River at Iowa City, IA",960.0,27.18417272832,A,public observation
2020-11-15,05454500,"Iowa River at Iowa City, IA",836.0,23.672883750912,A,public observation
2020-11-16,05454500,"Iowa River at Iowa City, IA",944.0,26.731103182848,A,public observation
2020-11-17,05454500,"Iowa River at Iowa City, IA",651.0,18.434267131392,A,public observation
2020-11-18,05454500,"Iowa River at Iowa City, IA",651.0,18.434267131392,A,public observation
2020-11-19,05454500,"Iowa River at Iowa City, IA",649.0,18.377633438208,A,public observation
2020-11-20,05454500,"Iowa River at Iowa City, IA",789.0,22.341991961088002,A,public observation
2020-11-21,05454500,"Iowa River at Iowa City, IA",1010.0,28.60001505792,A,public observation
2020-11-22,05454500,"Iowa River at Iowa City, IA",1000.0,28.316846592,A,public observation
2020-11-23,05454500,"Iowa River at Iowa City, IA",1000.0,28.316846592,A,public observation
2020-11-24,05454500,"Iowa River at Iowa City, IA",1110.0,31.43169971712,A,public observation
2020-11-25,05454500,"Iowa River at Iowa City, IA",1520.0,43.04160681984,A,public observation
2020-11-26,05454500,"Iowa River at Iowa City, IA",1740.0,49.27131307008,A,public observation
2020-11-27,05454500,"Iowa River at Iowa City, IA",1790.0,50.68715539968,A,public observation
2020-11-28,05454500,"Iowa River at Iowa City, IA",1950.0,55.2178508544,A,public observation
2020-11-29,05454500,"Iowa River at Iowa City, IA",1510.0,42.75843835392,A,public observation
2020-11-30,05454500,"Iowa River at Iowa City, IA",1200.0,33.9802159104,A,public observation
2020-12-01,05454500,"Iowa River at Iowa City, IA",1100.0,31.1485312512,A,public observation
2020-12-02,05454500,"Iowa River at Iowa City, IA",1010.0,28.60001505792,A,public observation
2020-12-03,05454500,"Iowa River at Iowa City, IA",1010.0,28.60001505792,A,public observation
2020-12-04,05454500,"Iowa River at Iowa City, IA",1010.0,28.60001505792,A,public observation
2020-12-05,05454500,"Iowa River at Iowa City, IA",1000.0,28.316846592,A,public observation
2020-12-06,05454500,"Iowa River at Iowa City, IA",1000.0,28.316846592,A,public observation
2020-12-07,05454500,"Iowa River at Iowa City, IA",999.0,28.288529745408002,A,public observation
2020-12-08,05454500,"Iowa River at Iowa City, IA",995.0,28.17526235904,A,public observation
2020-12-09,05454500,"Iowa River at Iowa City, IA",999.0,28.288529745408002,A,public observation
2020-12-10,05454500,"Iowa River at Iowa City, IA",1110.0,31.43169971712,A,public observation
2020-12-11,05454500,"Iowa River at Iowa City, IA",1480.0,41.90893295616,A,public observation
2020-12-12,05454500,"Iowa River at Iowa City, IA",2120.0,60.03171477504,A,public observation
2020-12-13,05454500,"Iowa River at Iowa City, IA",2060.0,58.332703979520005,A,public observation
2020-12-14,05454500,"Iowa River at Iowa City, IA",1950.0,55.2178508544,A,public observation
2020-12-15,05454500,"Iowa River at Iowa City, IA",2170.0,61.447557104640005,A,public observation
2020-12-16,05454500,"Iowa River at Iowa City, IA",2040.0,57.76636704768,A,public observation
2020-12-17,05454500,"Iowa River at Iowa City, IA",1740.0,49.27131307008,A,public observation
2020-12-18,05454500,"Iowa River at Iowa City, IA",1350.0,38.2277428992,A,public observation
2020-12-19,05454500,"Iowa River at Iowa City, IA",1010.0,28.60001505792,A,public observation
2020-12-20,05454500,"Iowa River at Iowa City, IA",1000.0,28.316846592,A,public observation
2020-12-21,05454500,"Iowa River at Iowa City, IA",1000.0,28.316846592,A,public observation
2020-12-22,05454500,"Iowa River at Iowa City, IA",1000.0,28.316846592,A,public observation
2020-12-23,05454500,"Iowa River at Iowa City, IA",1010.0,28.60001505792,A,public observation
2020-12-24,05454500,"Iowa River at Iowa City, IA",982.0,27.807143353344,A,public observation
2020-12-25,05454500,"Iowa River at Iowa City, IA",967.0,27.382390654464,A,public observation
2020-12-26,05454500,"Iowa River at Iowa City, IA",858.0,24.295854375936,A,public observation
2020-12-27,05454500,"Iowa River at Iowa City, IA",685.0,19.39703991552,A,public observation
2020-12-28,05454500,"Iowa River at Iowa City, IA",681.0,19.283772529152,A,public observation
2020-12-29,05454500,"Iowa River at Iowa City, IA",686.0,19.425356762112,A,public observation
2020-12-30,05454500,"Iowa River at Iowa City, IA",679.0,19.227138835968,A,public observation
2020-12-31,05454500,"Iowa River at Iowa City, IA",725.0,20.5297137792,A,public observation
2021-01-01,05454500,"Iowa River at Iowa City, IA",790.0,22.37030880768,A,public observation
2021-01-02,05454500,"Iowa River at Iowa City, IA",791.0,22.398625654272,A,public observation
2021-01-03,05454500,"Iowa River at Iowa City, IA",792.0,22.426942500864,A,public observation
2021-01-04,05454500,"Iowa River at Iowa City, IA",788.0,22.313675114496,A,public observation
2021-01-05,05454500,"Iowa River at Iowa City, IA",783.0,22.172090881536,A,public observation
2021-01-06,05454500,"Iowa River at Iowa City, IA",780.0,22.08714034176,A,public observation
2021-01-07,05454500,"Iowa River at Iowa City, IA",779.0,22.058823495168,A,public observation
2021-01-08,05454500,"Iowa River at Iowa City, IA",779.0,22.058823495168,A,public observation
2021-01-09,05454500,"Iowa River at Iowa City, IA",779.0,22.058823495168,A,public observation
2021-01-10,05454500,"Iowa River at Iowa City, IA",776.0,21.973872955392,A,public observation
2021-01-11,05454500,"Iowa River at Iowa City, IA",776.0,21.973872955392,A,public observation
2021-01-12,05454500,"Iowa River at Iowa City, IA",755.0,21.37921917696,A,public observation
2021-01-13,05454500,"Iowa River at Iowa City, IA",728.0,20.614664318976,A,public observation
2021-01-14,05454500,"Iowa River at Iowa City, IA",768.0,21.747338182656,A,public observation
2021-01-15,05454500,"Iowa River at Iowa City, IA",768.0,21.747338182656,A,public observation
2021-01-16,05454500,"Iowa River at Iowa City, IA",813.0,23.021596279296002,A,public observation
2021-01-17,05454500,"Iowa River at Iowa City, IA",836.0,23.672883750912,A,public observation
2021-01-18,05454500,"Iowa River at Iowa City, IA",743.0,21.039417017856,A,public observation
2021-01-19,05454500,"Iowa River at Iowa City, IA",733.0,20.756248551936,A,public observation
2021-01-20,05454500,"Iowa River at Iowa City, IA",724.0,20.501396932608,A,public observation
2021-01-21,05454500,"Iowa River at Iowa City, IA",740.0,20.95446647808,A,public observation
2021-01-22,05454500,"Iowa River at Iowa City, IA",722.0,20.444763239424,A,public observation
2021-01-23,05454500,"Iowa River at Iowa City, IA",728.0,20.614664318976,A,public observation
2021-01-24,05454500,"Iowa River at Iowa City, IA",735.0,20.81288224512,A,public observation
2021-01-25,05454500,"Iowa River at Iowa City, IA",678.0,19.198821989376,A,public observation
2021-01-26,05454500,"Iowa River at Iowa City, IA",583.0,16.508721563136,A,public observation
2021-01-27,05454500,"Iowa River at Iowa City, IA",577.0,16.338820483584,A,public observation
2021-01-28,05454500,"Iowa River at Iowa City, IA",575.0,16.2821867904,A,public observation
2021-01-29,05454500,"Iowa River at Iowa City, IA",581.0,16.452087869952,A,public observation
2021-01-30,05454500,"Iowa River at Iowa City, IA",592.0,16.763573182464,A,public observation
2021-01-31,05454500,"Iowa River at Iowa City, IA",681.0,19.283772529152,A,public observation
2021-02-01,05454500,"Iowa River at Iowa City, IA",778.0,22.030506648576,A,public observation
2021-02-02,05454500,"Iowa River at Iowa City, IA",766.0,21.690704489472,A,public observation
2021-02-03,05454500,"Iowa River at Iowa City, IA",695.0,19.68020838144,A,public observation
2021-02-04,05454500,"Iowa River at Iowa City, IA",497.0,14.073472756224,A,public observation
2021-02-05,05454500,"Iowa River at Iowa City, IA",477.0,13.507135824384001,A,public observation
2021-02-06,05454500,"Iowa River at Iowa City, IA",477.0,13.507135824384001,A,public observation
2021-02-07,05454500,"Iowa River at Iowa City, IA",473.0,13.393868438016,A,public observation
2021-02-08,05454500,"Iowa River at Iowa City, IA",537.0,15.206146619904,A,public observation
2021-02-09,05454500,"Iowa River at Iowa City, IA",648.0,18.349316591616,A,public observation
2021-02-10,05454500,"Iowa River at Iowa City, IA",640.0,18.12278181888,A,public observation
2021-02-11,05454500,"Iowa River at Iowa City, IA",645.0,18.26436605184,A,public observation
2021-02-12,05454500,"Iowa River at Iowa City, IA",649.0,18.377633438208,A:e,public observation
2021-02-13,05454500,"Iowa River at Iowa City, IA",644.0,18.236049205248,A:e,public observation
2021-02-14,05454500,"Iowa River at Iowa City, IA",646.0,18.292682898432002,A:e,public observation
2021-02-15,05454500,"Iowa River at Iowa City, IA",650.0,18.4059502848,A:e,public observation
2021-02-16,05454500,"Iowa River at Iowa City, IA",649.0,18.377633438208,A:e,public observation
2021-02-17,05454500,"Iowa River at Iowa City, IA",615.0,17.41486065408,A:e,public observation
2021-02-18,05454500,"Iowa River at Iowa City, IA",568.0,16.083968864256,A:e,public observation
2021-02-19,05454500,"Iowa River at Iowa City, IA",564.0,15.970701477888001,A:e,public observation
2021-02-20,05454500,"Iowa River at Iowa City, IA",562.0,15.914067784704,A:e,public observation
2021-02-21,05454500,"Iowa River at Iowa City, IA",567.0,16.055652017664002,A:e,public observation
2021-02-22,05454500,"Iowa River at Iowa City, IA",570.0,16.14060255744,A:e,public observation
2021-02-23,05454500,"Iowa River at Iowa City, IA",583.0,16.508721563136,A:e,public observation
2021-02-24,05454500,"Iowa River at Iowa City, IA",634.0,17.952880739328002,A:e,public observation
2021-02-25,05454500,"Iowa River at Iowa City, IA",722.0,20.444763239424,A:e,public observation
2021-02-26,05454500,"Iowa River at Iowa City, IA",954.0,27.014271648768002,A:e,public observation
2021-02-27,05454500,"Iowa River at Iowa City, IA",1060.0,30.01585738752,A:e,public observation
2021-02-28,05454500,"Iowa River at Iowa City, IA",1300.0,36.8119005696,A:e,public observation
2021-03-01,05454500,"Iowa River at Iowa City, IA",1600.0,45.3069545472,A,public observation
2021-03-02,05454500,"Iowa River at Iowa City, IA",1660.0,47.00596534272,A,public observation
2021-03-03,05454500,"Iowa River at Iowa City, IA",1910.0,54.08517699072,A,public observation
2021-03-04,05454500,"Iowa River at Iowa City, IA",2380.0,67.39409488896,A,public observation
2021-03-05,05454500,"Iowa River at Iowa City, IA",3180.0,90.04757216256,A,public observation
2021-03-06,05454500,"Iowa River at Iowa City, IA",3970.0,112.41788097024,A,public observation
2021-03-07,05454500,"Iowa River at Iowa City, IA",4640.0,131.39016818688,A,public observation
2021-03-08,05454500,"Iowa River at Iowa City, IA",6250.0,176.9802912,A,public observation
2021-03-09,05454500,"Iowa River at Iowa City, IA",7410.0,209.82783324672002,A,public observation
2021-03-10,05454500,"Iowa River at Iowa City, IA",7910.0,223.98625654272,A,public observation
2021-03-11,05454500,"Iowa River at Iowa City, IA",7480.0,211.81001250816,A,public observation
2021-03-12,05454500,"Iowa River at Iowa City, IA",6220.0,176.13078580224,A,public observation
2021-03-13,05454500,"Iowa River at Iowa City, IA",5230.0,148.09710767616,A,public observation
2021-03-14,05454500,"Iowa River at Iowa City, IA",4740.0,134.22185284608,A,public observation
2021-03-15,05454500,"Iowa River at Iowa City, IA",4460.0,126.29313580032,A,public observation
2021-03-16,05454500,"Iowa River at Iowa City, IA",4350.0,123.17828267520001,A,public observation
2021-03-17,05454500,"Iowa River at Iowa City, IA",4170.0,118.08125028864,A,public observation
2021-03-18,05454500,"Iowa River at Iowa City, IA",4170.0,118.08125028864,A,public observation
2021-03-19,05454500,"Iowa River at Iowa City, IA",4100.0,116.0990710272,A,public observation
2021-03-20,05454500,"Iowa River at Iowa City, IA",3970.0,112.41788097024,A,public observation
2021-03-21,05454500,"Iowa River at Iowa City, IA",3680.0,104.20599545856,A,public observation
2021-03-22,05454500,"Iowa River at Iowa City, IA",3340.0,94.57826761728,A,public observation
2021-03-23,05454500,"Iowa River at Iowa City, IA",3220.0,91.18024602624,A,public observation
2021-03-24,05454500,"Iowa River at Iowa City, IA",3610.0,102.22381619712,A,public observation
2021-03-25,05454500,"Iowa River at Iowa City, IA",4020.0,113.83372329984,A,public observation
2021-03-26,05454500,"Iowa River at Iowa City, IA",4610.0,130.54066278912,A,public observation
2021-03-27,05454500,"Iowa River at Iowa City, IA",5030.0,142.43373835776,A,public observation
2021-03-28,05454500,"Iowa River at Iowa City, IA",5070.0,143.56641222144,A,public observation
2021-03-29,05454500,"Iowa River at Iowa City, IA",5340.0,151.21196080128001,A,public observation
2021-03-30,05454500,"Iowa River at Iowa City, IA",5460.0,154.60998239232,A,public observation
2021-03-31,05454500,"Iowa River at Iowa City, IA",5170.0,146.39809688064,A,public observation
2021-04-01,05454500,"Iowa River at Iowa City, IA",4340.0,122.89511420928001,A,public observation
2021-04-02,05454500,"Iowa River at Iowa City, IA",3090.0,87.49905596928001,A,public observation
2021-04-03,05454500,"Iowa River at Iowa City, IA",2620.0,74.19013807104,A,public observation
2021-04-04,05454500,"Iowa River at Iowa City, IA",2590.0,73.34063267328,A,public observation
2021-04-05,05454500,"Iowa River at Iowa City, IA",2720.0,77.02182273024,A,public observation
2021-04-06,05454500,"Iowa River at Iowa City, IA",2890.0,81.83568665088,A,public observation
2021-04-07,05454500,"Iowa River at Iowa City, IA",2700.0,76.4554857984,A,public observation
2021-04-08,05454500,"Iowa River at Iowa City, IA",2550.0,72.2079588096,A,public observation
2021-04-09,05454500,"Iowa River at Iowa City, IA",2530.0,71.64162187776,A,public observation
2021-04-10,05454500,"Iowa River at Iowa City, IA",2910.0,82.40202358272,A,public observation
2021-04-11,05454500,"Iowa River at Iowa City, IA",4230.0,119.78026108416,A,public observation
2021-04-12,05454500,"Iowa River at Iowa City, IA",3760.0,106.47134318592,A,public observation
2021-04-13,05454500,"Iowa River at Iowa City, IA",3070.0,86.93271903744001,A,public observation
2021-04-14,05454500,"Iowa River at Iowa City, IA",2300.0,65.1287471616,A,public observation
2021-04-15,05454500,"Iowa River at Iowa City, IA",2100.0,59.4653778432,A,public observation
2021-04-16,05454500,"Iowa River at Iowa City, IA",2060.0,58.332703979520005,A,public observation
2021-04-17,05454500,"Iowa River at Iowa City, IA",1950.0,55.2178508544,A,public observation
2021-04-18,05454500,"Iowa River at Iowa City, IA",1750.0,49.554481536000004,A,public observation
2021-04-19,05454500,"Iowa River at Iowa City, IA",1650.0,46.722796876800004,A,public observation
2021-04-20,05454500,"Iowa River at Iowa City, IA",1630.0,46.15645994496,A,public observation
2021-04-21,05454500,"Iowa River at Iowa City, IA",1620.0,45.87329147904,A,public observation
2021-04-22,05454500,"Iowa River at Iowa City, IA",1610.0,45.59012301312,A,public observation
2021-04-23,05454500,"Iowa River at Iowa City, IA",1530.0,43.32477528576,A,public observation
2021-04-24,05454500,"Iowa River at Iowa City, IA",1430.0,40.493090626560004,A,public observation
2021-04-25,05454500,"Iowa River at Iowa City, IA",1420.0,40.20992216064,A,public observation
2021-04-26,05454500,"Iowa River at Iowa City, IA",1420.0,40.20992216064,A,public observation
2021-04-27,05454500,"Iowa River at Iowa City, IA",1410.0,39.92675369472,A,public observation
2021-04-28,05454500,"Iowa River at Iowa City, IA",1400.0,39.6435852288,A,public observation
2021-04-29,05454500,"Iowa River at Iowa City, IA",1330.0,37.661405967360004,A,public observation
2021-04-30,05454500,"Iowa River at Iowa City, IA",1250.0,35.39605824,A,public observation
2021-05-01,05454500,"Iowa River at Iowa City, IA",1240.0,35.11288977408,A,public observation
2021-05-02,05454500,"Iowa River at Iowa City, IA",1240.0,35.11288977408,A,public observation
2021-05-03,05454500,"Iowa River at Iowa City, IA",1370.0,38.79407983104,A,public observation
2021-05-04,05454500,"Iowa River at Iowa City, IA",1320.0,37.378237501440005,A,public observation
2021-05-05,05454500,"Iowa River at Iowa City, IA",1180.0,33.41387897856,A,public observation
2021-05-06,05454500,"Iowa River at Iowa City, IA",1070.0,30.29902585344,A,public observation
2021-05-07,05454500,"Iowa River at Iowa City, IA",1060.0,30.01585738752,A,public observation
2021-05-08,05454500,"Iowa River at Iowa City, IA",1070.0,30.29902585344,A,public observation
2021-05-09,05454500,"Iowa River at Iowa City, IA",1410.0,39.92675369472,A,public observation
2021-05-10,05454500,"Iowa River at Iowa City, IA",1420.0,40.20992216064,A,public observation
2021-05-11,05454500,"Iowa River at Iowa City, IA",1090.0,30.865362785280002,A,public observation
2021-05-12,05454500,"Iowa River at Iowa City, IA",751.0,21.265951790592002,A,public observation
2021-05-13,05454500,"Iowa River at Iowa City, IA",785.0,22.22872457472,A,public observation
2021-05-14,05454500,"Iowa River at Iowa City, IA",1250.0,35.39605824,A,public observation
2021-05-15,05454500,"Iowa River at Iowa City, IA",1490.0,42.19210142208,A,public observation
2021-05-16,05454500,"Iowa River at Iowa City, IA",1420.0,40.20992216064,A,public observation
2021-05-17,05454500,"Iowa River at Iowa City, IA",1450.0,41.0594275584,A,public observation
2021-05-18,05454500,"Iowa River at Iowa City, IA",1470.0,41.62576449024,A,public observation
2021-05-19,05454500,"Iowa River at Iowa City, IA",1460.0,41.34259602432,A,public observation
2021-05-20,05454500,"Iowa River at Iowa City, IA",1440.0,40.776259092480004,A,public observation
2021-05-21,05454500,"Iowa River at Iowa City, IA",1420.0,40.20992216064,A,public observation
2021-05-22,05454500,"Iowa River at Iowa City, IA",1590.0,45.02378608128,A,public observation
2021-05-23,05454500,"Iowa River at Iowa City, IA",1930.0,54.65151392256,A,public observation
2021-05-24,05454500,"Iowa River at Iowa City, IA",1960.0,55.501019320320005,A,public observation
2021-05-25,05454500,"Iowa River at Iowa City, IA",1870.0,52.95250312704,A,public observation
2021-05-26,05454500,"Iowa River at Iowa City, IA",1850.0,52.386166195200005,A,public observation
2021-05-27,05454500,"Iowa River at Iowa City, IA",1850.0,52.386166195200005,A,public observation
2021-05-28,05454500,"Iowa River at Iowa City, IA",1830.0,51.81982926336,A,public observation
2021-05-29,05454500,"Iowa River at Iowa City, IA",1910.0,54.08517699072,A,public observation
2021-05-30,05454500,"Iowa River at Iowa City, IA",2040.0,57.76636704768,A,public observation
2021-05-31,05454500,"Iowa River at Iowa City, IA",2040.0,57.76636704768,A,public observation
2021-06-01,05454500,"Iowa River at Iowa City, IA",2040.0,57.76636704768,A,public observation
2021-06-02,05454500,"Iowa River at Iowa City, IA",2030.0,57.48319858176,A,public observation
2021-06-03,05454500,"Iowa River at Iowa City, IA",2020.0,57.20003011584,A,public observation
2021-06-04,05454500,"Iowa River at Iowa City, IA",1870.0,52.95250312704,A,public observation
2021-06-05,05454500,"Iowa River at Iowa City, IA",1650.0,46.722796876800004,A,public observation
2021-06-06,05454500,"Iowa River at Iowa City, IA",1560.0,44.17428068352,A,public observation
2021-06-07,05454500,"Iowa River at Iowa City, IA",1450.0,41.0594275584,A,public observation
2021-06-08,05454500,"Iowa River at Iowa City, IA",1440.0,40.776259092480004,A,public observation
2021-06-09,05454500,"Iowa River at Iowa City, IA",1440.0,40.776259092480004,A,public observation
2021-06-10,05454500,"Iowa River at Iowa City, IA",1360.0,38.51091136512,A,public observation
2021-06-11,05454500,"Iowa River at Iowa City, IA",1250.0,35.39605824,A,public observation
2021-06-12,05454500,"Iowa River at Iowa City, IA",1240.0,35.11288977408,A,public observation
2021-06-13,05454500,"Iowa River at Iowa City, IA",1230.0,34.82972130816,A,public observation
2021-06-14,05454500,"Iowa River at Iowa City, IA",1180.0,33.41387897856,A,public observation
2021-06-15,05454500,"Iowa River at Iowa City, IA",1010.0,28.60001505792,A,public observation
2021-06-16,05454500,"Iowa River at Iowa City, IA",853.0,24.154270142976,A,public observation
2021-06-17,05454500,"Iowa River at Iowa City, IA",861.0,24.380804915712,A,public observation
2021-06-18,05454500,"Iowa River at Iowa City, IA",887.0,25.117042927104002,A,public observation
2021-06-19,05454500,"Iowa River at Iowa City, IA",933.0,26.419617870336,A,public observation
2021-06-20,05454500,"Iowa River at Iowa City, IA",957.0,27.099222188544,A,public observation
2021-06-21,05454500,"Iowa River at Iowa City, IA",937.0,26.532885256704002,A,public observation
2021-06-22,05454500,"Iowa River at Iowa City, IA",939.0,26.589518949888,A,public observation
2021-06-23,05454500,"Iowa River at Iowa City, IA",1150.0,32.5643735808,A,public observation
2021-06-24,05454500,"Iowa River at Iowa City, IA",991.0,28.061994972672,A,public observation
2021-06-25,05454500,"Iowa River at Iowa City, IA",1220.0,34.546552842240004,A,public observation
2021-06-26,05454500,"Iowa River at Iowa City, IA",1180.0,33.41387897856,A,public observation
2021-06-27,05454500,"Iowa River at Iowa City, IA",1280.0,36.24556363776,A,public observation
2021-06-28,05454500,"Iowa River at Iowa City, IA",1130.0,31.99803664896,A,public observation
2021-06-29,05454500,"Iowa River at Iowa City, IA",1240.0,35.11288977408,A,public observation
2021-06-30,05454500,"Iowa River at Iowa City, IA",1320.0,37.378237501440005,A,public observation
2021-07-01,05454500,"Iowa River at Iowa City, IA",1290.0,36.52873210368,A,public observation
2021-07-02,05454500,"Iowa River at Iowa City, IA",1150.0,32.5643735808,A,public observation
2021-07-03,05454500,"Iowa River at Iowa City, IA",999.0,28.288529745408002,A,public observation
2021-07-04,05454500,"Iowa River at Iowa City, IA",1040.0,29.449520455680002,A,public observation
2021-07-05,05454500,"Iowa River at Iowa City, IA",1120.0,31.71486818304,A,public observation
2021-07-06,05454500,"Iowa River at Iowa City, IA",1110.0,31.43169971712,A,public observation
2021-07-07,05454500,"Iowa River at Iowa City, IA",1110.0,31.43169971712,A,public observation
2021-07-08,05454500,"Iowa River at Iowa City, IA",920.0,26.05149886464,A,public observation
2021-07-09,05454500,"Iowa River at Iowa City, IA",696.0,19.708525228032002,A,public observation
2021-07-10,05454500,"Iowa River at Iowa City, IA",938.0,26.561202103296,A,public observation
2021-07-11,05454500,"Iowa River at Iowa City, IA",1120.0,31.71486818304,A,public observation
2021-07-12,05454500,"Iowa River at Iowa City, IA",1060.0,30.01585738752,A,public observation
2021-07-13,05454500,"Iowa River at Iowa City, IA",1040.0,29.449520455680002,A,public observation
2021-07-14,05454500,"Iowa River at Iowa City, IA",970.0,27.46734119424,A,public observation
2021-07-15,05454500,"Iowa River at Iowa City, IA",1440.0,40.776259092480004,A,public observation
2021-07-16,05454500,"Iowa River at Iowa City, IA",1140.0,32.28120511488,A,public observation
2021-07-17,05454500,"Iowa River at Iowa City, IA",1150.0,32.5643735808,A,public observation
2021-07-18,05454500,"Iowa River at Iowa City, IA",1170.0,33.13071051264,A,public observation
2021-07-19,05454500,"Iowa River at Iowa City, IA",1160.0,32.84754204672,A,public observation
2021-07-20,05454500,"Iowa River at Iowa City, IA",1080.0,30.58219431936,A,public observation
2021-07-21,05454500,"Iowa River at Iowa City, IA",1000.0,28.316846592,A,public observation
2021-07-22,05454500,"Iowa River at Iowa City, IA",941.0,26.646152643072,A,public observation
2021-07-23,05454500,"Iowa River at Iowa City, IA",880.0,24.918825000960002,A,public observation
2021-07-24,05454500,"Iowa River at Iowa City, IA",822.0,23.276447898624,A,public observation
2021-07-25,05454500,"Iowa River at Iowa City, IA",741.0,20.982783324672,A,public observation
2021-07-26,05454500,"Iowa River at Iowa City, IA",745.0,21.09605071104,A,public observation
2021-07-27,05454500,"Iowa River at Iowa City, IA",667.0,18.887336676864,A,public observation
2021-07-28,05454500,"Iowa River at Iowa City, IA",534.0,15.121196080128,A,public observation
2021-07-29,05454500,"Iowa River at Iowa City, IA",510.0,14.44159176192,A,public observation
2021-07-30,05454500,"Iowa River at Iowa City, IA",465.0,13.167333665280001,A,public observation
2021-07-31,05454500,"Iowa River at Iowa City, IA",468.0,13.252284205056,A,public observation
2021-08-01,05454500,"Iowa River at Iowa City, IA",461.0,13.054066278912,A,public observation
2021-08-02,05454500,"Iowa River at Iowa City, IA",444.0,12.572679886848,A,public observation
2021-08-03,05454500,"Iowa River at Iowa City, IA",397.0,11.241788097024001,A,public observation
2021-08-04,05454500,"Iowa River at Iowa City, IA",338.0,9.571094148096,A,public observation
2021-08-05,05454500,"Iowa River at Iowa City, IA",343.0,9.712678381056,A,public observation
2021-08-06,05454500,"Iowa River at Iowa City, IA",301.0,8.523370824192,A,public observation
2021-08-07,05454500,"Iowa River at Iowa City, IA",294.0,8.325152898048,A,public observation
2021-08-08,05454500,"Iowa River at Iowa City, IA",288.0,8.155251818496,A,public observation
2021-08-09,05454500,"Iowa River at Iowa City, IA",282.0,7.985350738944001,A,public observation
2021-08-10,05454500,"Iowa River at Iowa City, IA",280.0,7.92871704576,A,public observation
2021-08-11,05454500,"Iowa River at Iowa City, IA",280.0,7.92871704576,A,public observation
2021-08-12,05454500,"Iowa River at Iowa City, IA",280.0,7.92871704576,A,public observation
2021-08-13,05454500,"Iowa River at Iowa City, IA",274.0,7.758815966208,A,public observation
2021-08-14,05454500,"Iowa River at Iowa City, IA",271.0,7.673865426432,A,public observation
2021-08-15,05454500,"Iowa River at Iowa City, IA",266.0,7.532281193472,A,public observation
2021-08-16,05454500,"Iowa River at Iowa City, IA",266.0,7.532281193472,A,public observation
2021-08-17,05454500,"Iowa River at Iowa City, IA",277.0,7.843766505984,A,public observation
2021-08-18,05454500,"Iowa River at Iowa City, IA",273.0,7.730499119616,A,public observation
2021-08-19,05454500,"Iowa River at Iowa City, IA",258.0,7.305746420736,A,public observation
2021-08-20,05454500,"Iowa River at Iowa City, IA",241.0,6.824360028672,A,public observation
2021-08-21,05454500,"Iowa River at Iowa City, IA",254.0,7.1924790343680005,A,public observation
2021-08-22,05454500,"Iowa River at Iowa City, IA",255.0,7.22079588096,A,public observation
2021-08-23,05454500,"Iowa River at Iowa City, IA",344.0,9.740995227648,A,public observation
2021-08-24,05454500,"Iowa River at Iowa City, IA",325.0,9.2029751424,A,public observation
2021-08-25,05454500,"Iowa River at Iowa City, IA",538.0,15.234463466496,A,public observation
2021-08-26,05454500,"Iowa River at Iowa City, IA",582.0,16.480404716544,A,public observation
2021-08-27,05454500,"Iowa River at Iowa City, IA",807.0,22.851695199744,A,public observation
2021-08-28,05454500,"Iowa River at Iowa City, IA",742.0,21.011100171264,A,public observation
2021-08-29,05454500,"Iowa River at Iowa City, IA",582.0,16.480404716544,A,public observation
2021-08-30,05454500,"Iowa River at Iowa City, IA",400.0,11.3267386368,A,public observation
2021-08-31,05454500,"Iowa River at Iowa City, IA",288.0,8.155251818496,A,public observation
2021-09-01,05454500,"Iowa River at Iowa City, IA",270.0,7.64554857984,A,public observation
2021-09-02,05454500,"Iowa River at Iowa City, IA",254.0,7.1924790343680005,A,public observation
2021-09-03,05454500,"Iowa River at Iowa City, IA",468.0,13.252284205056,A,public observation
2021-09-04,05454500,"Iowa River at Iowa City, IA",540.0,15.29109715968,A,public observation
2021-09-05,05454500,"Iowa River at Iowa City, IA",617.0,17.471494347264,A,public observation
2021-09-06,05454500,"Iowa River at Iowa City, IA",600.0,16.9901079552,A,public observation
2021-09-07,05454500,"Iowa River at Iowa City, IA",515.0,14.583175994880001,A,public observation
2021-09-08,05454500,"Iowa River at Iowa City, IA",342.0,9.684361534464001,A,public observation
2021-09-09,05454500,"Iowa River at Iowa City, IA",305.0,8.636638210560001,A,public observation
2021-09-10,05454500,"Iowa River at Iowa City, IA",242.0,6.852676875264001,A,public observation
2021-09-11,05454500,"Iowa River at Iowa City, IA",242.0,6.852676875264001,A,public observation
2021-09-12,05454500,"Iowa River at Iowa City, IA",241.0,6.824360028672,A,public observation
2021-09-13,05454500,"Iowa River at Iowa City, IA",241.0,6.824360028672,A,public observation
2021-09-14,05454500,"Iowa River at Iowa City, IA",241.0,6.824360028672,A,public observation
2021-09-15,05454500,"Iowa River at Iowa City, IA",244.0,6.909310568448,A,public observation
2021-09-16,05454500,"Iowa River at Iowa City, IA",246.0,6.965944261632,A,public observation
2021-09-17,05454500,"Iowa River at Iowa City, IA",249.0,7.050894801408,A,public observation
2021-09-18,05454500,"Iowa River at Iowa City, IA",246.0,6.965944261632,A,public observation
2021-09-19,05454500,"Iowa River at Iowa City, IA",244.0,6.909310568448,A,public observation
2021-09-20,05454500,"Iowa River at Iowa City, IA",242.0,6.852676875264001,A,public observation
2021-09-21,05454500,"Iowa River at Iowa City, IA",223.0,6.314656790016,A,public observation
2021-09-22,05454500,"Iowa River at Iowa City, IA",204.0,5.776636704768,A,public observation
2021-09-23,05454500,"Iowa River at Iowa City, IA",199.0,5.635052471808,A,public observation
2021-09-24,05454500,"Iowa River at Iowa City, IA",199.0,5.635052471808,A,public observation
2021-09-25,05454500,"Iowa River at Iowa City, IA",193.0,5.465151392256,A,public observation
2021-09-26,05454500,"Iowa River at Iowa City, IA",187.0,5.295250312704,A,public observation
2021-09-27,05454500,"Iowa River at Iowa City, IA",182.0,5.153666079744,A,public observation
2021-09-28,05454500,"Iowa River at Iowa City, IA",179.0,5.068715539968,A,public observation
2021-09-29,05454500,"Iowa River at Iowa City, IA",182.0,5.153666079744,A,public observation
2021-09-30,05454500,"Iowa River at Iowa City, IA",185.0,5.23861661952,A,public observation
2021-10-01,05454500,"Iowa River at Iowa City, IA",186.0,5.266933466112,A,public observation
2021-10-02,05454500,"Iowa River at Iowa City, IA",190.0,5.38020085248,A,public observation
2021-10-03,05454500,"Iowa River at Iowa City, IA",187.0,5.295250312704,A,public observation
2021-10-04,05454500,"Iowa River at Iowa City, IA",186.0,5.266933466112,A,public observation
2021-10-05,05454500,"Iowa River at Iowa City, IA",186.0,5.266933466112,A,public observation
2021-10-06,05454500,"Iowa River at Iowa City, IA",186.0,5.266933466112,A,public observation
2021-10-07,05454500,"Iowa River at Iowa City, IA",183.0,5.181982926336,A,public observation
2021-10-08,05454500,"Iowa River at Iowa City, IA",184.0,5.210299772928,A,public observation
2021-10-09,05454500,"Iowa River at Iowa City, IA",186.0,5.266933466112,A,public observation
2021-10-10,05454500,"Iowa River at Iowa City, IA",191.0,5.408517699072,A,public observation
2021-10-11,05454500,"Iowa River at Iowa City, IA",425.0,12.0346598016,A,public observation
2021-10-12,05454500,"Iowa River at Iowa City, IA",357.0,10.109114233344,A,public observation
2021-10-13,05454500,"Iowa River at Iowa City, IA",311.0,8.806539290112001,A,public observation
2021-10-14,05454500,"Iowa River at Iowa City, IA",336.0,9.514460454912001,A,public observation
2021-10-15,05454500,"Iowa River at Iowa City, IA",358.0,10.137431079936,A:e,public observation
2021-10-16,05454500,"Iowa River at Iowa City, IA",347.0,9.825945767424,A:e,public observation
2021-10-17,05454500,"Iowa River at Iowa City, IA",325.0,9.2029751424,A:e,public observation
2021-10-18,05454500,"Iowa River at Iowa City, IA",251.0,7.1075284945920005,A:e,public observation
2021-10-19,05454500,"Iowa River at Iowa City, IA",190.0,5.38020085248,A,public observation
2021-10-20,05454500,"Iowa River at Iowa City, IA",206.0,5.833270397952,A,public observation
2021-10-21,05454500,"Iowa River at Iowa City, IA",213.0,6.031488324096,A,public observation
2021-10-22,05454500,"Iowa River at Iowa City, IA",208.0,5.8899040911360006,A,public observation
2021-10-23,05454500,"Iowa River at Iowa City, IA",208.0,5.8899040911360006,A,public observation
2021-10-24,05454500,"Iowa River at Iowa City, IA",537.0,15.206146619904,A,public observation
2021-10-25,05454500,"Iowa River at Iowa City, IA",992.0,28.090311819264002,A,public observation
2021-10-26,05454500,"Iowa River at Iowa City, IA",674.0,19.085554603008,A,public observation
2021-10-27,05454500,"Iowa River at Iowa City, IA",847.0,23.984369063424,A,public observation
2021-10-28,05454500,"Iowa River at Iowa City, IA",1040.0,29.449520455680002,A,public observation
2021-10-29,05454500,"Iowa River at Iowa City, IA",1240.0,35.11288977408,A,public observation
2021-10-30,05454500,"Iowa River at Iowa City, IA",1180.0,33.41387897856,A,public observation
2021-10-31,05454500,"Iowa River at Iowa City, IA",975.0,27.6089254272,A,public observation
2021-11-01,05454500,"Iowa River at Iowa City, IA",945.0,26.75942002944,A,public observation
2021-11-02,05454500,"Iowa River at Iowa City, IA",930.0,26.334667330560002,A,public observation
2021-11-03,05454500,"Iowa River at Iowa City, IA",874.0,24.748923921408,A,public observation
2021-11-04,05454500,"Iowa River at Iowa City, IA",823.0,23.304764745216,A,public observation
2021-11-05,05454500,"Iowa River at Iowa City, IA",818.0,23.163180512256,A,public observation
2021-11-06,05454500,"Iowa River at Iowa City, IA",744.0,21.067733864448,A,public observation
2021-11-07,05454500,"Iowa River at Iowa City, IA",666.0,18.859019830272,A,public observation
2021-11-08,05454500,"Iowa River at Iowa City, IA",745.0,21.09605071104,A,public observation
2021-11-09,05454500,"Iowa River at Iowa City, IA",842.0,23.842784830464,A,public observation
2021-11-10,05454500,"Iowa River at Iowa City, IA",844.0,23.899418523648002,A,public observation
2021-11-11,05454500,"Iowa River at Iowa City, IA",910.0,25.76833039872,A,public observation
2021-11-12,05454500,"Iowa River at Iowa City, IA",981.0,27.778826506752,A,public observation
2021-11-13,05454500,"Iowa River at Iowa City, IA",1150.0,32.5643735808,A,public observation
2021-11-14,05454500,"Iowa River at Iowa City, IA",1140.0,32.28120511488,A,public observation
2021-11-15,05454500,"Iowa River at Iowa City, IA",1130.0,31.99803664896,A,public observation
2021-11-16,05454500,"Iowa River at Iowa City, IA",1130.0,31.99803664896,A,public observation
2021-11-17,05454500,"Iowa River at Iowa City, IA",1130.0,31.99803664896,A,public observation
2021-11-18,05454500,"Iowa River at Iowa City, IA",1130.0,31.99803664896,A,public observation
2021-11-19,05454500,"Iowa River at Iowa City, IA",1130.0,31.99803664896,A,public observation
2021-11-20,05454500,"Iowa River at Iowa City, IA",1120.0,31.71486818304,A,public observation
2021-11-21,05454500,"Iowa River at Iowa City, IA",1120.0,31.71486818304,A,public observation
2021-11-22,05454500,"Iowa River at Iowa City, IA",1120.0,31.71486818304,A,public observation
2021-11-23,05454500,"Iowa River at Iowa City, IA",1010.0,28.60001505792,A,public observation
2021-11-24,05454500,"Iowa River at Iowa City, IA",838.0,23.729517444096,A,public observation
2021-11-25,05454500,"Iowa River at Iowa City, IA",831.0,23.531299517952,A,public observation
2021-11-26,05454500,"Iowa River at Iowa City, IA",826.0,23.389715284992,A,public observation
2021-11-27,05454500,"Iowa River at Iowa City, IA",831.0,23.531299517952,A,public observation
2021-11-28,05454500,"Iowa River at Iowa City, IA",831.0,23.531299517952,A,public observation
2021-11-29,05454500,"Iowa River at Iowa City, IA",830.0,23.50298267136,A,public observation
2021-11-30,05454500,"Iowa River at Iowa City, IA",828.0,23.446348978176,A,public observation
2021-12-01,05454500,"Iowa River at Iowa City, IA",831.0,23.531299517952,A,public observation
2021-12-02,05454500,"Iowa River at Iowa City, IA",828.0,23.446348978176,A,public observation
2021-12-03,05454500,"Iowa River at Iowa City, IA",782.0,22.143774034944002,A,public observation
2021-12-04,05454500,"Iowa River at Iowa City, IA",710.0,20.10496108032,A,public observation
2021-12-05,05454500,"Iowa River at Iowa City, IA",708.0,20.048327387136002,A,public observation
2021-12-06,05454500,"Iowa River at Iowa City, IA",704.0,19.935060000768,A,public observation
2021-12-07,05454500,"Iowa River at Iowa City, IA",630.0,17.83961335296,A,public observation
2021-12-08,05454500,"Iowa River at Iowa City, IA",489.0,13.846937983488,A,public observation
2021-12-09,05454500,"Iowa River at Iowa City, IA",420.0,11.89307556864,A,public observation
2021-12-10,05454500,"Iowa River at Iowa City, IA",437.0,12.374461960704,A,public observation
2021-12-11,05454500,"Iowa River at Iowa City, IA",474.0,13.422185284608,A,public observation
2021-12-12,05454500,"Iowa River at Iowa City, IA",430.0,12.17624403456,A,public observation
2021-12-13,05454500,"Iowa River at Iowa City, IA",423.0,11.978026108416,A,public observation
2021-12-14,05454500,"Iowa River at Iowa City, IA",802.0,22.710110966784,A,public observation
2021-12-15,05454500,"Iowa River at Iowa City, IA",1470.0,41.62576449024,A,public observation
2021-12-16,05454500,"Iowa River at Iowa City, IA",1470.0,41.62576449024,A,public observation
2021-12-17,05454500,"Iowa River at Iowa City, IA",1460.0,41.34259602432,A,public observation
2021-12-18,05454500,"Iowa River at Iowa City, IA",1450.0,41.0594275584,A,public observation
2021-12-19,05454500,"Iowa River at Iowa City, IA",1440.0,40.776259092480004,A,public observation
2021-12-20,05454500,"Iowa River at Iowa City, IA",1430.0,40.493090626560004,A,public observation
2021-12-21,05454500,"Iowa River at Iowa City, IA",1420.0,40.20992216064,A,public observation
2021-12-22,05454500,"Iowa River at Iowa City, IA",1410.0,39.92675369472,A,public observation
2021-12-23,05454500,"Iowa River at Iowa City, IA",1080.0,30.58219431936,A,public observation
2021-12-24,05454500,"Iowa River at Iowa City, IA",558.0,15.800800398336001,A,public observation
2021-12-25,05454500,"Iowa River at Iowa City, IA",551.0,15.602582472192001,A,public observation
2021-12-26,05454500,"Iowa River at Iowa City, IA",546.0,15.460998239232,A,public observation
2021-12-27,05454500,"Iowa River at Iowa City, IA",712.0,20.161594773504,A,public observation
2021-12-28,05454500,"Iowa River at Iowa City, IA",999.0,28.288529745408002,A,public observation
2021-12-29,05454500,"Iowa River at Iowa City, IA",990.0,28.03367812608,A,public observation
2021-12-30,05454500,"Iowa River at Iowa City, IA",805.0,22.79506150656,A,public observation
2021-12-31,05454500,"Iowa River at Iowa City, IA",564.0,15.970701477888001,A,public observation
2022-01-01,05454500,"Iowa River at Iowa City, IA",545.0,15.432681392640001,A,public observation
2022-01-02,05454500,"Iowa River at Iowa City, IA",546.0,15.460998239232,A,public observation
2022-01-03,05454500,"Iowa River at Iowa City, IA",479.0,13.563769517568,A,public observation
2022-01-04,05454500,"Iowa River at Iowa City, IA",371.0,10.505550085632,A,public observation
2022-01-05,05454500,"Iowa River at Iowa City, IA",370.0,10.47723323904,A,public observation
2022-01-06,05454500,"Iowa River at Iowa City, IA",356.0,10.080797386752,A,public observation
2022-01-07,05454500,"Iowa River at Iowa City, IA",350.0,9.9108963072,A,public observation
2022-01-08,05454500,"Iowa River at Iowa City, IA",349.0,9.882579460608,A,public observation
2022-01-09,05454500,"Iowa River at Iowa City, IA",352.0,9.967530000384,A,public observation
2022-01-10,05454500,"Iowa River at Iowa City, IA",370.0,10.47723323904,A,public observation
2022-01-11,05454500,"Iowa River at Iowa City, IA",384.0,10.873669091328,A,public observation
2022-01-12,05454500,"Iowa River at Iowa City, IA",397.0,11.241788097024001,A,public observation
2022-01-13,05454500,"Iowa River at Iowa City, IA",409.0,11.581590256128,A,public observation
2022-01-14,05454500,"Iowa River at Iowa City, IA",415.0,11.75149133568,A,public observation
2022-01-15,05454500,"Iowa River at Iowa City, IA",412.0,11.666540795904,A,public observation
2022-01-16,05454500,"Iowa River at Iowa City, IA",405.0,11.46832286976,A,public observation
2022-01-17,05454500,"Iowa River at Iowa City, IA",403.0,11.411689176576001,A,public observation
2022-01-18,05454500,"Iowa River at Iowa City, IA",396.0,11.213471250432,A,public observation
2022-01-19,05454500,"Iowa River at Iowa City, IA",388.0,10.986936477696,A,public observation
2022-01-20,05454500,"Iowa River at Iowa City, IA",381.0,10.788718551552,A,public observation
2022-01-21,05454500,"Iowa River at Iowa City, IA",394.0,11.156837557248,A,public observation
2022-01-22,05454500,"Iowa River at Iowa City, IA",407.0,11.524956562944,A,public observation
2022-01-23,05454500,"Iowa River at Iowa City, IA",414.0,11.723174489088,A,public observation
2022-01-24,05454500,"Iowa River at Iowa City, IA",412.0,11.666540795904,A,public observation
2022-01-25,05454500,"Iowa River at Iowa City, IA",371.0,10.505550085632,A,public observation
2022-01-26,05454500,"Iowa River at Iowa City, IA",324.0,9.174658295808,A,public observation
2022-01-27,05454500,"Iowa River at Iowa City, IA",301.0,8.523370824192,A,public observation
2022-01-28,05454500,"Iowa River at Iowa City, IA",297.0,8.410103437824,A,public observation
2022-01-29,05454500,"Iowa River at Iowa City, IA",301.0,8.523370824192,A,public observation
2022-01-30,05454500,"Iowa River at Iowa City, IA",303.0,8.580004517376,A,public observation
2022-01-31,05454500,"Iowa River at Iowa City, IA",306.0,8.664955057152,A,public observation
2022-02-01,05454500,"Iowa River at Iowa City, IA",313.0,8.863172983296,A,public observation
2022-02-02,05454500,"Iowa River at Iowa City, IA",311.0,8.806539290112001,A,public observation
2022-02-03,05454500,"Iowa River at Iowa City, IA",303.0,8.580004517376,A,public observation
2022-02-04,05454500,"Iowa River at Iowa City, IA",287.0,8.126934971904,A,public observation
2022-02-05,05454500,"Iowa River at Iowa City, IA",271.0,7.673865426432,A,public observation
2022-02-06,05454500,"Iowa River at Iowa City, IA",261.0,7.390696960512,A:e,public observation
2022-02-07,05454500,"Iowa River at Iowa City, IA",255.0,7.22079588096,A:e,public observation
2022-02-08,05454500,"Iowa River at Iowa City, IA",254.0,7.1924790343680005,A:e,public observation
2022-02-09,05454500,"Iowa River at Iowa City, IA",259.0,7.334063267328,A:e,public observation
2022-02-10,05454500,"Iowa River at Iowa City, IA",264.0,7.475647500288,A:e,public observation
2022-02-11,05454500,"Iowa River at Iowa City, IA",274.0,7.758815966208,A:e,public observation
2022-02-12,05454500,"Iowa River at Iowa City, IA",283.0,8.013667585536,A:e,public observation
2022-02-13,05454500,"Iowa River at Iowa City, IA",281.0,7.957033892352,A:e,public observation
2022-02-14,05454500,"Iowa River at Iowa City, IA",321.0,9.089707756032,A:e,public observation
2022-02-15,05454500,"Iowa River at Iowa City, IA",345.0,9.76931207424,A:e,public observation
2022-02-16,05454500,"Iowa River at Iowa City, IA",350.0,9.9108963072,A:e,public observation
2022-02-17,05454500,"Iowa River at Iowa City, IA",356.0,10.080797386752,A:e,public observation
2022-02-18,05454500,"Iowa River at Iowa City, IA",464.0,13.139016818688,A:e,public observation
2022-02-19,05454500,"Iowa River at Iowa City, IA",563.0,15.942384631296001,A:e,public observation
2022-02-20,05454500,"Iowa River at Iowa City, IA",596.0,16.876840568832,A:e,public observation
2022-02-21,05454500,"Iowa River at Iowa City, IA",597.0,16.905157415424,A:e,public observation
2022-02-22,05454500,"Iowa River at Iowa City, IA",689.0,19.510307301888,A:e,public observation
2022-02-23,05454500,"Iowa River at Iowa City, IA",649.0,18.377633438208,A:e,public observation
2022-02-24,05454500,"Iowa River at Iowa City, IA",602.0,17.046741648384,A:e,public observation
2022-02-25,05454500,"Iowa River at Iowa City, IA",659.0,18.660801904128,A:e,public observation
2022-02-26,05454500,"Iowa River at Iowa City, IA",704.0,19.935060000768,A:e,public observation
2022-02-27,05454500,"Iowa River at Iowa City, IA",635.0,17.98119758592,A:e,public observation
2022-02-28,05454500,"Iowa River at Iowa City, IA",565.0,15.99901832448,A:e,public observation
2022-03-01,05454500,"Iowa River at Iowa City, IA",573.0,16.225553097216,A:e,public observation
2022-03-02,05454500,"Iowa River at Iowa City, IA",581.0,16.452087869952,A:e,public observation
2022-03-03,05454500,"Iowa River at Iowa City, IA",581.0,16.452087869952,A:e,public observation
2022-03-04,05454500,"Iowa River at Iowa City, IA",581.0,16.452087869952,A:e,public observation
2022-03-05,05454500,"Iowa River at Iowa City, IA",602.0,17.046741648384,A:e,public observation
2022-03-06,05454500,"Iowa River at Iowa City, IA",839.0,23.757834290688,A:e,public observation
2022-03-07,05454500,"Iowa River at Iowa City, IA",1370.0,38.79407983104,A,public observation
2022-03-08,05454500,"Iowa River at Iowa City, IA",1570.0,44.45744914944,A,public observation
2022-03-09,05454500,"Iowa River at Iowa City, IA",2050.0,58.0495355136,A,public observation
2022-03-10,05454500,"Iowa River at Iowa City, IA",2150.0,60.8812201728,A,public observation
2022-03-11,05454500,"Iowa River at Iowa City, IA",2010.0,56.91686164992,A,public observation
2022-03-12,05454500,"Iowa River at Iowa City, IA",1450.0,41.0594275584,A,public observation
2022-03-13,05454500,"Iowa River at Iowa City, IA",1140.0,32.28120511488,A,public observation
2022-03-14,05454500,"Iowa River at Iowa City, IA",1170.0,33.13071051264,A,public observation
2022-03-15,05454500,"Iowa River at Iowa City, IA",1290.0,36.52873210368,A,public observation
2022-03-16,05454500,"Iowa River at Iowa City, IA",1520.0,43.04160681984,A,public observation
2022-03-17,05454500,"Iowa River at Iowa City, IA",1420.0,40.20992216064,A,public observation
2022-03-18,05454500,"Iowa River at Iowa City, IA",1460.0,41.34259602432,A,public observation
2022-03-19,05454500,"Iowa River at Iowa City, IA",2010.0,56.91686164992,A,public observation
2022-03-20,05454500,"Iowa River at Iowa City, IA",2390.0,67.67726335488,A,public observation
2022-03-21,05454500,"Iowa River at Iowa City, IA",2350.0,66.5445894912,A,public observation
2022-03-22,05454500,"Iowa River at Iowa City, IA",2430.0,68.80993721856001,A,public observation
2022-03-23,05454500,"Iowa River at Iowa City, IA",3170.0,89.76440369664,A,public observation
2022-03-24,05454500,"Iowa River at Iowa City, IA",3320.0,94.01193068544,A,public observation
2022-03-25,05454500,"Iowa River at Iowa City, IA",2680.0,75.88914886656,A,public observation
2022-03-26,05454500,"Iowa River at Iowa City, IA",2810.0,79.57033892352,A,public observation
2022-03-27,05454500,"Iowa River at Iowa City, IA",2780.0,78.72083352576,A,public observation
2022-03-28,05454500,"Iowa River at Iowa City, IA",2750.0,77.871328128,A,public observation
2022-03-29,05454500,"Iowa River at Iowa City, IA",2560.0,72.49112727552,A,public observation
2022-03-30,05454500,"Iowa River at Iowa City, IA",2400.0,67.9604318208,A,public observation
2022-03-31,05454500,"Iowa River at Iowa City, IA",2400.0,67.9604318208,A,public observation
2022-04-01,05454500,"Iowa River at Iowa City, IA",2460.0,69.65944261632,A,public observation
2022-04-02,05454500,"Iowa River at Iowa City, IA",2680.0,75.88914886656,A,public observation
2022-04-03,05454500,"Iowa River at Iowa City, IA",2850.0,80.7030127872,A,public observation
2022-04-04,05454500,"Iowa River at Iowa City, IA",3110.0,88.06539290112,A,public observation
2022-04-05,05454500,"Iowa River at Iowa City, IA",2670.0,75.60598040064001,A,public observation
2022-04-06,05454500,"Iowa River at Iowa City, IA",2280.0,64.56241022976,A,public observation
2022-04-07,05454500,"Iowa River at Iowa City, IA",2150.0,60.8812201728,A,public observation
2022-04-08,05454500,"Iowa River at Iowa City, IA",2220.0,62.86339943424,A,public observation
2022-04-09,05454500,"Iowa River at Iowa City, IA",2340.0,66.26142102528,A,public observation
2022-04-10,05454500,"Iowa River at Iowa City, IA",2060.0,58.332703979520005,A,public observation
2022-04-11,05454500,"Iowa River at Iowa City, IA",979.0,27.722192813568,A,public observation
2022-04-12,05454500,"Iowa River at Iowa City, IA",1970.0,55.784187786240004,A,public observation
2022-04-13,05454500,"Iowa River at Iowa City, IA",2030.0,57.48319858176,A,public observation
2022-04-14,05454500,"Iowa River at Iowa City, IA",2010.0,56.91686164992,A,public observation
2022-04-15,05454500,"Iowa River at Iowa City, IA",1980.0,56.06735625216,A,public observation
2022-04-16,05454500,"Iowa River at Iowa City, IA",1960.0,55.501019320320005,A,public observation
2022-04-17,05454500,"Iowa River at Iowa City, IA",1840.0,52.10299772928,A,public observation
2022-04-18,05454500,"Iowa River at Iowa City, IA",1680.0,47.57230227456,A,public observation
2022-04-19,05454500,"Iowa River at Iowa City, IA",1660.0,47.00596534272,A,public observation
2022-04-20,05454500,"Iowa River at Iowa City, IA",1720.0,48.70497613824,A,public observation
2022-04-21,05454500,"Iowa River at Iowa City, IA",2070.0,58.615872445440004,A,public observation
2022-04-22,05454500,"Iowa River at Iowa City, IA",2750.0,77.871328128,A,public observation
2022-04-23,05454500,"Iowa River at Iowa City, IA",3680.0,104.20599545856,A,public observation
2022-04-24,05454500,"Iowa River at Iowa City, IA",4930.0,139.60205369856,A,public observation
2022-04-25,05454500,"Iowa River at Iowa City, IA",5910.0,167.35256335872,A,public observation
2022-04-26,05454500,"Iowa River at Iowa City, IA",6500.0,184.059502848,A,public observation
2022-04-27,05454500,"Iowa River at Iowa City, IA",5860.0,165.93672102912,A,public observation
2022-04-28,05454500,"Iowa River at Iowa City, IA",4930.0,139.60205369856,A,public observation
2022-04-29,05454500,"Iowa River at Iowa City, IA",4920.0,139.31888523264,A,public observation
2022-04-30,05454500,"Iowa River at Iowa City, IA",4950.0,140.1683906304,A,public observation
2022-05-01,05454500,"Iowa River at Iowa City, IA",4900.0,138.75254830080002,A,public observation
2022-05-02,05454500,"Iowa River at Iowa City, IA",4400.0,124.5941250048,A,public observation
2022-05-03,05454500,"Iowa River at Iowa City, IA",4140.0,117.23174489088001,A,public observation
2022-05-04,05454500,"Iowa River at Iowa City, IA",5090.0,144.13274915328,A,public observation
2022-05-05,05454500,"Iowa River at Iowa City, IA",6440.0,182.36049205248,A,public observation
2022-05-06,05454500,"Iowa River at Iowa City, IA",6770.0,191.70505142784,A,public observation
2022-05-07,05454500,"Iowa River at Iowa City, IA",6750.0,191.138714496,A,public observation
2022-05-08,05454500,"Iowa River at Iowa City, IA",6310.0,178.67930199552,A,public observation
2022-05-09,05454500,"Iowa River at Iowa City, IA",6050.0,171.3169218816,A,public observation
2022-05-10,05454500,"Iowa River at Iowa City, IA",6000.0,169.901079552,A,public observation
2022-05-11,05454500,"Iowa River at Iowa City, IA",5860.0,165.93672102912,A,public observation
2022-05-12,05454500,"Iowa River at Iowa City, IA",5730.0,162.25553097216002,A,public observation
2022-05-13,05454500,"Iowa River at Iowa City, IA",5720.0,161.97236250624002,A,public observation
2022-05-14,05454500,"Iowa River at Iowa City, IA",5400.0,152.9109715968,A,public observation
2022-05-15,05454500,"Iowa River at Iowa City, IA",4670.0,132.23967358464,A,public observation
2022-05-16,05454500,"Iowa River at Iowa City, IA",4180.0,118.36441875456,A,public observation
2022-05-17,05454500,"Iowa River at Iowa City, IA",3860.0,109.30302784512,A,public observation
2022-05-18,05454500,"Iowa River at Iowa City, IA",3370.0,95.42777301504,A,public observation
2022-05-19,05454500,"Iowa River at Iowa City, IA",3040.0,86.08321363968,A,public observation
2022-05-20,05454500,"Iowa River at Iowa City, IA",2850.0,80.7030127872,A,public observation
2022-05-21,05454500,"Iowa River at Iowa City, IA",2820.0,79.85350738944,A,public observation
2022-05-22,05454500,"Iowa River at Iowa City, IA",2690.0,76.17231733248,A,public observation
2022-05-23,05454500,"Iowa River at Iowa City, IA",2420.0,68.52676875264,A,public observation
2022-05-24,05454500,"Iowa River at Iowa City, IA",2230.0,63.14656790016,A,public observation
2022-05-25,05454500,"Iowa River at Iowa City, IA",2360.0,66.82775795712,A,public observation
2022-05-26,05454500,"Iowa River at Iowa City, IA",2590.0,73.34063267328,A,public observation
2022-05-27,05454500,"Iowa River at Iowa City, IA",2920.0,82.68519204864,A,public observation
2022-05-28,05454500,"Iowa River at Iowa City, IA",2980.0,84.38420284416,A,public observation
2022-05-29,05454500,"Iowa River at Iowa City, IA",3100.0,87.7822244352,A,public observation
2022-05-30,05454500,"Iowa River at Iowa City, IA",3360.0,95.14460454912,A,public observation
2022-05-31,05454500,"Iowa River at Iowa City, IA",3360.0,95.14460454912,A,public observation
2022-06-01,05454500,"Iowa River at Iowa City, IA",3320.0,94.01193068544,A,public observation
2022-06-02,05454500,"Iowa River at Iowa City, IA",1840.0,52.10299772928,A,public observation
2022-06-03,05454500,"Iowa River at Iowa City, IA",4140.0,117.23174489088001,A,public observation
2022-06-04,05454500,"Iowa River at Iowa City, IA",3380.0,95.71094148096,A,public observation
2022-06-05,05454500,"Iowa River at Iowa City, IA",3180.0,90.04757216256,A,public observation
2022-06-06,05454500,"Iowa River at Iowa City, IA",3410.0,96.56044687872,A,public observation
2022-06-07,05454500,"Iowa River at Iowa City, IA",3500.0,99.10896307200001,A,public observation
2022-06-08,05454500,"Iowa River at Iowa City, IA",3680.0,104.20599545856,A,public observation
2022-06-09,05454500,"Iowa River at Iowa City, IA",3960.0,112.13471250432,A,public observation
2022-06-10,05454500,"Iowa River at Iowa City, IA",3960.0,112.13471250432,A,public observation
2022-06-11,05454500,"Iowa River at Iowa City, IA",3950.0,111.85154403840001,A,public observation
2022-06-12,05454500,"Iowa River at Iowa City, IA",4000.0,113.267386368,A,public observation
2022-06-13,05454500,"Iowa River at Iowa City, IA",3760.0,106.47134318592,A,public observation
2022-06-14,05454500,"Iowa River at Iowa City, IA",3390.0,95.99410994688,A,public observation
2022-06-15,05454500,"Iowa River at Iowa City, IA",3210.0,90.89707756032,A,public observation
2022-06-16,05454500,"Iowa River at Iowa City, IA",3200.0,90.6139090944,A,public observation
2022-06-17,05454500,"Iowa River at Iowa City, IA",3180.0,90.04757216256,A,public observation
2022-06-18,05454500,"Iowa River at Iowa City, IA",3460.0,97.97628920832,A,public observation
2022-06-19,05454500,"Iowa River at Iowa City, IA",4540.0,128.55848352768,A,public observation
2022-06-20,05454500,"Iowa River at Iowa City, IA",5600.0,158.5743409152,A,public observation
2022-06-21,05454500,"Iowa River at Iowa City, IA",5030.0,142.43373835776,A,public observation
2022-06-22,05454500,"Iowa River at Iowa City, IA",4340.0,122.89511420928001,A,public observation
2022-06-23,05454500,"Iowa River at Iowa City, IA",4030.0,114.11689176576,A,public observation
2022-06-24,05454500,"Iowa River at Iowa City, IA",3690.0,104.48916392448,A,public observation
2022-06-25,05454500,"Iowa River at Iowa City, IA",5230.0,148.09710767616,A,public observation
2022-06-26,05454500,"Iowa River at Iowa City, IA",5580.0,158.00800398336,A,public observation
2022-06-27,05454500,"Iowa River at Iowa City, IA",5960.0,168.76840568832,A,public observation
2022-06-28,05454500,"Iowa River at Iowa City, IA",4310.0,122.04560881152,A,public observation
2022-06-29,05454500,"Iowa River at Iowa City, IA",2980.0,84.38420284416,A,public observation
2022-06-30,05454500,"Iowa River at Iowa City, IA",2610.0,73.90696960512,A,public observation
2022-07-01,05454500,"Iowa River at Iowa City, IA",2240.0,63.42973636608,A,public observation
2022-07-02,05454500,"Iowa River at Iowa City, IA",1970.0,55.784187786240004,A,public observation
2022-07-03,05454500,"Iowa River at Iowa City, IA",1800.0,50.9703238656,A,public observation
2022-07-04,05454500,"Iowa River at Iowa City, IA",2060.0,58.332703979520005,A,public observation
2022-07-05,05454500,"Iowa River at Iowa City, IA",2030.0,57.48319858176,A,public observation
2022-07-06,05454500,"Iowa River at Iowa City, IA",2090.0,59.18220937728,A,public observation
2022-07-07,05454500,"Iowa River at Iowa City, IA",1850.0,52.386166195200005,A,public observation
2022-07-08,05454500,"Iowa River at Iowa City, IA",2450.0,69.37627415040001,A,public observation
2022-07-09,05454500,"Iowa River at Iowa City, IA",2710.0,76.73865426432,A,public observation
2022-07-10,05454500,"Iowa River at Iowa City, IA",2380.0,67.39409488896,A,public observation
2022-07-11,05454500,"Iowa River at Iowa City, IA",2470.0,69.94261108224,A,public observation
2022-07-12,05454500,"Iowa River at Iowa City, IA",2370.0,67.11092642304,A,public observation
2022-07-13,05454500,"Iowa River at Iowa City, IA",2310.0,65.41191562752,A,public observation
2022-07-14,05454500,"Iowa River at Iowa City, IA",2240.0,63.42973636608,A,public observation
2022-07-15,05454500,"Iowa River at Iowa City, IA",2210.0,62.58023096832,A,public observation
2022-07-16,05454500,"Iowa River at Iowa City, IA",2180.0,61.730725570560004,A,public observation
2022-07-17,05454500,"Iowa River at Iowa City, IA",1900.0,53.8020085248,A,public observation
2022-07-18,05454500,"Iowa River at Iowa City, IA",1420.0,40.20992216064,A,public observation
2022-07-19,05454500,"Iowa River at Iowa City, IA",1290.0,36.52873210368,A,public observation
2022-07-20,05454500,"Iowa River at Iowa City, IA",1280.0,36.24556363776,A,public observation
2022-07-21,05454500,"Iowa River at Iowa City, IA",1210.0,34.26338437632,A,public observation
2022-07-22,05454500,"Iowa River at Iowa City, IA",1090.0,30.865362785280002,A,public observation
2022-07-23,05454500,"Iowa River at Iowa City, IA",1090.0,30.865362785280002,A,public observation
2022-07-24,05454500,"Iowa River at Iowa City, IA",1100.0,31.1485312512,A,public observation
2022-07-25,05454500,"Iowa River at Iowa City, IA",1040.0,29.449520455680002,A,public observation
2022-07-26,05454500,"Iowa River at Iowa City, IA",875.0,24.777240768000002,A,public observation
2022-07-27,05454500,"Iowa River at Iowa City, IA",565.0,15.99901832448,A,public observation
2022-07-28,05454500,"Iowa River at Iowa City, IA",542.0,15.347730852864,A,public observation
2022-07-29,05454500,"Iowa River at Iowa City, IA",541.0,15.319414006272,A,public observation
2022-07-30,05454500,"Iowa River at Iowa City, IA",543.0,15.376047699456,A,public observation
2022-07-31,05454500,"Iowa River at Iowa City, IA",548.0,15.517631932416,A,public observation
2022-08-01,05454500,"Iowa River at Iowa City, IA",635.0,17.98119758592,A,public observation
2022-08-02,05454500,"Iowa River at Iowa City, IA",850.0,24.0693196032,A,public observation
2022-08-03,05454500,"Iowa River at Iowa City, IA",931.0,26.362984177152,A,public observation
2022-08-04,05454500,"Iowa River at Iowa City, IA",976.0,27.637242273792,A:e,public observation
2022-08-05,05454500,"Iowa River at Iowa City, IA",966.0,27.354073807872002,A:e,public observation
2022-08-06,05454500,"Iowa River at Iowa City, IA",985.0,27.892093893120002,A,public observation
2022-08-07,05454500,"Iowa River at Iowa City, IA",1030.0,29.166351989760003,A,public observation
2022-08-08,05454500,"Iowa River at Iowa City, IA",949.0,26.872687415808002,A,public observation
2022-08-09,05454500,"Iowa River at Iowa City, IA",736.0,20.841199091712,A,public observation
2022-08-10,05454500,"Iowa River at Iowa City, IA",575.0,16.2821867904,A,public observation
2022-08-11,05454500,"Iowa River at Iowa City, IA",456.0,12.912482045952,A,public observation
2022-08-12,05454500,"Iowa River at Iowa City, IA",369.0,10.448916392448,A,public observation
2022-08-13,05454500,"Iowa River at Iowa City, IA",354.0,10.024163693568001,A,public observation
2022-08-14,05454500,"Iowa River at Iowa City, IA",349.0,9.882579460608,A,public observation
2022-08-15,05454500,"Iowa River at Iowa City, IA",343.0,9.712678381056,A,public observation
2022-08-16,05454500,"Iowa River at Iowa City, IA",342.0,9.684361534464001,A,public observation
2022-08-17,05454500,"Iowa River at Iowa City, IA",336.0,9.514460454912001,A,public observation
2022-08-18,05454500,"Iowa River at Iowa City, IA",328.0,9.287925682176,A,public observation
2022-08-19,05454500,"Iowa River at Iowa City, IA",357.0,10.109114233344,A,public observation
2022-08-20,05454500,"Iowa River at Iowa City, IA",440.0,12.459412500480001,A,public observation
2022-08-21,05454500,"Iowa River at Iowa City, IA",406.0,11.496639716352,A,public observation
2022-08-22,05454500,"Iowa River at Iowa City, IA",386.0,10.930302784512,A,public observation
2022-08-23,05454500,"Iowa River at Iowa City, IA",474.0,13.422185284608,A,public observation
2022-08-24,05454500,"Iowa River at Iowa City, IA",481.0,13.620403210752,A,public observation
2022-08-25,05454500,"Iowa River at Iowa City, IA",461.0,13.054066278912,A,public observation
2022-08-26,05454500,"Iowa River at Iowa City, IA",442.0,12.516046193664,A,public observation
2022-08-27,05454500,"Iowa River at Iowa City, IA",406.0,11.496639716352,A,public observation
2022-08-28,05454500,"Iowa River at Iowa City, IA",391.0,11.071887017472001,A,public observation
2022-08-29,05454500,"Iowa River at Iowa City, IA",372.0,10.533866932224,A,public observation
2022-08-30,05454500,"Iowa River at Iowa City, IA",360.0,10.194064773120001,A,public observation
2022-08-31,05454500,"Iowa River at Iowa City, IA",351.0,9.939213153792,A,public observation
2022-09-01,05454500,"Iowa River at Iowa City, IA",341.0,9.656044687872,A,public observation
2022-09-02,05454500,"Iowa River at Iowa City, IA",319.0,9.033074062848,A,public observation
2022-09-03,05454500,"Iowa River at Iowa City, IA",267.0,7.560598040064,A,public observation
2022-09-04,05454500,"Iowa River at Iowa City, IA",252.0,7.135845341184,A,public observation
2022-09-05,05454500,"Iowa River at Iowa City, IA",253.0,7.164162187776,A,public observation
2022-09-06,05454500,"Iowa River at Iowa City, IA",259.0,7.334063267328,A,public observation
2022-09-07,05454500,"Iowa River at Iowa City, IA",256.0,7.249112727552,A,public observation
2022-09-08,05454500,"Iowa River at Iowa City, IA",254.0,7.1924790343680005,A,public observation
2022-09-09,05454500,"Iowa River at Iowa City, IA",251.0,7.1075284945920005,A,public observation
2022-09-10,05454500,"Iowa River at Iowa City, IA",263.0,7.4473306536960004,A,public observation
2022-09-11,05454500,"Iowa River at Iowa City, IA",442.0,12.516046193664,A,public observation
2022-09-12,05454500,"Iowa River at Iowa City, IA",254.0,7.1924790343680005,A,public observation
2022-09-13,05454500,"Iowa River at Iowa City, IA",252.0,7.135845341184,A,public observation
2022-09-14,05454500,"Iowa River at Iowa City, IA",261.0,7.390696960512,A,public observation
2022-09-15,05454500,"Iowa River at Iowa City, IA",223.0,6.314656790016,A,public observation
2022-09-16,05454500,"Iowa River at Iowa City, IA",183.0,5.181982926336,A,public observation
2022-09-17,05454500,"Iowa River at Iowa City, IA",190.0,5.38020085248,A,public observation
2022-09-18,05454500,"Iowa River at Iowa City, IA",242.0,6.852676875264001,A,public observation
2022-09-19,05454500,"Iowa River at Iowa City, IA",197.0,5.578418778624,A,public observation
2022-09-20,05454500,"Iowa River at Iowa City, IA",179.0,5.068715539968,A,public observation
2022-09-21,05454500,"Iowa River at Iowa City, IA",182.0,5.153666079744,A,public observation
2022-09-22,05454500,"Iowa River at Iowa City, IA",184.0,5.210299772928,A,public observation
2022-09-23,05454500,"Iowa River at Iowa City, IA",181.0,5.125349233152,A,public observation
2022-09-24,05454500,"Iowa River at Iowa City, IA",182.0,5.153666079744,A,public observation
2022-09-25,05454500,"Iowa River at Iowa City, IA",182.0,5.153666079744,A,public observation
2022-09-26,05454500,"Iowa River at Iowa City, IA",182.0,5.153666079744,A,public observation
2022-09-27,05454500,"Iowa River at Iowa City, IA",179.0,5.068715539968,A,public observation
2022-09-28,05454500,"Iowa River at Iowa City, IA",178.0,5.040398693376,A,public observation
2022-09-29,05454500,"Iowa River at Iowa City, IA",180.0,5.0970323865600005,A,public observation
2022-09-30,05454500,"Iowa River at Iowa City, IA",182.0,5.153666079744,A,public observation
2022-10-01,05454500,"Iowa River at Iowa City, IA",182.0,5.153666079744,A,public observation
2022-10-02,05454500,"Iowa River at Iowa City, IA",182.0,5.153666079744,A,public observation
2022-10-03,05454500,"Iowa River at Iowa City, IA",182.0,5.153666079744,A,public observation
2022-10-04,05454500,"Iowa River at Iowa City, IA",182.0,5.153666079744,A,public observation
2022-10-05,05454500,"Iowa River at Iowa City, IA",187.0,5.295250312704,A,public observation
2022-10-06,05454500,"Iowa River at Iowa City, IA",186.0,5.266933466112,A,public observation
2022-10-07,05454500,"Iowa River at Iowa City, IA",183.0,5.181982926336,A,public observation
2022-10-08,05454500,"Iowa River at Iowa City, IA",184.0,5.210299772928,A,public observation
2022-10-09,05454500,"Iowa River at Iowa City, IA",186.0,5.266933466112,A,public observation
2022-10-10,05454500,"Iowa River at Iowa City, IA",182.0,5.153666079744,A,public observation
2022-10-11,05454500,"Iowa River at Iowa City, IA",182.0,5.153666079744,A,public observation
2022-10-12,05454500,"Iowa River at Iowa City, IA",182.0,5.153666079744,A,public observation
2022-10-13,05454500,"Iowa River at Iowa City, IA",180.0,5.0970323865600005,A,public observation
2022-10-14,05454500,"Iowa River at Iowa City, IA",177.0,5.0120818467840005,A,public observation
2022-10-15,05454500,"Iowa River at Iowa City, IA",174.0,4.9271313070080005,A,public observation
2022-10-16,05454500,"Iowa River at Iowa City, IA",170.0,4.81386392064,A,public observation
2022-10-17,05454500,"Iowa River at Iowa City, IA",170.0,4.81386392064,A,public observation
2022-10-18,05454500,"Iowa River at Iowa City, IA",170.0,4.81386392064,A,public observation
2022-10-19,05454500,"Iowa River at Iowa City, IA",170.0,4.81386392064,A,public observation
2022-10-20,05454500,"Iowa River at Iowa City, IA",174.0,4.9271313070080005,A,public observation
2022-10-21,05454500,"Iowa River at Iowa City, IA",181.0,5.125349233152,A,public observation
2022-10-22,05454500,"Iowa River at Iowa City, IA",187.0,5.295250312704,A,public observation
2022-10-23,05454500,"Iowa River at Iowa City, IA",191.0,5.408517699072,A,public observation
2022-10-24,05454500,"Iowa River at Iowa City, IA",203.0,5.748319858176,A,public observation
2022-10-25,05454500,"Iowa River at Iowa City, IA",258.0,7.305746420736,A,public observation
2022-10-26,05454500,"Iowa River at Iowa City, IA",233.0,6.597825255936,A,public observation
2022-10-27,05454500,"Iowa River at Iowa City, IA",213.0,6.031488324096,A,public observation
2022-10-28,05454500,"Iowa River at Iowa City, IA",197.0,5.578418778624,A,public observation
2022-10-29,05454500,"Iowa River at Iowa City, IA",191.0,5.408517699072,A,public observation
2022-10-30,05454500,"Iowa River at Iowa City, IA",187.0,5.295250312704,A,public observation
2022-10-31,05454500,"Iowa River at Iowa City, IA",186.0,5.266933466112,A,public observation
2022-11-01,05454500,"Iowa River at Iowa City, IA",187.0,5.295250312704,A,public observation
2022-11-02,05454500,"Iowa River at Iowa City, IA",186.0,5.266933466112,A,public observation
2022-11-03,05454500,"Iowa River at Iowa City, IA",187.0,5.295250312704,A,public observation
2022-11-04,05454500,"Iowa River at Iowa City, IA",281.0,7.957033892352,A,public observation
2022-11-05,05454500,"Iowa River at Iowa City, IA",552.0,15.630899318784001,A,public observation
2022-11-06,05454500,"Iowa River at Iowa City, IA",317.0,8.976440369664001,A,public observation
2022-11-07,05454500,"Iowa River at Iowa City, IA",252.0,7.135845341184,A,public observation
2022-11-08,05454500,"Iowa River at Iowa City, IA",237.0,6.711092642304,A,public observation
2022-11-09,05454500,"Iowa River at Iowa City, IA",225.0,6.3712904832,A,public observation
2022-11-10,05454500,"Iowa River at Iowa City, IA",280.0,7.92871704576,A,public observation
2022-11-11,05454500,"Iowa River at Iowa City, IA",575.0,16.2821867904,A,public observation
2022-11-12,05454500,"Iowa River at Iowa City, IA",312.0,8.834856136704,A,public observation
2022-11-13,05454500,"Iowa River at Iowa City, IA",258.0,7.305746420736,A,public observation
2022-11-14,05454500,"Iowa River at Iowa City, IA",251.0,7.1075284945920005,A,public observation
2022-11-15,05454500,"Iowa River at Iowa City, IA",246.0,6.965944261632,A,public observation
2022-11-16,05454500,"Iowa River at Iowa City, IA",250.0,7.079211648,A,public observation
2022-11-17,05454500,"Iowa River at Iowa City, IA",250.0,7.079211648,A,public observation
2022-11-18,05454500,"Iowa River at Iowa City, IA",240.0,6.79604318208,A,public observation
2022-11-19,05454500,"Iowa River at Iowa City, IA",232.0,6.569508409344,A,public observation
2022-11-20,05454500,"Iowa River at Iowa City, IA",222.0,6.286339943424,A,public observation
2022-11-21,05454500,"Iowa River at Iowa City, IA",212.0,6.003171477504,A,public observation
2022-11-22,05454500,"Iowa River at Iowa City, IA",208.0,5.8899040911360006,A,public observation
2022-11-23,05454500,"Iowa River at Iowa City, IA",205.0,5.804953551360001,A,public observation
2022-11-24,05454500,"Iowa River at Iowa City, IA",205.0,5.804953551360001,A,public observation
2022-11-25,05454500,"Iowa River at Iowa City, IA",205.0,5.804953551360001,A,public observation
2022-11-26,05454500,"Iowa River at Iowa City, IA",204.0,5.776636704768,A,public observation
2022-11-27,05454500,"Iowa River at Iowa City, IA",207.0,5.861587244544,A,public observation
2022-11-28,05454500,"Iowa River at Iowa City, IA",208.0,5.8899040911360006,A,public observation
2022-11-29,05454500,"Iowa River at Iowa City, IA",211.0,5.9748546309120005,A,public observation
2022-11-30,05454500,"Iowa River at Iowa City, IA",268.0,7.588914886656,A,public observation
2022-12-01,05454500,"Iowa River at Iowa City, IA",530.0,15.00792869376,A,public observation
2022-12-02,05454500,"Iowa River at Iowa City, IA",730.0,20.67129801216,A,public observation
2022-12-03,05454500,"Iowa River at Iowa City, IA",721.0,20.416446392832,A,public observation
2022-12-04,05454500,"Iowa River at Iowa City, IA",722.0,20.444763239424,A,public observation
2022-12-05,05454500,"Iowa River at Iowa City, IA",724.0,20.501396932608,A,public observation
2022-12-06,05454500,"Iowa River at Iowa City, IA",833.0,23.587933211136,A,public observation
2022-12-07,05454500,"Iowa River at Iowa City, IA",981.0,27.778826506752,A,public observation
2022-12-08,05454500,"Iowa River at Iowa City, IA",978.0,27.693875966976,A,public observation
2022-12-09,05454500,"Iowa River at Iowa City, IA",1040.0,29.449520455680002,A,public observation
2022-12-10,05454500,"Iowa River at Iowa City, IA",996.0,28.203579205632,A,public observation
2022-12-11,05454500,"Iowa River at Iowa City, IA",986.0,27.920410739712,A,public observation
2022-12-12,05454500,"Iowa River at Iowa City, IA",977.0,27.665559120384,A,public observation
2022-12-13,05454500,"Iowa River at Iowa City, IA",1010.0,28.60001505792,A,public observation
2022-12-14,05454500,"Iowa River at Iowa City, IA",1070.0,30.29902585344,A,public observation
2022-12-15,05454500,"Iowa River at Iowa City, IA",1020.0,28.88318352384,A,public observation
2022-12-16,05454500,"Iowa River at Iowa City, IA",940.0,26.61783579648,A,public observation
2022-12-17,05454500,"Iowa River at Iowa City, IA",798.0,22.596843580416,A,public observation
2022-12-18,05454500,"Iowa River at Iowa City, IA",588.0,16.650305796096,A,public observation
2022-12-19,05454500,"Iowa River at Iowa City, IA",351.0,9.939213153792,A,public observation
2022-12-20,05454500,"Iowa River at Iowa City, IA",280.0,7.92871704576,A,public observation
2022-12-21,05454500,"Iowa River at Iowa City, IA",276.0,7.815449659392001,A,public observation
2022-12-22,05454500,"Iowa River at Iowa City, IA",279.0,7.900400199168001,A,public observation
2022-12-23,05454500,"Iowa River at Iowa City, IA",267.0,7.560598040064,A,public observation
2022-12-24,05454500,"Iowa River at Iowa City, IA",270.0,7.64554857984,A,public observation
2022-12-25,05454500,"Iowa River at Iowa City, IA",268.0,7.588914886656,A,public observation
2022-12-26,05454500,"Iowa River at Iowa City, IA",271.0,7.673865426432,A,public observation
2022-12-27,05454500,"Iowa River at Iowa City, IA",269.0,7.617231733248,A,public observation
2022-12-28,05454500,"Iowa River at Iowa City, IA",266.0,7.532281193472,A,public observation
2022-12-29,05454500,"Iowa River at Iowa City, IA",254.0,7.1924790343680005,A,public observation
2022-12-30,05454500,"Iowa River at Iowa City, IA",238.0,6.739409488896,A,public observation
2022-12-31,05454500,"Iowa River at Iowa City, IA",218.0,6.173072557056,A,public observation
2023-01-01,05454500,"Iowa River at Iowa City, IA",216.0,6.116438863872,A,public observation
2023-01-02,05454500,"Iowa River at Iowa City, IA",218.0,6.173072557056,A,public observation
2023-01-03,05454500,"Iowa River at Iowa City, IA",309.0,8.749905596928,A,public observation
2023-01-04,05454500,"Iowa River at Iowa City, IA",289.0,8.183568665088,A,public observation
2023-01-05,05454500,"Iowa River at Iowa City, IA",257.0,7.2774295741440005,A,public observation
2023-01-06,05454500,"Iowa River at Iowa City, IA",225.0,6.3712904832,A,public observation
2023-01-07,05454500,"Iowa River at Iowa City, IA",219.0,6.201389403648,A,public observation
2023-01-08,05454500,"Iowa River at Iowa City, IA",230.0,6.51287471616,A,public observation
2023-01-09,05454500,"Iowa River at Iowa City, IA",231.0,6.541191562752,A,public observation
2023-01-10,05454500,"Iowa River at Iowa City, IA",286.0,8.098618125312,A,public observation
2023-01-11,05454500,"Iowa River at Iowa City, IA",512.0,14.498225455104,A,public observation
2023-01-12,05454500,"Iowa River at Iowa City, IA",510.0,14.44159176192,A,public observation
2023-01-13,05454500,"Iowa River at Iowa City, IA",501.0,14.186740142592,A,public observation
2023-01-14,05454500,"Iowa River at Iowa City, IA",504.0,14.271690682368,A,public observation
2023-01-15,05454500,"Iowa River at Iowa City, IA",508.0,14.384958068736001,A,public observation
2023-01-16,05454500,"Iowa River at Iowa City, IA",550.0,15.5742656256,A,public observation
2023-01-17,05454500,"Iowa River at Iowa City, IA",699.0,19.793475767808,A,public observation
2023-01-18,05454500,"Iowa River at Iowa City, IA",877.0,24.833874461184,A,public observation
2023-01-19,05454500,"Iowa River at Iowa City, IA",937.0,26.532885256704002,A,public observation
2023-01-20,05454500,"Iowa River at Iowa City, IA",904.0,25.598429319168,A,public observation
2023-01-21,05454500,"Iowa River at Iowa City, IA",871.0,24.663973381632,A,public observation
2023-01-22,05454500,"Iowa River at Iowa City, IA",866.0,24.522389148672,A,public observation
2023-01-23,05454500,"Iowa River at Iowa City, IA",851.0,24.097636449792002,A,public observation
2023-01-24,05454500,"Iowa River at Iowa City, IA",849.0,24.041002756608002,A,public observation
2023-01-25,05454500,"Iowa River at Iowa City, IA",852.0,24.125953296384,A,public observation
2023-01-26,05454500,"Iowa River at Iowa City, IA",838.0,23.729517444096,A,public observation
2023-01-27,05454500,"Iowa River at Iowa City, IA",680.0,19.25545568256,A,public observation
2023-01-28,05454500,"Iowa River at Iowa City, IA",495.0,14.01683906304,A,public observation
2023-01-29,05454500,"Iowa River at Iowa City, IA",486.0,13.761987443712,A,public observation
2023-01-30,05454500,"Iowa River at Iowa City, IA",478.0,13.535452670976001,A,public observation
2023-01-31,05454500,"Iowa River at Iowa City, IA",475.0,13.4505021312,A,public observation
2023-02-01,05454500,"Iowa River at Iowa City, IA",475.0,13.4505021312,A,public observation
2023-02-02,05454500,"Iowa River at Iowa City, IA",475.0,13.4505021312,A,public observation
2023-02-03,05454500,"Iowa River at Iowa City, IA",473.0,13.393868438016,A,public observation
2023-02-04,05454500,"Iowa River at Iowa City, IA",470.0,13.30891789824,A,public observation
2023-02-05,05454500,"Iowa River at Iowa City, IA",476.0,13.478818977792,A,public observation
2023-02-06,05454500,"Iowa River at Iowa City, IA",479.0,13.563769517568,A,public observation
2023-02-07,05454500,"Iowa River at Iowa City, IA",493.0,13.960205369856,A,public observation
2023-02-08,05454500,"Iowa River at Iowa City, IA",504.0,14.271690682368,A,public observation
2023-02-09,05454500,"Iowa River at Iowa City, IA",639.0,18.094464972288,A,public observation
2023-02-10,05454500,"Iowa River at Iowa City, IA",993.0,28.118628665856,A,public observation
2023-02-11,05454500,"Iowa River at Iowa City, IA",1270.0,35.96239517184,A,public observation
2023-02-12,05454500,"Iowa River at Iowa City, IA",1430.0,40.493090626560004,A,public observation
2023-02-13,05454500,"Iowa River at Iowa City, IA",1800.0,50.9703238656,A,public observation
2023-02-14,05454500,"Iowa River at Iowa City, IA",1580.0,44.74061761536,A,public observation
2023-02-15,05454500,"Iowa River at Iowa City, IA",1330.0,37.661405967360004,A,public observation
2023-02-16,05454500,"Iowa River at Iowa City, IA",1260.0,35.67922670592,A,public observation
2023-02-17,05454500,"Iowa River at Iowa City, IA",1000.0,28.316846592,A,public observation
2023-02-18,05454500,"Iowa River at Iowa City, IA",988.0,27.977044432896,A,public observation
2023-02-19,05454500,"Iowa River at Iowa City, IA",1700.0,48.1386392064,A,public observation
2023-02-20,05454500,"Iowa River at Iowa City, IA",2330.0,65.97825255936,A,public observation
2023-02-21,05454500,"Iowa River at Iowa City, IA",2650.0,75.03964346880001,A,public observation
2023-02-22,05454500,"Iowa River at Iowa City, IA",2970.0,84.10103437824,A,public observation
2023-02-23,05454500,"Iowa River at Iowa City, IA",2790.0,79.00400199168,A,public observation
2023-02-24,05454500,"Iowa River at Iowa City, IA",1820.0,51.53666079744,A,public observation
2023-02-25,05454500,"Iowa River at Iowa City, IA",1150.0,32.5643735808,A,public observation
2023-02-26,05454500,"Iowa River at Iowa City, IA",1530.0,43.32477528576,A,public observation
2023-02-27,05454500,"Iowa River at Iowa City, IA",3750.0,106.18817472,A,public observation
2023-02-28,05454500,"Iowa River at Iowa City, IA",4000.0,113.267386368,A,public observation
2023-03-01,05454500,"Iowa River at Iowa City, IA",4730.0,133.93868438016,A,public observation
2023-03-02,05454500,"Iowa River at Iowa City, IA",6050.0,171.3169218816,A,public observation
2023-03-03,05454500,"Iowa River at Iowa City, IA",6430.0,182.07732358656,A,public observation
2023-03-04,05454500,"Iowa River at Iowa City, IA",6480.0,183.49316591616,A,public observation
2023-03-05,05454500,"Iowa River at Iowa City, IA",6470.0,183.20999745024,A,public observation
2023-03-06,05454500,"Iowa River at Iowa City, IA",5940.0,168.20206875648,A,public observation
2023-03-07,05454500,"Iowa River at Iowa City, IA",4890.0,138.46937983488002,A,public observation
2023-03-08,05454500,"Iowa River at Iowa City, IA",4400.0,124.5941250048,A,public observation
2023-03-09,05454500,"Iowa River at Iowa City, IA",4300.0,121.7624403456,A,public observation
2023-03-10,05454500,"Iowa River at Iowa City, IA",4120.0,116.66540795904001,A,public observation
2023-03-11,05454500,"Iowa River at Iowa City, IA",3860.0,109.30302784512,A,public observation
2023-03-12,05454500,"Iowa River at Iowa City, IA",3570.0,101.09114233344,A,public observation
2023-03-13,05454500,"Iowa River at Iowa City, IA",3210.0,90.89707756032,A,public observation
2023-03-14,05454500,"Iowa River at Iowa City, IA",2670.0,75.60598040064001,A,public observation
2023-03-15,05454500,"Iowa River at Iowa City, IA",2340.0,66.26142102528,A,public observation
2023-03-16,05454500,"Iowa River at Iowa City, IA",2190.0,62.01389403648,A,public observation
2023-03-17,05454500,"Iowa River at Iowa City, IA",2200.0,62.2970625024,A,public observation
2023-03-18,05454500,"Iowa River at Iowa City, IA",2150.0,60.8812201728,A,public observation
2023-03-19,05454500,"Iowa River at Iowa City, IA",2110.0,59.74854630912,A,public observation
2023-03-20,05454500,"Iowa River at Iowa City, IA",2230.0,63.14656790016,A,public observation
2023-03-21,05454500,"Iowa River at Iowa City, IA",2430.0,68.80993721856001,A,public observation
2023-03-22,05454500,"Iowa River at Iowa City, IA",2430.0,68.80993721856001,A,public observation
2023-03-23,05454500,"Iowa River at Iowa City, IA",2550.0,72.2079588096,A,public observation
2023-03-24,05454500,"Iowa River at Iowa City, IA",2550.0,72.2079588096,A,public observation
2023-03-25,05454500,"Iowa River at Iowa City, IA",2310.0,65.41191562752,A,public observation
2023-03-26,05454500,"Iowa River at Iowa City, IA",2220.0,62.86339943424,A,public observation
2023-03-27,05454500,"Iowa River at Iowa City, IA",2180.0,61.730725570560004,A,public observation
2023-03-28,05454500,"Iowa River at Iowa City, IA",2120.0,60.03171477504,A,public observation
2023-03-29,05454500,"Iowa River at Iowa City, IA",2010.0,56.91686164992,A,public observation
2023-03-30,05454500,"Iowa River at Iowa City, IA",1880.0,53.23567159296,A,public observation
2023-03-31,05454500,"Iowa River at Iowa City, IA",1810.0,51.25349233152,A,public observation
2023-04-01,05454500,"Iowa River at Iowa City, IA",1840.0,52.10299772928,A,public observation
2023-04-02,05454500,"Iowa River at Iowa City, IA",1790.0,50.68715539968,A,public observation
2023-04-03,05454500,"Iowa River at Iowa City, IA",1840.0,52.10299772928,A,public observation
2023-04-04,05454500,"Iowa River at Iowa City, IA",1990.0,56.35052471808,A,public observation
2023-04-05,05454500,"Iowa River at Iowa City, IA",2130.0,60.31488324096,A,public observation
2023-04-06,05454500,"Iowa River at Iowa City, IA",2330.0,65.97825255936,A,public observation
2023-04-07,05454500,"Iowa River at Iowa City, IA",2330.0,65.97825255936,A,public observation
2023-04-08,05454500,"Iowa River at Iowa City, IA",2170.0,61.447557104640005,A,public observation
2023-04-09,05454500,"Iowa River at Iowa City, IA",1960.0,55.501019320320005,A,public observation
2023-04-10,05454500,"Iowa River at Iowa City, IA",1950.0,55.2178508544,A,public observation
2023-04-11,05454500,"Iowa River at Iowa City, IA",1960.0,55.501019320320005,A,public observation
2023-04-12,05454500,"Iowa River at Iowa City, IA",1870.0,52.95250312704,A,public observation
2023-04-13,05454500,"Iowa River at Iowa City, IA",1730.0,48.98814460416,A,public observation
2023-04-14,05454500,"Iowa River at Iowa City, IA",1710.0,48.42180767232,A,public observation
2023-04-15,05454500,"Iowa River at Iowa City, IA",1730.0,48.98814460416,A,public observation
2023-04-16,05454500,"Iowa River at Iowa City, IA",1830.0,51.81982926336,A,public observation
2023-04-17,05454500,"Iowa River at Iowa City, IA",1640.0,46.439628410880005,A,public observation
2023-04-18,05454500,"Iowa River at Iowa City, IA",978.0,27.693875966976,A,public observation
2023-04-19,05454500,"Iowa River at Iowa City, IA",1120.0,31.71486818304,A,public observation
2023-04-20,05454500,"Iowa River at Iowa City, IA",2060.0,58.332703979520005,A,public observation
2023-04-21,05454500,"Iowa River at Iowa City, IA",2230.0,63.14656790016,A,public observation
2023-04-22,05454500,"Iowa River at Iowa City, IA",2140.0,60.59805170688,A,public observation
2023-04-23,05454500,"Iowa River at Iowa City, IA",1900.0,53.8020085248,A,public observation
2023-04-24,05454500,"Iowa River at Iowa City, IA",1880.0,53.23567159296,A,public observation
2023-04-25,05454500,"Iowa River at Iowa City, IA",1950.0,55.2178508544,A,public observation
2023-04-26,05454500,"Iowa River at Iowa City, IA",2280.0,64.56241022976,A,public observation
2023-04-27,05454500,"Iowa River at Iowa City, IA",2580.0,73.05746420736,A,public observation
2023-04-28,05454500,"Iowa River at Iowa City, IA",2370.0,67.11092642304,A,public observation
2023-04-29,05454500,"Iowa River at Iowa City, IA",1770.0,50.12081846784,A,public observation
2023-04-30,05454500,"Iowa River at Iowa City, IA",1410.0,39.92675369472,A,public observation
2023-05-01,05454500,"Iowa River at Iowa City, IA",1230.0,34.82972130816,A,public observation
2023-05-02,05454500,"Iowa River at Iowa City, IA",1040.0,29.449520455680002,A,public observation
2023-05-03,05454500,"Iowa River at Iowa City, IA",1040.0,29.449520455680002,A,public observation
2023-05-04,05454500,"Iowa River at Iowa City, IA",1040.0,29.449520455680002,A,public observation
2023-05-05,05454500,"Iowa River at Iowa City, IA",1040.0,29.449520455680002,A,public observation
2023-05-06,05454500,"Iowa River at Iowa City, IA",1100.0,31.1485312512,A,public observation
2023-05-07,05454500,"Iowa River at Iowa City, IA",1140.0,32.28120511488,A,public observation
2023-05-08,05454500,"Iowa River at Iowa City, IA",1970.0,55.784187786240004,A,public observation
2023-05-09,05454500,"Iowa River at Iowa City, IA",2380.0,67.39409488896,A,public observation
2023-05-10,05454500,"Iowa River at Iowa City, IA",4090.0,115.81590256128,A,public observation
2023-05-11,05454500,"Iowa River at Iowa City, IA",4230.0,119.78026108416,A,public observation
2023-05-12,05454500,"Iowa River at Iowa City, IA",4170.0,118.08125028864,A,public observation
2023-05-13,05454500,"Iowa River at Iowa City, IA",3640.0,103.07332159488,A,public observation
2023-05-14,05454500,"Iowa River at Iowa City, IA",3030.0,85.80004517376,A,public observation
2023-05-15,05454500,"Iowa River at Iowa City, IA",2990.0,84.66737131008,A,public observation
2023-05-16,05454500,"Iowa River at Iowa City, IA",2960.0,83.81786591232,A,public observation
2023-05-17,05454500,"Iowa River at Iowa City, IA",2930.0,82.96836051456,A,public observation
2023-05-18,05454500,"Iowa River at Iowa City, IA",2900.0,82.1188551168,A,public observation
2023-05-19,05454500,"Iowa River at Iowa City, IA",2890.0,81.83568665088,A,public observation
2023-05-20,05454500,"Iowa River at Iowa City, IA",2860.0,80.98618125312001,A,public observation
2023-05-21,05454500,"Iowa River at Iowa City, IA",2840.0,80.41984432128,A,public observation
2023-05-22,05454500,"Iowa River at Iowa City, IA",2830.0,80.13667585536,A,public observation
2023-05-23,05454500,"Iowa River at Iowa City, IA",2830.0,80.13667585536,A,public observation
2023-05-24,05454500,"Iowa River at Iowa City, IA",2710.0,76.73865426432,A,public observation
2023-05-25,05454500,"Iowa River at Iowa City, IA",2400.0,67.9604318208,A,public observation
2023-05-26,05454500,"Iowa River at Iowa City, IA",2060.0,58.332703979520005,A,public observation
2023-05-27,05454500,"Iowa River at Iowa City, IA",1800.0,50.9703238656,A,public observation
2023-05-28,05454500,"Iowa River at Iowa City, IA",1660.0,47.00596534272,A,public observation
2023-05-29,05454500,"Iowa River at Iowa City, IA",1640.0,46.439628410880005,A,public observation
2023-05-30,05454500,"Iowa River at Iowa City, IA",1620.0,45.87329147904,A,public observation
2023-05-31,05454500,"Iowa River at Iowa City, IA",1500.0,42.475269888,A,public observation
2023-06-01,05454500,"Iowa River at Iowa City, IA",1300.0,36.8119005696,A,public observation
2023-06-02,05454500,"Iowa River at Iowa City, IA",1290.0,36.52873210368,A,public observation
2023-06-03,05454500,"Iowa River at Iowa City, IA",1290.0,36.52873210368,A,public observation
2023-06-04,05454500,"Iowa River at Iowa City, IA",1260.0,35.67922670592,A,public observation
2023-06-05,05454500,"Iowa River at Iowa City, IA",1350.0,38.2277428992,A,public observation
2023-06-06,05454500,"Iowa River at Iowa City, IA",1540.0,43.607943751680004,A,public observation
2023-06-07,05454500,"Iowa River at Iowa City, IA",1390.0,39.36041676288,A,public observation
2023-06-08,05454500,"Iowa River at Iowa City, IA",1110.0,31.43169971712,A,public observation
2023-06-09,05454500,"Iowa River at Iowa City, IA",1120.0,31.71486818304,A,public observation
2023-06-10,05454500,"Iowa River at Iowa City, IA",1160.0,32.84754204672,A,public observation
2023-06-11,05454500,"Iowa River at Iowa City, IA",1170.0,33.13071051264,A,public observation
2023-06-12,05454500,"Iowa River at Iowa City, IA",1170.0,33.13071051264,A,public observation
2023-06-13,05454500,"Iowa River at Iowa City, IA",1150.0,32.5643735808,A,public observation
2023-06-14,05454500,"Iowa River at Iowa City, IA",1100.0,31.1485312512,A,public observation
2023-06-15,05454500,"Iowa River at Iowa City, IA",1090.0,30.865362785280002,A,public observation
2023-06-16,05454500,"Iowa River at Iowa City, IA",986.0,27.920410739712,A,public observation
2023-06-17,05454500,"Iowa River at Iowa City, IA",831.0,23.531299517952,A,public observation
2023-06-18,05454500,"Iowa River at Iowa City, IA",855.0,24.21090383616,A,public observation
2023-06-19,05454500,"Iowa River at Iowa City, IA",842.0,23.842784830464,A,public observation
2023-06-20,05454500,"Iowa River at Iowa City, IA",829.0,23.474665824768,A,public observation
2023-06-21,05454500,"Iowa River at Iowa City, IA",826.0,23.389715284992,A,public observation
2023-06-22,05454500,"Iowa River at Iowa City, IA",821.0,23.248131052032,A,public observation
2023-06-23,05454500,"Iowa River at Iowa City, IA",858.0,24.295854375936,A,public observation
2023-06-24,05454500,"Iowa River at Iowa City, IA",944.0,26.731103182848,A,public observation
2023-06-25,05454500,"Iowa River at Iowa City, IA",991.0,28.061994972672,A,public observation
2023-06-26,05454500,"Iowa River at Iowa City, IA",971.0,27.495658040832,A,public observation
2023-06-27,05454500,"Iowa River at Iowa City, IA",954.0,27.014271648768002,A,public observation
2023-06-28,05454500,"Iowa River at Iowa City, IA",949.0,26.872687415808002,A,public observation
2023-06-29,05454500,"Iowa River at Iowa City, IA",997.0,28.231896052224002,A,public observation
2023-06-30,05454500,"Iowa River at Iowa City, IA",1210.0,34.26338437632,A,public observation
2023-07-01,05454500,"Iowa River at Iowa City, IA",1400.0,39.6435852288,A,public observation
2023-07-02,05454500,"Iowa River at Iowa City, IA",1420.0,40.20992216064,A,public observation
2023-07-03,05454500,"Iowa River at Iowa City, IA",1400.0,39.6435852288,A,public observation
2023-07-04,05454500,"Iowa River at Iowa City, IA",1280.0,36.24556363776,A,public observation
2023-07-05,05454500,"Iowa River at Iowa City, IA",1110.0,31.43169971712,A,public observation
2023-07-06,05454500,"Iowa River at Iowa City, IA",1100.0,31.1485312512,A,public observation
2023-07-07,05454500,"Iowa River at Iowa City, IA",1030.0,29.166351989760003,A,public observation
2023-07-08,05454500,"Iowa River at Iowa City, IA",862.0,24.409121762304,A,public observation
2023-07-09,05454500,"Iowa River at Iowa City, IA",782.0,22.143774034944002,A,public observation
2023-07-10,05454500,"Iowa River at Iowa City, IA",775.0,21.9455561088,A,public observation
2023-07-11,05454500,"Iowa River at Iowa City, IA",776.0,21.973872955392,A,public observation
2023-07-12,05454500,"Iowa River at Iowa City, IA",942.0,26.674469489664002,A,public observation
2023-07-13,05454500,"Iowa River at Iowa City, IA",872.0,24.692290228224,A,public observation
2023-07-14,05454500,"Iowa River at Iowa City, IA",833.0,23.587933211136,A,public observation
2023-07-15,05454500,"Iowa River at Iowa City, IA",800.0,22.6534772736,A,public observation
2023-07-16,05454500,"Iowa River at Iowa City, IA",792.0,22.426942500864,A,public observation
2023-07-17,05454500,"Iowa River at Iowa City, IA",789.0,22.341991961088002,A,public observation
2023-07-18,05454500,"Iowa River at Iowa City, IA",783.0,22.172090881536,A,public observation
2023-07-19,05454500,"Iowa River at Iowa City, IA",783.0,22.172090881536,A,public observation
2023-07-20,05454500,"Iowa River at Iowa City, IA",736.0,20.841199091712,A,public observation
2023-07-21,05454500,"Iowa River at Iowa City, IA",648.0,18.349316591616,A,public observation
2023-07-22,05454500,"Iowa River at Iowa City, IA",573.0,16.225553097216,A,public observation
2023-07-23,05454500,"Iowa River at Iowa City, IA",456.0,12.912482045952,A,public observation
2023-07-24,05454500,"Iowa River at Iowa City, IA",399.0,11.298421790208,A,public observation
2023-07-25,05454500,"Iowa River at Iowa City, IA",394.0,11.156837557248,A,public observation
2023-07-26,05454500,"Iowa River at Iowa City, IA",389.0,11.015253324288,A,public observation
2023-07-27,05454500,"Iowa River at Iowa City, IA",366.0,10.363965852672,A,public observation
2023-07-28,05454500,"Iowa River at Iowa City, IA",360.0,10.194064773120001,A,public observation
2023-07-29,05454500,"Iowa River at Iowa City, IA",367.0,10.392282699264001,A,public observation
2023-07-30,05454500,"Iowa River at Iowa City, IA",355.0,10.05248054016,A,public observation
2023-07-31,05454500,"Iowa River at Iowa City, IA",299.0,8.466737131008001,A,public observation
2023-08-01,05454500,"Iowa River at Iowa City, IA",268.0,7.588914886656,A,public observation
2023-08-02,05454500,"Iowa River at Iowa City, IA",259.0,7.334063267328,A,public observation
2023-08-03,05454500,"Iowa River at Iowa City, IA",260.0,7.3623801139200005,A,public observation
2023-08-04,05454500,"Iowa River at Iowa City, IA",256.0,7.249112727552,A,public observation
2023-08-05,05454500,"Iowa River at Iowa City, IA",250.0,7.079211648,A,public observation
2023-08-06,05454500,"Iowa River at Iowa City, IA",254.0,7.1924790343680005,A,public observation
2023-08-07,05454500,"Iowa River at Iowa City, IA",341.0,9.656044687872,A,public observation
2023-08-08,05454500,"Iowa River at Iowa City, IA",283.0,8.013667585536,A,public observation
2023-08-09,05454500,"Iowa River at Iowa City, IA",271.0,7.673865426432,A,public observation
2023-08-10,05454500,"Iowa River at Iowa City, IA",267.0,7.560598040064,A,public observation
2023-08-11,05454500,"Iowa River at Iowa City, IA",365.0,10.33564900608,A,public observation
2023-08-12,05454500,"Iowa River at Iowa City, IA",276.0,7.815449659392001,A,public observation
2023-08-13,05454500,"Iowa River at Iowa City, IA",245.0,6.937627415040001,A,public observation
2023-08-14,05454500,"Iowa River at Iowa City, IA",242.0,6.852676875264001,A,public observation
2023-08-15,05454500,"Iowa River at Iowa City, IA",235.0,6.65445894912,A,public observation
2023-08-16,05454500,"Iowa River at Iowa City, IA",230.0,6.51287471616,A,public observation
2023-08-17,05454500,"Iowa River at Iowa City, IA",225.0,6.3712904832,A,public observation
2023-08-18,05454500,"Iowa River at Iowa City, IA",217.0,6.1447557104640005,A,public observation
2023-08-19,05454500,"Iowa River at Iowa City, IA",213.0,6.031488324096,A,public observation
2023-08-20,05454500,"Iowa River at Iowa City, IA",207.0,5.861587244544,A,public observation
2023-08-21,05454500,"Iowa River at Iowa City, IA",206.0,5.833270397952,A,public observation
2023-08-22,05454500,"Iowa River at Iowa City, IA",204.0,5.776636704768,A,public observation
2023-08-23,05454500,"Iowa River at Iowa City, IA",204.0,5.776636704768,A,public observation
2023-08-24,05454500,"Iowa River at Iowa City, IA",205.0,5.804953551360001,A,public observation
2023-08-25,05454500,"Iowa River at Iowa City, IA",207.0,5.861587244544,A,public observation
2023-08-26,05454500,"Iowa River at Iowa City, IA",206.0,5.833270397952,A,public observation
2023-08-27,05454500,"Iowa River at Iowa City, IA",208.0,5.8899040911360006,A,public observation
2023-08-28,05454500,"Iowa River at Iowa City, IA",208.0,5.8899040911360006,A,public observation
2023-08-29,05454500,"Iowa River at Iowa City, IA",204.0,5.776636704768,A,public observation
2023-08-30,05454500,"Iowa River at Iowa City, IA",203.0,5.748319858176,A,public observation
2023-08-31,05454500,"Iowa River at Iowa City, IA",191.0,5.408517699072,A,public observation
2023-09-01,05454500,"Iowa River at Iowa City, IA",185.0,5.23861661952,A,public observation
2023-09-02,05454500,"Iowa River at Iowa City, IA",181.0,5.125349233152,A,public observation
2023-09-03,05454500,"Iowa River at Iowa City, IA",178.0,5.040398693376,A,public observation
2023-09-04,05454500,"Iowa River at Iowa City, IA",176.0,4.983765000192,A,public observation
2023-09-05,05454500,"Iowa River at Iowa City, IA",174.0,4.9271313070080005,A,public observation
2023-09-06,05454500,"Iowa River at Iowa City, IA",174.0,4.9271313070080005,A,public observation
2023-09-07,05454500,"Iowa River at Iowa City, IA",174.0,4.9271313070080005,A,public observation
2023-09-08,05454500,"Iowa River at Iowa City, IA",174.0,4.9271313070080005,A,public observation
2023-09-09,05454500,"Iowa River at Iowa City, IA",171.0,4.8421807672320005,A,public observation
2023-09-10,05454500,"Iowa River at Iowa City, IA",170.0,4.81386392064,A,public observation
2023-09-11,05454500,"Iowa River at Iowa City, IA",202.0,5.720003011584001,A,public observation
2023-09-12,05454500,"Iowa River at Iowa City, IA",202.0,5.720003011584001,A,public observation
2023-09-13,05454500,"Iowa River at Iowa City, IA",193.0,5.465151392256,A,public observation
2023-09-14,05454500,"Iowa River at Iowa City, IA",189.0,5.351884005888,A,public observation
2023-09-15,05454500,"Iowa River at Iowa City, IA",178.0,5.040398693376,A,public observation
2023-09-16,05454500,"Iowa River at Iowa City, IA",173.0,4.898814460416,A,public observation
2023-09-17,05454500,"Iowa River at Iowa City, IA",170.0,4.81386392064,A,public observation
2023-09-18,05454500,"Iowa River at Iowa City, IA",170.0,4.81386392064,A,public observation
2023-09-19,05454500,"Iowa River at Iowa City, IA",173.0,4.898814460416,A,public observation
2023-09-20,05454500,"Iowa River at Iowa City, IA",178.0,5.040398693376,A,public observation
2023-09-21,05454500,"Iowa River at Iowa City, IA",177.0,5.0120818467840005,A,public observation
2023-09-22,05454500,"Iowa River at Iowa City, IA",178.0,5.040398693376,A,public observation
2023-09-23,05454500,"Iowa River at Iowa City, IA",189.0,5.351884005888,A,public observation
2023-09-24,05454500,"Iowa River at Iowa City, IA",182.0,5.153666079744,A,public observation
2023-09-25,05454500,"Iowa River at Iowa City, IA",175.0,4.9554481536,A,public observation
2023-09-26,05454500,"Iowa River at Iowa City, IA",172.0,4.870497613824,A,public observation
2023-09-27,05454500,"Iowa River at Iowa City, IA",180.0,5.0970323865600005,A,public observation
2023-09-28,05454500,"Iowa River at Iowa City, IA",175.0,4.9554481536,A,public observation
2023-09-29,05454500,"Iowa River at Iowa City, IA",170.0,4.81386392064,A,public observation
2023-09-30,05454500,"Iowa River at Iowa City, IA",170.0,4.81386392064,A,public observation
2023-10-01,05454500,"Iowa River at Iowa City, IA",170.0,4.81386392064,A,public observation
2023-10-02,05454500,"Iowa River at Iowa City, IA",170.0,4.81386392064,A,public observation
2023-10-03,05454500,"Iowa River at Iowa City, IA",170.0,4.81386392064,A,public observation
2023-10-04,05454500,"Iowa River at Iowa City, IA",170.0,4.81386392064,A,public observation
2023-10-05,05454500,"Iowa River at Iowa City, IA",170.0,4.81386392064,A,public observation
2023-10-06,05454500,"Iowa River at Iowa City, IA",170.0,4.81386392064,A,public observation
2023-10-07,05454500,"Iowa River at Iowa City, IA",170.0,4.81386392064,A,public observation
2023-10-08,05454500,"Iowa River at Iowa City, IA",170.0,4.81386392064,A,public observation
2023-10-09,05454500,"Iowa River at Iowa City, IA",170.0,4.81386392064,A,public observation
2023-10-10,05454500,"Iowa River at Iowa City, IA",170.0,4.81386392064,A,public observation
2023-10-11,05454500,"Iowa River at Iowa City, IA",172.0,4.870497613824,A,public observation
2023-10-12,05454500,"Iowa River at Iowa City, IA",196.0,5.550101932032,A,public observation
2023-10-13,05454500,"Iowa River at Iowa City, IA",210.0,5.94653778432,A,public observation
2023-10-14,05454500,"Iowa River at Iowa City, IA",282.0,7.985350738944001,A,public observation
2023-10-15,05454500,"Iowa River at Iowa City, IA",220.0,6.2297062502400005,A,public observation
2023-10-16,05454500,"Iowa River at Iowa City, IA",187.0,5.295250312704,A,public observation
2023-10-17,05454500,"Iowa River at Iowa City, IA",173.0,4.898814460416,A,public observation
2023-10-18,05454500,"Iowa River at Iowa City, IA",169.0,4.785547074048,A,public observation
2023-10-19,05454500,"Iowa River at Iowa City, IA",166.0,4.700596534272,A,public observation
2023-10-20,05454500,"Iowa River at Iowa City, IA",166.0,4.700596534272,A,public observation
2023-10-21,05454500,"Iowa River at Iowa City, IA",166.0,4.700596534272,A,public observation
2023-10-22,05454500,"Iowa River at Iowa City, IA",162.0,4.587329147904,A,public observation
2023-10-23,05454500,"Iowa River at Iowa City, IA",162.0,4.587329147904,A,public observation
2023-10-24,05454500,"Iowa River at Iowa City, IA",170.0,4.81386392064,A,public observation
2023-10-25,05454500,"Iowa River at Iowa City, IA",168.0,4.7572302274560005,A,public observation
2023-10-26,05454500,"Iowa River at Iowa City, IA",184.0,5.210299772928,A,public observation
2023-10-27,05454500,"Iowa River at Iowa City, IA",204.0,5.776636704768,A,public observation
2023-10-28,05454500,"Iowa River at Iowa City, IA",187.0,5.295250312704,A,public observation
2023-10-29,05454500,"Iowa River at Iowa City, IA",173.0,4.898814460416,A,public observation
2023-10-30,05454500,"Iowa River at Iowa City, IA",166.0,4.700596534272,A,public observation
2023-10-31,05454500,"Iowa River at Iowa City, IA",164.0,4.643962841088,A,public observation
2023-11-01,05454500,"Iowa River at Iowa City, IA",162.0,4.587329147904,A,public observation
2023-11-02,05454500,"Iowa River at Iowa City, IA",162.0,4.587329147904,A,public observation
2023-11-03,05454500,"Iowa River at Iowa City, IA",162.0,4.587329147904,A,public observation
2023-11-04,05454500,"Iowa River at Iowa City, IA",162.0,4.587329147904,A,public observation
2023-11-05,05454500,"Iowa River at Iowa City, IA",159.0,4.502378608128,A,public observation
2023-11-06,05454500,"Iowa River at Iowa City, IA",159.0,4.502378608128,A,public observation
2023-11-07,05454500,"Iowa River at Iowa City, IA",162.0,4.587329147904,A,public observation
2023-11-08,05454500,"Iowa River at Iowa City, IA",162.0,4.587329147904,A,public observation
2023-11-09,05454500,"Iowa River at Iowa City, IA",163.0,4.615645994496,A,public observation
2023-11-10,05454500,"Iowa River at Iowa City, IA",162.0,4.587329147904,A,public observation
2023-11-11,05454500,"Iowa River at Iowa City, IA",162.0,4.587329147904,A,public observation
2023-11-12,05454500,"Iowa River at Iowa City, IA",162.0,4.587329147904,A,public observation
2023-11-13,05454500,"Iowa River at Iowa City, IA",162.0,4.587329147904,A,public observation
2023-11-14,05454500,"Iowa River at Iowa City, IA",162.0,4.587329147904,A,public observation
2023-11-15,05454500,"Iowa River at Iowa City, IA",162.0,4.587329147904,A,public observation
2023-11-16,05454500,"Iowa River at Iowa City, IA",162.0,4.587329147904,A,public observation
2023-11-17,05454500,"Iowa River at Iowa City, IA",162.0,4.587329147904,A,public observation
2023-11-18,05454500,"Iowa River at Iowa City, IA",162.0,4.587329147904,A,public observation
2023-11-19,05454500,"Iowa River at Iowa City, IA",162.0,4.587329147904,A,public observation
2023-11-20,05454500,"Iowa River at Iowa City, IA",162.0,4.587329147904,A,public observation
2023-11-21,05454500,"Iowa River at Iowa City, IA",166.0,4.700596534272,A,public observation
2023-11-22,05454500,"Iowa River at Iowa City, IA",163.0,4.615645994496,A,public observation
2023-11-23,05454500,"Iowa River at Iowa City, IA",162.0,4.587329147904,A,public observation
2023-11-24,05454500,"Iowa River at Iowa City, IA",159.0,4.502378608128,A,public observation
2023-11-25,05454500,"Iowa River at Iowa City, IA",158.0,4.474061761536,A,public observation
2023-11-26,05454500,"Iowa River at Iowa City, IA",159.0,4.502378608128,A,public observation
2023-11-27,05454500,"Iowa River at Iowa City, IA",162.0,4.587329147904,A,public observation
2023-11-28,05454500,"Iowa River at Iowa City, IA",158.0,4.474061761536,A,public observation
2023-11-29,05454500,"Iowa River at Iowa City, IA",149.0,4.219210142208,A,public observation
2023-11-30,05454500,"Iowa River at Iowa City, IA",95.7,2.7099222188544,A,public observation
2023-12-01,05454500,"Iowa River at Iowa City, IA",89.8,2.5428528239616,A,public observation
2023-12-02,05454500,"Iowa River at Iowa City, IA",89.3,2.5286944006656,A,public observation
2023-12-03,05454500,"Iowa River at Iowa City, IA",89.3,2.5286944006656,A,public observation
2023-12-04,05454500,"Iowa River at Iowa City, IA",89.3,2.5286944006656,A,public observation
2023-12-05,05454500,"Iowa River at Iowa City, IA",89.3,2.5286944006656,A,public observation
2023-12-06,05454500,"Iowa River at Iowa City, IA",89.3,2.5286944006656,A,public observation
2023-12-07,05454500,"Iowa River at Iowa City, IA",89.3,2.5286944006656,A,public observation
2023-12-08,05454500,"Iowa River at Iowa City, IA",89.3,2.5286944006656,A,public observation
2023-12-09,05454500,"Iowa River at Iowa City, IA",89.3,2.5286944006656,A,public observation
2023-12-10,05454500,"Iowa River at Iowa City, IA",90.0,2.5485161932800002,A,public observation
2023-12-11,05454500,"Iowa River at Iowa City, IA",101.0,2.8600015057920003,A,public observation
2023-12-12,05454500,"Iowa River at Iowa City, IA",115.0,3.25643735808,A,public observation
2023-12-13,05454500,"Iowa River at Iowa City, IA",126.0,3.567922670592,A,public observation
2023-12-14,05454500,"Iowa River at Iowa City, IA",133.0,3.766140596736,A,public observation
2023-12-15,05454500,"Iowa River at Iowa City, IA",139.0,3.936041676288,A,public observation
2023-12-16,05454500,"Iowa River at Iowa City, IA",154.0,4.360794375168,A,public observation
2023-12-17,05454500,"Iowa River at Iowa City, IA",171.0,4.8421807672320005,A,public observation
2023-12-18,05454500,"Iowa River at Iowa City, IA",169.0,4.785547074048,A,public observation
2023-12-19,05454500,"Iowa River at Iowa City, IA",170.0,4.81386392064,A,public observation
2023-12-20,05454500,"Iowa River at Iowa City, IA",205.0,5.804953551360001,A,public observation
2023-12-21,05454500,"Iowa River at Iowa City, IA",214.0,6.0598051706880005,A,public observation
2023-12-22,05454500,"Iowa River at Iowa City, IA",191.0,5.408517699072,A:e,public observation
2023-12-23,05454500,"Iowa River at Iowa City, IA",184.0,5.210299772928,A:e,public observation
2023-12-24,05454500,"Iowa River at Iowa City, IA",177.0,5.0120818467840005,A:e,public observation
2023-12-25,05454500,"Iowa River at Iowa City, IA",188.0,5.323567159296,A:e,public observation
2023-12-26,05454500,"Iowa River at Iowa City, IA",201.0,5.691686164992,A:e,public observation
2023-12-27,05454500,"Iowa River at Iowa City, IA",188.0,5.323567159296,A:e,public observation
2023-12-28,05454500,"Iowa River at Iowa City, IA",195.0,5.52178508544,A:e,public observation
2023-12-29,05454500,"Iowa River at Iowa City, IA",201.0,5.691686164992,A:e,public observation
2023-12-30,05454500,"Iowa River at Iowa City, IA",191.0,5.408517699072,A:e,public observation
2023-12-31,05454500,"Iowa River at Iowa City, IA",181.0,5.125349233152,A:e,public observation
2024-01-01,05454500,"Iowa River at Iowa City, IA",173.0,4.898814460416,A:e,public observation
2024-01-02,05454500,"Iowa River at Iowa City, IA",180.0,5.0970323865600005,A:e,public observation
2024-01-03,05454500,"Iowa River at Iowa City, IA",181.0,5.125349233152,A,public observation
2024-01-04,05454500,"Iowa River at Iowa City, IA",174.0,4.9271313070080005,A,public observation
2024-01-05,05454500,"Iowa River at Iowa City, IA",169.0,4.785547074048,A,public observation
2024-01-06,05454500,"Iowa River at Iowa City, IA",166.0,4.700596534272,A,public observation
2024-01-07,05454500,"Iowa River at Iowa City, IA",162.0,4.587329147904,A,public observation
2024-01-08,05454500,"Iowa River at Iowa City, IA",162.0,4.587329147904,A,public observation
2024-01-09,05454500,"Iowa River at Iowa City, IA",169.0,4.785547074048,A,public observation
2024-01-10,05454500,"Iowa River at Iowa City, IA",193.0,5.465151392256,A,public observation
2024-01-11,05454500,"Iowa River at Iowa City, IA",202.0,5.720003011584001,A,public observation
2024-01-12,05454500,"Iowa River at Iowa City, IA",191.0,5.408517699072,A,public observation
2024-01-13,05454500,"Iowa River at Iowa City, IA",183.0,5.181982926336,A,public observation
2024-01-14,05454500,"Iowa River at Iowa City, IA",174.0,4.9271313070080005,A,public observation
2024-01-15,05454500,"Iowa River at Iowa City, IA",165.0,4.672279687680001,A,public observation
2024-01-16,05454500,"Iowa River at Iowa City, IA",156.0,4.417428068352,A,public observation
2024-01-17,05454500,"Iowa River at Iowa City, IA",151.0,4.275843835392,A,public observation
2024-01-18,05454500,"Iowa River at Iowa City, IA",144.0,4.077625909248,A,public observation
2024-01-19,05454500,"Iowa River at Iowa City, IA",139.0,3.936041676288,A,public observation
2024-01-20,05454500,"Iowa River at Iowa City, IA",139.0,3.936041676288,A,public observation
2024-01-21,05454500,"Iowa River at Iowa City, IA",136.0,3.851091136512,A,public observation
2024-01-22,05454500,"Iowa River at Iowa City, IA",135.0,3.82277428992,A,public observation
2024-01-23,05454500,"Iowa River at Iowa City, IA",139.0,3.936041676288,A,public observation
2024-01-24,05454500,"Iowa River at Iowa City, IA",152.0,4.304160681984,A,public observation
2024-01-25,05454500,"Iowa River at Iowa City, IA",159.0,4.502378608128,A:e,public observation
2024-01-26,05454500,"Iowa River at Iowa City, IA",215.0,6.08812201728,A:e,public observation
2024-01-27,05454500,"Iowa River at Iowa City, IA",232.0,6.569508409344,A:e,public observation
2024-01-28,05454500,"Iowa River at Iowa City, IA",210.0,5.94653778432,A:e,public observation
2024-01-29,05454500,"Iowa River at Iowa City, IA",180.0,5.0970323865600005,A:e,public observation
2024-01-30,05454500,"Iowa River at Iowa City, IA",191.0,5.408517699072,A:e,public observation
2024-01-31,05454500,"Iowa River at Iowa City, IA",199.0,5.635052471808,A,public observation
2024-02-01,05454500,"Iowa River at Iowa City, IA",221.0,6.258023096832,A,public observation
2024-02-02,05454500,"Iowa River at Iowa City, IA",221.0,6.258023096832,A,public observation
2024-02-03,05454500,"Iowa River at Iowa City, IA",202.0,5.720003011584001,A,public observation
2024-02-04,05454500,"Iowa River at Iowa City, IA",189.0,5.351884005888,A,public observation
2024-02-05,05454500,"Iowa River at Iowa City, IA",181.0,5.125349233152,A,public observation
2024-02-06,05454500,"Iowa River at Iowa City, IA",177.0,5.0120818467840005,A,public observation
2024-02-07,05454500,"Iowa River at Iowa City, IA",280.0,7.92871704576,A,public observation
2024-02-08,05454500,"Iowa River at Iowa City, IA",861.0,24.380804915712,A,public observation
2024-02-09,05454500,"Iowa River at Iowa City, IA",982.0,27.807143353344,A,public observation
2024-02-10,05454500,"Iowa River at Iowa City, IA",953.0,26.985954802176,A,public observation
2024-02-11,05454500,"Iowa River at Iowa City, IA",916.0,25.938231478272,A,public observation
2024-02-12,05454500,"Iowa River at Iowa City, IA",904.0,25.598429319168,A,public observation
2024-02-13,05454500,"Iowa River at Iowa City, IA",899.0,25.456845086208002,A,public observation
2024-02-14,05454500,"Iowa River at Iowa City, IA",861.0,24.380804915712,A,public observation
2024-02-15,05454500,"Iowa River at Iowa City, IA",763.0,21.605753949696002,A,public observation
2024-02-16,05454500,"Iowa River at Iowa City, IA",673.0,19.057237756416,A,public observation
2024-02-17,05454500,"Iowa River at Iowa City, IA",633.0,17.924563892736,A,public observation
2024-02-18,05454500,"Iowa River at Iowa City, IA",562.0,15.914067784704,A,public observation
2024-02-19,05454500,"Iowa River at Iowa City, IA",495.0,14.01683906304,A,public observation
2024-02-20,05454500,"Iowa River at Iowa City, IA",496.0,14.045155909632001,A,public observation
2024-02-21,05454500,"Iowa River at Iowa City, IA",366.0,10.363965852672,A,public observation
2024-02-22,05454500,"Iowa River at Iowa City, IA",311.0,8.806539290112001,A,public observation
2024-02-23,05454500,"Iowa River at Iowa City, IA",301.0,8.523370824192,A,public observation
2024-02-24,05454500,"Iowa River at Iowa City, IA",291.0,8.240202358272,A,public observation
2024-02-25,05454500,"Iowa River at Iowa City, IA",289.0,8.183568665088,A,public observation
2024-02-26,05454500,"Iowa River at Iowa City, IA",285.0,8.07030127872,A,public observation
2024-02-27,05454500,"Iowa River at Iowa City, IA",286.0,8.098618125312,A,public observation
2024-02-28,05454500,"Iowa River at Iowa City, IA",274.0,7.758815966208,A,public observation
2024-02-29,05454500,"Iowa River at Iowa City, IA",267.0,7.560598040064,A,public observation
2024-03-01,05454500,"Iowa River at Iowa City, IA",270.0,7.64554857984,A,public observation
2024-03-02,05454500,"Iowa River at Iowa City, IA",270.0,7.64554857984,A,public observation
2024-03-03,05454500,"Iowa River at Iowa City, IA",268.0,7.588914886656,A,public observation
2024-03-04,05454500,"Iowa River at Iowa City, IA",269.0,7.617231733248,A,public observation
2024-03-05,05454500,"Iowa River at Iowa City, IA",290.0,8.21188551168,A,public observation
2024-03-06,05454500,"Iowa River at Iowa City, IA",265.0,7.50396434688,A,public observation
2024-03-07,05454500,"Iowa River at Iowa City, IA",261.0,7.390696960512,A,public observation
2024-03-08,05454500,"Iowa River at Iowa City, IA",336.0,9.514460454912001,A,public observation
2024-03-09,05454500,"Iowa River at Iowa City, IA",317.0,8.976440369664001,A,public observation
2024-03-10,05454500,"Iowa River at Iowa City, IA",281.0,7.957033892352,A,public observation
2024-03-11,05454500,"Iowa River at Iowa City, IA",274.0,7.758815966208,A,public observation
2024-03-12,05454500,"Iowa River at Iowa City, IA",267.0,7.560598040064,A,public observation
2024-03-13,05454500,"Iowa River at Iowa City, IA",263.0,7.4473306536960004,A,public observation
2024-03-14,05454500,"Iowa River at Iowa City, IA",397.0,11.241788097024001,A,public observation
2024-03-15,05454500,"Iowa River at Iowa City, IA",358.0,10.137431079936,A,public observation
2024-03-16,05454500,"Iowa River at Iowa City, IA",447.0,12.657630426624001,A,public observation
2024-03-17,05454500,"Iowa River at Iowa City, IA",429.0,12.147927187968,A,public observation
2024-03-18,05454500,"Iowa River at Iowa City, IA",407.0,11.524956562944,A,public observation
2024-03-19,05454500,"Iowa River at Iowa City, IA",353.0,9.995846846976,A,public observation
2024-03-20,05454500,"Iowa River at Iowa City, IA",272.0,7.702182273024,A,public observation
2024-03-21,05454500,"Iowa River at Iowa City, IA",273.0,7.730499119616,A,public observation
2024-03-22,05454500,"Iowa River at Iowa City, IA",313.0,8.863172983296,A,public observation
2024-03-23,05454500,"Iowa River at Iowa City, IA",342.0,9.684361534464001,A,public observation
2024-03-24,05454500,"Iowa River at Iowa City, IA",389.0,11.015253324288,A,public observation
2024-03-25,05454500,"Iowa River at Iowa City, IA",387.0,10.958619631104,A,public observation
2024-03-26,05454500,"Iowa River at Iowa City, IA",431.0,12.204560881152,A,public observation
2024-03-27,05454500,"Iowa River at Iowa City, IA",404.0,11.440006023168001,A,public observation
2024-03-28,05454500,"Iowa River at Iowa City, IA",392.0,11.100203864064,A,public observation
2024-03-29,05454500,"Iowa River at Iowa City, IA",383.0,10.845352244736,A,public observation
2024-03-30,05454500,"Iowa River at Iowa City, IA",384.0,10.873669091328,A,public observation
2024-03-31,05454500,"Iowa River at Iowa City, IA",387.0,10.958619631104,A,public observation
2024-04-01,05454500,"Iowa River at Iowa City, IA",475.0,13.4505021312,A,public observation
2024-04-02,05454500,"Iowa River at Iowa City, IA",1820.0,51.53666079744,A,public observation
2024-04-03,05454500,"Iowa River at Iowa City, IA",2210.0,62.58023096832,A,public observation
2024-04-04,05454500,"Iowa River at Iowa City, IA",1780.0,50.40398693376,A,public observation
2024-04-05,05454500,"Iowa River at Iowa City, IA",1370.0,38.79407983104,A,public observation
2024-04-06,05454500,"Iowa River at Iowa City, IA",1140.0,32.28120511488,A,public observation
2024-04-07,05454500,"Iowa River at Iowa City, IA",1130.0,31.99803664896,A,public observation
2024-04-08,05454500,"Iowa River at Iowa City, IA",1100.0,31.1485312512,A,public observation
2024-04-09,05454500,"Iowa River at Iowa City, IA",1090.0,30.865362785280002,A,public observation
2024-04-10,05454500,"Iowa River at Iowa City, IA",944.0,26.731103182848,A,public observation
2024-04-11,05454500,"Iowa River at Iowa City, IA",771.0,21.832288722432,A,public observation
2024-04-12,05454500,"Iowa River at Iowa City, IA",758.0,21.464169716736002,A,public observation
2024-04-13,05454500,"Iowa River at Iowa City, IA",758.0,21.464169716736002,A,public observation
2024-04-14,05454500,"Iowa River at Iowa City, IA",755.0,21.37921917696,A,public observation
2024-04-15,05454500,"Iowa River at Iowa City, IA",743.0,21.039417017856,A,public observation
2024-04-16,05454500,"Iowa River at Iowa City, IA",838.0,23.729517444096,A,public observation
2024-04-17,05454500,"Iowa River at Iowa City, IA",832.0,23.559616364544002,A,public observation
2024-04-18,05454500,"Iowa River at Iowa City, IA",834.0,23.616250057728,A,public observation
2024-04-19,05454500,"Iowa River at Iowa City, IA",919.0,26.023182018048,A,public observation
2024-04-20,05454500,"Iowa River at Iowa City, IA",1100.0,31.1485312512,A,public observation
2024-04-21,05454500,"Iowa River at Iowa City, IA",1160.0,32.84754204672,A,public observation
2024-04-22,05454500,"Iowa River at Iowa City, IA",1150.0,32.5643735808,A,public observation
2024-04-23,05454500,"Iowa River at Iowa City, IA",1220.0,34.546552842240004,A,public observation
2024-04-24,05454500,"Iowa River at Iowa City, IA",1370.0,38.79407983104,A,public observation
2024-04-25,05454500,"Iowa River at Iowa City, IA",1470.0,41.62576449024,A,public observation
2024-04-26,05454500,"Iowa River at Iowa City, IA",1380.0,39.07724829696,A,public observation
2024-04-27,05454500,"Iowa River at Iowa City, IA",1270.0,35.96239517184,A,public observation
2024-04-28,05454500,"Iowa River at Iowa City, IA",1720.0,48.70497613824,A,public observation
2024-04-29,05454500,"Iowa River at Iowa City, IA",1750.0,49.554481536000004,A,public observation
2024-04-30,05454500,"Iowa River at Iowa City, IA",1770.0,50.12081846784,A,public observation
2024-05-01,05454500,"Iowa River at Iowa City, IA",1910.0,54.08517699072,A,public observation
2024-05-02,05454500,"Iowa River at Iowa City, IA",2220.0,62.86339943424,A,public observation
2024-05-03,05454500,"Iowa River at Iowa City, IA",2900.0,82.1188551168,A,public observation
2024-05-04,05454500,"Iowa River at Iowa City, IA",3170.0,89.76440369664,A,public observation
2024-05-05,05454500,"Iowa River at Iowa City, IA",3060.0,86.64955057152,A,public observation
2024-05-06,05454500,"Iowa River at Iowa City, IA",3010.0,85.23370824192,A,public observation
2024-05-07,05454500,"Iowa River at Iowa City, IA",3450.0,97.6931207424,A,public observation
2024-05-08,05454500,"Iowa River at Iowa City, IA",3690.0,104.48916392448,A,public observation
2024-05-09,05454500,"Iowa River at Iowa City, IA",3720.0,105.33866932224001,A,public observation
2024-05-10,05454500,"Iowa River at Iowa City, IA",3910.0,110.71887017472001,A,public observation
2024-05-11,05454500,"Iowa River at Iowa City, IA",4200.0,118.9307556864,A,public observation
2024-05-12,05454500,"Iowa River at Iowa City, IA",5040.0,142.71690682368,A,public observation
2024-05-13,05454500,"Iowa River at Iowa City, IA",5920.0,167.63573182464,A,public observation
2024-05-14,05454500,"Iowa River at Iowa City, IA",6260.0,177.26345966592,A,public observation
2024-05-15,05454500,"Iowa River at Iowa City, IA",6220.0,176.13078580224,A,public observation
2024-05-16,05454500,"Iowa River at Iowa City, IA",6200.0,175.5644488704,A,public observation
2024-05-17,05454500,"Iowa River at Iowa City, IA",5810.0,164.52087869952,A,public observation
2024-05-18,05454500,"Iowa River at Iowa City, IA",4850.0,137.3367059712,A,public observation
2024-05-19,05454500,"Iowa River at Iowa City, IA",4270.0,120.91293494784,A,public observation
2024-05-20,05454500,"Iowa River at Iowa City, IA",4250.0,120.346598016,A,public observation
2024-05-21,05454500,"Iowa River at Iowa City, IA",4180.0,118.36441875456,A,public observation
2024-05-22,05454500,"Iowa River at Iowa City, IA",5470.0,154.89315085824,A,public observation
2024-05-23,05454500,"Iowa River at Iowa City, IA",7880.0,223.13675114496002,A,public observation
2024-05-24,05454500,"Iowa River at Iowa City, IA",8020.0,227.10110966784,A,public observation
2024-05-25,05454500,"Iowa River at Iowa City, IA",9880.0,279.77044432896,A,public observation
2024-05-26,05454500,"Iowa River at Iowa City, IA",10300.0,291.6635198976,A,public observation
2024-05-27,05454500,"Iowa River at Iowa City, IA",10400.0,294.4952045568,A,public observation
2024-05-28,05454500,"Iowa River at Iowa City, IA",10600.0,300.15857387520003,A,public observation
2024-05-29,05454500,"Iowa River at Iowa City, IA",10600.0,300.15857387520003,A,public observation
2024-05-30,05454500,"Iowa River at Iowa City, IA",10400.0,294.4952045568,A,public observation
2024-05-31,05454500,"Iowa River at Iowa City, IA",10400.0,294.4952045568,A,public observation
2024-06-01,05454500,"Iowa River at Iowa City, IA",10400.0,294.4952045568,A,public observation
2024-06-02,05454500,"Iowa River at Iowa City, IA",10400.0,294.4952045568,A,public observation
2024-06-03,05454500,"Iowa River at Iowa City, IA",10400.0,294.4952045568,A,public observation
2024-06-04,05454500,"Iowa River at Iowa City, IA",10400.0,294.4952045568,A,public observation
2024-06-05,05454500,"Iowa River at Iowa City, IA",10400.0,294.4952045568,A,public observation
2024-06-06,05454500,"Iowa River at Iowa City, IA",10300.0,291.6635198976,A,public observation
2024-06-07,05454500,"Iowa River at Iowa City, IA",10200.0,288.8318352384,A,public observation
2024-06-08,05454500,"Iowa River at Iowa City, IA",9480.0,268.44370569216,A,public observation
2024-06-09,05454500,"Iowa River at Iowa City, IA",7920.0,224.26942500864,A,public observation
2024-06-10,05454500,"Iowa River at Iowa City, IA",7470.0,211.52684404224001,A,public observation
2024-06-11,05454500,"Iowa River at Iowa City, IA",6700.0,189.7228721664,A,public observation
2024-06-12,05454500,"Iowa River at Iowa City, IA",6080.0,172.16642727936,A,public observation
2024-06-13,05454500,"Iowa River at Iowa City, IA",5210.0,147.53077074432,A,public observation
2024-06-14,05454500,"Iowa River at Iowa City, IA",4020.0,113.83372329984,A,public observation
2024-06-15,05454500,"Iowa River at Iowa City, IA",2900.0,82.1188551168,A,public observation
2024-06-16,05454500,"Iowa River at Iowa City, IA",2290.0,64.84557869568,A,public observation
2024-06-17,05454500,"Iowa River at Iowa City, IA",2210.0,62.58023096832,A,public observation
2024-06-18,05454500,"Iowa River at Iowa City, IA",2180.0,61.730725570560004,A,public observation
2024-06-19,05454500,"Iowa River at Iowa City, IA",2150.0,60.8812201728,A,public observation
2024-06-20,05454500,"Iowa River at Iowa City, IA",2660.0,75.32281193472001,A,public observation
2024-06-21,05454500,"Iowa River at Iowa City, IA",2780.0,78.72083352576,A,public observation
2024-06-22,05454500,"Iowa River at Iowa City, IA",3150.0,89.1980667648,A,public observation
2024-06-23,05454500,"Iowa River at Iowa City, IA",3390.0,95.99410994688,A,public observation
2024-06-24,05454500,"Iowa River at Iowa City, IA",3600.0,101.9406477312,A,public observation
2024-06-25,05454500,"Iowa River at Iowa City, IA",3490.0,98.82579460608001,A,public observation
2024-06-26,05454500,"Iowa River at Iowa City, IA",4350.0,123.17828267520001,A,public observation
2024-06-27,05454500,"Iowa River at Iowa City, IA",3970.0,112.41788097024,A,public observation
2024-06-28,05454500,"Iowa River at Iowa City, IA",4090.0,115.81590256128,A,public observation
2024-06-29,05454500,"Iowa River at Iowa City, IA",4250.0,120.346598016,A,public observation
2024-06-30,05454500,"Iowa River at Iowa City, IA",4380.0,124.02778807296,A,public observation
2024-07-01,05454500,"Iowa River at Iowa City, IA",4350.0,123.17828267520001,A,public observation
2024-07-02,05454500,"Iowa River at Iowa City, IA",4540.0,128.55848352768,A,public observation
2024-07-03,05454500,"Iowa River at Iowa City, IA",5690.0,161.12285710848,A,public observation
2024-07-04,05454500,"Iowa River at Iowa City, IA",5800.0,164.2377102336,A,public observation
2024-07-05,05454500,"Iowa River at Iowa City, IA",4850.0,137.3367059712,A,public observation
2024-07-06,05454500,"Iowa River at Iowa City, IA",2640.0,74.75647500288001,A,public observation
2024-07-07,05454500,"Iowa River at Iowa City, IA",1440.0,40.776259092480004,A,public observation
2024-07-08,05454500,"Iowa River at Iowa City, IA",1460.0,41.34259602432,A,public observation
2024-07-09,05454500,"Iowa River at Iowa City, IA",1460.0,41.34259602432,A,public observation
2024-07-10,05454500,"Iowa River at Iowa City, IA",1670.0,47.28913380864,A,public observation
2024-07-11,05454500,"Iowa River at Iowa City, IA",1750.0,49.554481536000004,A,public observation
2024-07-12,05454500,"Iowa River at Iowa City, IA",1530.0,43.32477528576,A,public observation
2024-07-13,05454500,"Iowa River at Iowa City, IA",2460.0,69.65944261632,A,public observation
2024-07-14,05454500,"Iowa River at Iowa City, IA",5010.0,141.86740142592,A,public observation
2024-07-15,05454500,"Iowa River at Iowa City, IA",7300.0,206.7129801216,A,public observation
2024-07-16,05454500,"Iowa River at Iowa City, IA",7880.0,223.13675114496002,A,public observation
2024-07-17,05454500,"Iowa River at Iowa City, IA",7560.0,214.07536023552,A,public observation
2024-07-18,05454500,"Iowa River at Iowa City, IA",7450.0,210.96050711040002,A,public observation
2024-07-19,05454500,"Iowa River at Iowa City, IA",7490.0,212.09318097408,A,public observation
2024-07-20,05454500,"Iowa River at Iowa City, IA",7660.0,216.90704489472,A,public observation
2024-07-21,05454500,"Iowa River at Iowa City, IA",7730.0,218.88922415616,A,public observation
2024-07-22,05454500,"Iowa River at Iowa City, IA",7630.0,216.05753949696,A,public observation
2024-07-23,05454500,"Iowa River at Iowa City, IA",7530.0,213.22585483776,A,public observation
2024-07-24,05454500,"Iowa River at Iowa City, IA",7190.0,203.59812699648,A,public observation
2024-07-25,05454500,"Iowa River at Iowa City, IA",5930.0,167.91890029056,A,public observation
2024-07-26,05454500,"Iowa River at Iowa City, IA",4650.0,131.6733366528,A,public observation
2024-07-27,05454500,"Iowa River at Iowa City, IA",3650.0,103.3564900608,A,public observation
2024-07-28,05454500,"Iowa River at Iowa City, IA",2740.0,77.58815966208,A,public observation
2024-07-29,05454500,"Iowa River at Iowa City, IA",3050.0,86.3663821056,A,public observation
2024-07-30,05454500,"Iowa River at Iowa City, IA",3350.0,94.8614360832,A,public observation
2024-07-31,05454500,"Iowa River at Iowa City, IA",3960.0,112.13471250432,A,public observation
2024-08-01,05454500,"Iowa River at Iowa City, IA",4810.0,136.20403210752,A,public observation
2024-08-02,05454500,"Iowa River at Iowa City, IA",4820.0,136.48720057344,A,public observation
2024-08-03,05454500,"Iowa River at Iowa City, IA",4070.0,115.24956562944,A,public observation
2024-08-04,05454500,"Iowa River at Iowa City, IA",3250.0,92.029751424,A,public observation
2024-08-05,05454500,"Iowa River at Iowa City, IA",2800.0,79.2871704576,A,public observation
2024-08-06,05454500,"Iowa River at Iowa City, IA",2100.0,59.4653778432,A,public observation
2024-08-07,05454500,"Iowa River at Iowa City, IA",1780.0,50.40398693376,A,public observation
2024-08-08,05454500,"Iowa River at Iowa City, IA",1770.0,50.12081846784,A,public observation
2024-08-09,05454500,"Iowa River at Iowa City, IA",1750.0,49.554481536000004,A,public observation
2024-08-10,05454500,"Iowa River at Iowa City, IA",1590.0,45.02378608128,A,public observation
2024-08-11,05454500,"Iowa River at Iowa City, IA",1460.0,41.34259602432,A,public observation
2024-08-12,05454500,"Iowa River at Iowa City, IA",1400.0,39.6435852288,A,public observation
2024-08-13,05454500,"Iowa River at Iowa City, IA",1430.0,40.493090626560004,A,public observation
2024-08-14,05454500,"Iowa River at Iowa City, IA",1350.0,38.2277428992,A,public observation
2024-08-15,05454500,"Iowa River at Iowa City, IA",3070.0,86.93271903744001,A,public observation
2024-08-16,05454500,"Iowa River at Iowa City, IA",2500.0,70.79211648,A,public observation
2024-08-17,05454500,"Iowa River at Iowa City, IA",1700.0,48.1386392064,A,public observation
2024-08-18,05454500,"Iowa River at Iowa City, IA",1530.0,43.32477528576,A,public observation
2024-08-19,05454500,"Iowa River at Iowa City, IA",1360.0,38.51091136512,A,public observation
2024-08-20,05454500,"Iowa River at Iowa City, IA",1250.0,35.39605824,A,public observation
2024-08-21,05454500,"Iowa River at Iowa City, IA",1130.0,31.99803664896,A,public observation
2024-08-22,05454500,"Iowa River at Iowa City, IA",1060.0,30.01585738752,A,public observation
2024-08-23,05454500,"Iowa River at Iowa City, IA",1010.0,28.60001505792,A,public observation
2024-08-24,05454500,"Iowa River at Iowa City, IA",949.0,26.872687415808002,A,public observation
2024-08-25,05454500,"Iowa River at Iowa City, IA",940.0,26.61783579648,A,public observation
2024-08-26,05454500,"Iowa River at Iowa City, IA",891.0,25.230310313472,A,public observation
2024-08-27,05454500,"Iowa River at Iowa City, IA",795.0,22.51189304064,A,public observation
2024-08-28,05454500,"Iowa River at Iowa City, IA",794.0,22.483576194048002,A,public observation
2024-08-29,05454500,"Iowa River at Iowa City, IA",659.0,18.660801904128,A,public observation
2024-08-30,05454500,"Iowa River at Iowa City, IA",778.0,22.030506648576,A,public observation
2024-08-31,05454500,"Iowa River at Iowa City, IA",880.0,24.918825000960002,A,public observation
2024-09-01,05454500,"Iowa River at Iowa City, IA",1080.0,30.58219431936,A,public observation
2024-09-02,05454500,"Iowa River at Iowa City, IA",909.0,25.740013552128,A,public observation
2024-09-03,05454500,"Iowa River at Iowa City, IA",681.0,19.283772529152,A,public observation
2024-09-04,05454500,"Iowa River at Iowa City, IA",553.0,15.659216165376,A,public observation
2024-09-05,05454500,"Iowa River at Iowa City, IA",480.0,13.59208636416,A,public observation
2024-09-06,05454500,"Iowa River at Iowa City, IA",564.0,15.970701477888001,A,public observation
2024-09-07,05454500,"Iowa River at Iowa City, IA",506.0,14.328324375552,A,public observation
2024-09-08,05454500,"Iowa River at Iowa City, IA",414.0,11.723174489088,A,public observation
2024-09-09,05454500,"Iowa River at Iowa City, IA",389.0,11.015253324288,A,public observation
2024-09-10,05454500,"Iowa River at Iowa City, IA",284.0,8.041984432128,A,public observation
2024-09-11,05454500,"Iowa River at Iowa City, IA",243.0,6.880993721856,A,public observation
2024-09-12,05454500,"Iowa River at Iowa City, IA",263.0,7.4473306536960004,A,public observation
2024-09-13,05454500,"Iowa River at Iowa City, IA",248.0,7.022577954816001,A,public observation
2024-09-14,05454500,"Iowa River at Iowa City, IA",278.0,7.872083352576,A,public observation
2024-09-15,05454500,"Iowa River at Iowa City, IA",278.0,7.872083352576,A,public observation
2024-09-16,05454500,"Iowa River at Iowa City, IA",274.0,7.758815966208,A,public observation
2024-09-17,05454500,"Iowa River at Iowa City, IA",274.0,7.758815966208,A,public observation
2024-09-18,05454500,"Iowa River at Iowa City, IA",275.0,7.7871328128,A,public observation
2024-09-19,05454500,"Iowa River at Iowa City, IA",272.0,7.702182273024,A,public observation
2024-09-20,05454500,"Iowa River at Iowa City, IA",273.0,7.730499119616,A,public observation
2024-09-21,05454500,"Iowa River at Iowa City, IA",269.0,7.617231733248,A,public observation
2024-09-22,05454500,"Iowa River at Iowa City, IA",273.0,7.730499119616,A,public observation
2024-09-23,05454500,"Iowa River at Iowa City, IA",270.0,7.64554857984,A,public observation
2024-09-24,05454500,"Iowa River at Iowa City, IA",254.0,7.1924790343680005,A,public observation
2024-09-25,05454500,"Iowa River at Iowa City, IA",225.0,6.3712904832,A,public observation
2024-09-26,05454500,"Iowa River at Iowa City, IA",217.0,6.1447557104640005,A,public observation
2024-09-27,05454500,"Iowa River at Iowa City, IA",216.0,6.116438863872,A,public observation
2024-09-28,05454500,"Iowa River at Iowa City, IA",211.0,5.9748546309120005,A,public observation
2024-09-29,05454500,"Iowa River at Iowa City, IA",208.0,5.8899040911360006,A,public observation
2024-09-30,05454500,"Iowa River at Iowa City, IA",209.0,5.918220937728,A,public observation
2024-10-01,05454500,"Iowa River at Iowa City, IA",205.0,5.804953551360001,A,public observation
2024-10-02,05454500,"Iowa River at Iowa City, IA",199.0,5.635052471808,A,public observation
2024-10-03,05454500,"Iowa River at Iowa City, IA",177.0,5.0120818467840005,A,public observation
2024-10-04,05454500,"Iowa River at Iowa City, IA",171.0,4.8421807672320005,A,public observation
2024-10-05,05454500,"Iowa River at Iowa City, IA",167.0,4.728913380864,A,public observation
2024-10-06,05454500,"Iowa River at Iowa City, IA",163.0,4.615645994496,A,public observation
2024-10-07,05454500,"Iowa River at Iowa City, IA",158.0,4.474061761536,A,public observation
2024-10-08,05454500,"Iowa River at Iowa City, IA",158.0,4.474061761536,A,public observation
2024-10-09,05454500,"Iowa River at Iowa City, IA",159.0,4.502378608128,A,public observation
2024-10-10,05454500,"Iowa River at Iowa City, IA",163.0,4.615645994496,A,public observation
2024-10-11,05454500,"Iowa River at Iowa City, IA",166.0,4.700596534272,A,public observation
2024-10-12,05454500,"Iowa River at Iowa City, IA",166.0,4.700596534272,A,public observation
2024-10-13,05454500,"Iowa River at Iowa City, IA",163.0,4.615645994496,A,public observation
2024-10-14,05454500,"Iowa River at Iowa City, IA",158.0,4.474061761536,A,public observation
2024-10-15,05454500,"Iowa River at Iowa City, IA",158.0,4.474061761536,A,public observation
2024-10-16,05454500,"Iowa River at Iowa City, IA",158.0,4.474061761536,A,public observation
2024-10-17,05454500,"Iowa River at Iowa City, IA",160.0,4.53069545472,A,public observation
2024-10-18,05454500,"Iowa River at Iowa City, IA",162.0,4.587329147904,A,public observation
2024-10-19,05454500,"Iowa River at Iowa City, IA",161.0,4.559012301312,A,public observation
2024-10-20,05454500,"Iowa River at Iowa City, IA",156.0,4.417428068352,A,public observation
2024-10-21,05454500,"Iowa River at Iowa City, IA",151.0,4.275843835392,A,public observation
2024-10-22,05454500,"Iowa River at Iowa City, IA",150.0,4.2475269888,A,public observation
2024-10-23,05454500,"Iowa River at Iowa City, IA",149.0,4.219210142208,A,public observation
2024-10-24,05454500,"Iowa River at Iowa City, IA",151.0,4.275843835392,A,public observation
2024-10-25,05454500,"Iowa River at Iowa City, IA",238.0,6.739409488896,A,public observation
2024-10-26,05454500,"Iowa River at Iowa City, IA",191.0,5.408517699072,A,public observation
2024-10-27,05454500,"Iowa River at Iowa City, IA",179.0,5.068715539968,A,public observation
2024-10-28,05454500,"Iowa River at Iowa City, IA",171.0,4.8421807672320005,A,public observation
2024-10-29,05454500,"Iowa River at Iowa City, IA",165.0,4.672279687680001,A,public observation
2024-10-30,05454500,"Iowa River at Iowa City, IA",192.0,5.436834545664,A,public observation
2024-10-31,05454500,"Iowa River at Iowa City, IA",401.0,11.355055483392,A,public observation
2024-11-01,05454500,"Iowa River at Iowa City, IA",201.0,5.691686164992,A,public observation
2024-11-02,05454500,"Iowa River at Iowa City, IA",174.0,4.9271313070080005,A,public observation
2024-11-03,05454500,"Iowa River at Iowa City, IA",544.0,15.404364546048,A,public observation
2024-11-04,05454500,"Iowa River at Iowa City, IA",1070.0,30.29902585344,A,public observation
2024-11-05,05454500,"Iowa River at Iowa City, IA",1720.0,48.70497613824,A,public observation
2024-11-06,05454500,"Iowa River at Iowa City, IA",2160.0,61.16438863872,A,public observation
2024-11-07,05454500,"Iowa River at Iowa City, IA",1680.0,47.57230227456,A,public observation
2024-11-08,05454500,"Iowa River at Iowa City, IA",917.0,25.966548324864,A,public observation
2024-11-09,05454500,"Iowa River at Iowa City, IA",1190.0,33.69704744448,A,public observation
2024-11-10,05454500,"Iowa River at Iowa City, IA",1190.0,33.69704744448,A,public observation
2024-11-11,05454500,"Iowa River at Iowa City, IA",1160.0,32.84754204672,A,public observation
2024-11-12,05454500,"Iowa River at Iowa City, IA",1130.0,31.99803664896,A,public observation
2024-11-13,05454500,"Iowa River at Iowa City, IA",1000.0,28.316846592,A,public observation
2024-11-14,05454500,"Iowa River at Iowa City, IA",847.0,23.984369063424,A,public observation
2024-11-15,05454500,"Iowa River at Iowa City, IA",843.0,23.871101677056,A,public observation
2024-11-16,05454500,"Iowa River at Iowa City, IA",836.0,23.672883750912,A,public observation
2024-11-17,05454500,"Iowa River at Iowa City, IA",833.0,23.587933211136,A,public observation
2024-11-18,05454500,"Iowa River at Iowa City, IA",853.0,24.154270142976,A,public observation
2024-11-19,05454500,"Iowa River at Iowa City, IA",885.0,25.06040923392,A,public observation
2024-11-20,05454500,"Iowa River at Iowa City, IA",843.0,23.871101677056,A,public observation
2024-11-21,05454500,"Iowa River at Iowa City, IA",830.0,23.50298267136,A,public observation
2024-11-22,05454500,"Iowa River at Iowa City, IA",751.0,21.265951790592002,A,public observation
2024-11-23,05454500,"Iowa River at Iowa City, IA",666.0,18.859019830272,A,public observation
2024-11-24,05454500,"Iowa River at Iowa City, IA",668.0,18.915653523456,A,public observation
2024-11-25,05454500,"Iowa River at Iowa City, IA",662.0,18.745752443904,A,public observation
2024-11-26,05454500,"Iowa River at Iowa City, IA",584.0,16.537038409728,A,public observation
2024-11-27,05454500,"Iowa River at Iowa City, IA",491.0,13.903571676672,A,public observation
2024-11-28,05454500,"Iowa River at Iowa City, IA",489.0,13.846937983488,A,public observation
2024-11-29,05454500,"Iowa River at Iowa City, IA",482.0,13.648720057344,A,public observation
2024-11-30,05454500,"Iowa River at Iowa City, IA",472.0,13.365551591424,A,public observation
2024-12-01,05454500,"Iowa River at Iowa City, IA",486.0,13.761987443712,A,public observation
2024-12-02,05454500,"Iowa River at Iowa City, IA",482.0,13.648720057344,A,public observation
2024-12-03,05454500,"Iowa River at Iowa City, IA",478.0,13.535452670976001,A,public observation
2024-12-04,05454500,"Iowa River at Iowa City, IA",482.0,13.648720057344,A,public observation
2024-12-05,05454500,"Iowa River at Iowa City, IA",459.0,12.997432585728001,A,public observation
2024-12-06,05454500,"Iowa River at Iowa City, IA",475.0,13.4505021312,A,public observation
2024-12-07,05454500,"Iowa River at Iowa City, IA",477.0,13.507135824384001,A,public observation
2024-12-08,05454500,"Iowa River at Iowa City, IA",484.0,13.705353750528001,A,public observation
2024-12-09,05454500,"Iowa River at Iowa City, IA",485.0,13.73367059712,A,public observation
2024-12-10,05454500,"Iowa River at Iowa City, IA",718.0,20.331495853056,A,public observation
2024-12-11,05454500,"Iowa River at Iowa City, IA",1340.0,37.94457443328,A,public observation
2024-12-12,05454500,"Iowa River at Iowa City, IA",1700.0,48.1386392064,A,public observation
2024-12-13,05454500,"Iowa River at Iowa City, IA",1700.0,48.1386392064,A,public observation
2024-12-14,05454500,"Iowa River at Iowa City, IA",1750.0,49.554481536000004,A,public observation
2024-12-15,05454500,"Iowa River at Iowa City, IA",1790.0,50.68715539968,A,public observation
2024-12-16,05454500,"Iowa River at Iowa City, IA",1770.0,50.12081846784,A,public observation
2024-12-17,05454500,"Iowa River at Iowa City, IA",1730.0,48.98814460416,A,public observation
2024-12-18,05454500,"Iowa River at Iowa City, IA",1710.0,48.42180767232,A,public observation
2024-12-19,05454500,"Iowa River at Iowa City, IA",1530.0,43.32477528576,A,public observation
2024-12-20,05454500,"Iowa River at Iowa City, IA",1190.0,33.69704744448,A,public observation
2024-12-21,05454500,"Iowa River at Iowa City, IA",796.0,22.540209887232,A,public observation
2024-12-22,05454500,"Iowa River at Iowa City, IA",545.0,15.432681392640001,A,public observation
2024-12-23,05454500,"Iowa River at Iowa City, IA",545.0,15.432681392640001,A,public observation
2024-12-24,05454500,"Iowa River at Iowa City, IA",537.0,15.206146619904,A,public observation
2024-12-25,05454500,"Iowa River at Iowa City, IA",529.0,14.979611847168,A,public observation
2024-12-26,05454500,"Iowa River at Iowa City, IA",571.0,16.168919404032,A,public observation
2024-12-27,05454500,"Iowa River at Iowa City, IA",737.0,20.869515938304,A,public observation
2024-12-28,05454500,"Iowa River at Iowa City, IA",1030.0,29.166351989760003,A,public observation
2024-12-29,05454500,"Iowa River at Iowa City, IA",1140.0,32.28120511488,A,public observation
2024-12-30,05454500,"Iowa River at Iowa City, IA",1050.0,29.7326889216,A,public observation
2024-12-31,05454500,"Iowa River at Iowa City, IA",1090.0,30.865362785280002,A,public observation
2025-01-01,05454500,"Iowa River at Iowa City, IA",1150.0,32.5643735808,A,public observation
2025-01-02,05454500,"Iowa River at Iowa City, IA",1130.0,31.99803664896,A,public observation
2025-01-03,05454500,"Iowa River at Iowa City, IA",896.0,25.371894546432,A,public observation
2025-01-04,05454500,"Iowa River at Iowa City, IA",581.0,16.452087869952,A,public observation
2025-01-05,05454500,"Iowa River at Iowa City, IA",604.0,17.103375341568,A,public observation
2025-01-06,05454500,"Iowa River at Iowa City, IA",584.0,16.537038409728,A,public observation
2025-01-07,05454500,"Iowa River at Iowa City, IA",575.0,16.2821867904,A,public observation
2025-01-08,05454500,"Iowa River at Iowa City, IA",575.0,16.2821867904,A,public observation
2025-01-09,05454500,"Iowa River at Iowa City, IA",569.0,16.112285710848,A,public observation
2025-01-10,05454500,"Iowa River at Iowa City, IA",730.0,20.67129801216,A,public observation
2025-01-11,05454500,"Iowa River at Iowa City, IA",930.0,26.334667330560002,A,public observation
2025-01-12,05454500,"Iowa River at Iowa City, IA",844.0,23.899418523648002,A,public observation
2025-01-13,05454500,"Iowa River at Iowa City, IA",699.0,19.793475767808,A,public observation
2025-01-14,05454500,"Iowa River at Iowa City, IA",699.0,19.793475767808,A,public observation
2025-01-15,05454500,"Iowa River at Iowa City, IA",623.0,17.641395426816,A,public observation
2025-01-16,05454500,"Iowa River at Iowa City, IA",498.0,14.101789602816,A,public observation
2025-01-17,05454500,"Iowa River at Iowa City, IA",505.0,14.30000752896,A,public observation
2025-01-18,05454500,"Iowa River at Iowa City, IA",497.0,14.073472756224,A,public observation
2025-01-19,05454500,"Iowa River at Iowa City, IA",474.0,13.422185284608,A,public observation
2025-01-20,05454500,"Iowa River at Iowa City, IA",482.0,13.648720057344,A,public observation
2025-01-21,05454500,"Iowa River at Iowa City, IA",481.0,13.620403210752,A,public observation
2025-01-22,05454500,"Iowa River at Iowa City, IA",474.0,13.422185284608,A,public observation
2025-01-23,05454500,"Iowa River at Iowa City, IA",419.0,11.864758722048,A,public observation
2025-01-24,05454500,"Iowa River at Iowa City, IA",388.0,10.986936477696,A,public observation
2025-01-25,05454500,"Iowa River at Iowa City, IA",374.0,10.590500625408,A,public observation
2025-01-26,05454500,"Iowa River at Iowa City, IA",361.0,10.222381619712,A,public observation
2025-01-27,05454500,"Iowa River at Iowa City, IA",357.0,10.109114233344,A,public observation
2025-01-28,05454500,"Iowa River at Iowa City, IA",398.0,11.270104943616,A,public observation
2025-01-29,05454500,"Iowa River at Iowa City, IA",432.0,12.232877727744,A,public observation
2025-01-30,05454500,"Iowa River at Iowa City, IA",447.0,12.657630426624001,A,public observation
2025-01-31,05454500,"Iowa River at Iowa City, IA",496.0,14.045155909632001,A,public observation
2025-02-01,05454500,"Iowa River at Iowa City, IA",554.0,15.687533011968,A,public observation
2025-02-02,05454500,"Iowa River at Iowa City, IA",535.0,15.14951292672,A,public observation
2025-02-03,05454500,"Iowa River at Iowa City, IA",541.0,15.319414006272,A,public observation
2025-02-04,05454500,"Iowa River at Iowa City, IA",693.0,19.623574688256,A,public observation
2025-02-05,05454500,"Iowa River at Iowa City, IA",730.0,20.67129801216,A,public observation
2025-02-06,05454500,"Iowa River at Iowa City, IA",712.0,20.161594773504,A,public observation
2025-02-07,05454500,"Iowa River at Iowa City, IA",592.0,16.763573182464,A,public observation
2025-02-08,05454500,"Iowa River at Iowa City, IA",467.0,13.223967358464,A,public observation
2025-02-09,05454500,"Iowa River at Iowa City, IA",424.0,12.006342955008,A,public observation
2025-02-10,05454500,"Iowa River at Iowa City, IA",409.0,11.581590256128,A,public observation
2025-02-11,05454500,"Iowa River at Iowa City, IA",412.0,11.666540795904,A,public observation
2025-02-12,05454500,"Iowa River at Iowa City, IA",412.0,11.666540795904,A,public observation
2025-02-13,05454500,"Iowa River at Iowa City, IA",407.0,11.524956562944,A,public observation
2025-02-14,05454500,"Iowa River at Iowa City, IA",409.0,11.581590256128,A,public observation
2025-02-15,05454500,"Iowa River at Iowa City, IA",409.0,11.581590256128,A,public observation
2025-02-16,05454500,"Iowa River at Iowa City, IA",385.0,10.901985937920001,A,public observation
2025-02-17,05454500,"Iowa River at Iowa City, IA",292.0,8.268519204864,A,public observation
2025-02-18,05454500,"Iowa River at Iowa City, IA",286.0,8.098618125312,A,public observation
2025-02-19,05454500,"Iowa River at Iowa City, IA",284.0,8.041984432128,A,public observation
2025-02-20,05454500,"Iowa River at Iowa City, IA",294.0,8.325152898048,A,public observation
2025-02-21,05454500,"Iowa River at Iowa City, IA",295.0,8.35346974464,A,public observation
2025-02-22,05454500,"Iowa River at Iowa City, IA",295.0,8.35346974464,A,public observation
2025-02-23,05454500,"Iowa River at Iowa City, IA",307.0,8.693271903744,A,public observation
2025-02-24,05454500,"Iowa River at Iowa City, IA",341.0,9.656044687872,A,public observation
2025-02-25,05454500,"Iowa River at Iowa City, IA",370.0,10.47723323904,A,public observation
2025-02-26,05454500,"Iowa River at Iowa City, IA",422.0,11.949709261824001,A,public observation
2025-02-27,05454500,"Iowa River at Iowa City, IA",546.0,15.460998239232,A,public observation
2025-02-28,05454500,"Iowa River at Iowa City, IA",557.0,15.772483551744001,A,public observation
2025-03-01,05454500,"Iowa River at Iowa City, IA",542.0,15.347730852864,A,public observation
2025-03-02,05454500,"Iowa River at Iowa City, IA",528.0,14.951295000576,A,public observation
2025-03-03,05454500,"Iowa River at Iowa City, IA",683.0,19.340406222336,A,public observation
2025-03-04,05454500,"Iowa River at Iowa City, IA",1070.0,30.29902585344,A,public observation
2025-03-05,05454500,"Iowa River at Iowa City, IA",1830.0,51.81982926336,A,public observation
2025-03-06,05454500,"Iowa River at Iowa City, IA",2030.0,57.48319858176,A,public observation
2025-03-07,05454500,"Iowa River at Iowa City, IA",1960.0,55.501019320320005,A,public observation
2025-03-08,05454500,"Iowa River at Iowa City, IA",1950.0,55.2178508544,A,public observation
2025-03-09,05454500,"Iowa River at Iowa City, IA",2010.0,56.91686164992,A,public observation
2025-03-10,05454500,"Iowa River at Iowa City, IA",2220.0,62.86339943424,A,public observation
2025-03-11,05454500,"Iowa River at Iowa City, IA",2350.0,66.5445894912,A,public observation
2025-03-12,05454500,"Iowa River at Iowa City, IA",2340.0,66.26142102528,A,public observation
2025-03-13,05454500,"Iowa River at Iowa City, IA",2330.0,65.97825255936,A,public observation
2025-03-14,05454500,"Iowa River at Iowa City, IA",2330.0,65.97825255936,A,public observation
2025-03-15,05454500,"Iowa River at Iowa City, IA",2340.0,66.26142102528,A,public observation
2025-03-16,05454500,"Iowa River at Iowa City, IA",2290.0,64.84557869568,A,public observation
2025-03-17,05454500,"Iowa River at Iowa City, IA",2070.0,58.615872445440004,A,public observation
2025-03-18,05454500,"Iowa River at Iowa City, IA",1780.0,50.40398693376,A,public observation
2025-03-19,05454500,"Iowa River at Iowa City, IA",1800.0,50.9703238656,A,public observation
2025-03-20,05454500,"Iowa River at Iowa City, IA",1880.0,53.23567159296,A,public observation
2025-03-21,05454500,"Iowa River at Iowa City, IA",1840.0,52.10299772928,A,public observation
2025-03-22,05454500,"Iowa River at Iowa City, IA",1650.0,46.722796876800004,A,public observation
2025-03-23,05454500,"Iowa River at Iowa City, IA",1660.0,47.00596534272,A,public observation
2025-03-24,05454500,"Iowa River at Iowa City, IA",1650.0,46.722796876800004,A,public observation
2025-03-25,05454500,"Iowa River at Iowa City, IA",1660.0,47.00596534272,A,public observation
2025-03-26,05454500,"Iowa River at Iowa City, IA",1710.0,48.42180767232,A,public observation
2025-03-27,05454500,"Iowa River at Iowa City, IA",1780.0,50.40398693376,A,public observation
2025-03-28,05454500,"Iowa River at Iowa City, IA",1770.0,50.12081846784,A,public observation
2025-03-29,05454500,"Iowa River at Iowa City, IA",1770.0,50.12081846784,A,public observation
2025-03-30,05454500,"Iowa River at Iowa City, IA",1770.0,50.12081846784,A,public observation
2025-03-31,05454500,"Iowa River at Iowa City, IA",1760.0,49.837650001920004,A,public observation
2025-04-01,05454500,"Iowa River at Iowa City, IA",1750.0,49.554481536000004,A,public observation
2025-04-02,05454500,"Iowa River at Iowa City, IA",2010.0,56.91686164992,A,public observation
2025-04-03,05454500,"Iowa River at Iowa City, IA",2170.0,61.447557104640005,A,public observation
2025-04-04,05454500,"Iowa River at Iowa City, IA",2290.0,64.84557869568,A,public observation
2025-04-05,05454500,"Iowa River at Iowa City, IA",2120.0,60.03171477504,A,public observation
2025-04-06,05454500,"Iowa River at Iowa City, IA",2060.0,58.332703979520005,A,public observation
2025-04-07,05454500,"Iowa River at Iowa City, IA",1980.0,56.06735625216,A,public observation
2025-04-08,05454500,"Iowa River at Iowa City, IA",1970.0,55.784187786240004,A,public observation
2025-04-09,05454500,"Iowa River at Iowa City, IA",1960.0,55.501019320320005,A,public observation
2025-04-10,05454500,"Iowa River at Iowa City, IA",1960.0,55.501019320320005,A,public observation
2025-04-11,05454500,"Iowa River at Iowa City, IA",1940.0,54.93468238848,A,public observation
2025-04-12,05454500,"Iowa River at Iowa City, IA",1940.0,54.93468238848,A,public observation
2025-04-13,05454500,"Iowa River at Iowa City, IA",1930.0,54.65151392256,A,public observation
2025-04-14,05454500,"Iowa River at Iowa City, IA",1920.0,54.36834545664,A,public observation
2025-04-15,05454500,"Iowa River at Iowa City, IA",1770.0,50.12081846784,A,public observation
2025-04-16,05454500,"Iowa River at Iowa City, IA",1480.0,41.90893295616,A,public observation
2025-04-17,05454500,"Iowa River at Iowa City, IA",1390.0,39.36041676288,A,public observation
2025-04-18,05454500,"Iowa River at Iowa City, IA",1400.0,39.6435852288,A,public observation
2025-04-19,05454500,"Iowa River at Iowa City, IA",1380.0,39.07724829696,A,public observation
2025-04-20,05454500,"Iowa River at Iowa City, IA",1500.0,42.475269888,A,public observation
2025-04-21,05454500,"Iowa River at Iowa City, IA",2310.0,65.41191562752,A,public observation
2025-04-22,05454500,"Iowa River at Iowa City, IA",2470.0,69.94261108224,A,public observation
2025-04-23,05454500,"Iowa River at Iowa City, IA",3090.0,87.49905596928001,A,public observation
2025-04-24,05454500,"Iowa River at Iowa City, IA",3840.0,108.73669091328,A,public observation
2025-04-25,05454500,"Iowa River at Iowa City, IA",4170.0,118.08125028864,A,public observation
2025-04-26,05454500,"Iowa River at Iowa City, IA",4710.0,133.37234744832,A,public observation
2025-04-27,05454500,"Iowa River at Iowa City, IA",5050.0,143.0000752896,A,public observation
2025-04-28,05454500,"Iowa River at Iowa City, IA",5360.0,151.77829773312,A,public observation
2025-04-29,05454500,"Iowa River at Iowa City, IA",5790.0,163.95454176768,A,public observation
2025-04-30,05454500,"Iowa River at Iowa City, IA",5810.0,164.52087869952,A,public observation
2025-05-01,05454500,"Iowa River at Iowa City, IA",5970.0,169.05157415424,A,public observation
2025-05-02,05454500,"Iowa River at Iowa City, IA",5920.0,167.63573182464,A,public observation
2025-05-03,05454500,"Iowa River at Iowa City, IA",5430.0,153.76047699456,A,public observation
2025-05-04,05454500,"Iowa River at Iowa City, IA",4730.0,133.93868438016,A,public observation
2025-05-05,05454500,"Iowa River at Iowa City, IA",4320.0,122.32877727744,A,public observation
2025-05-06,05454500,"Iowa River at Iowa City, IA",3770.0,106.75451165184,A,public observation
2025-05-07,05454500,"Iowa River at Iowa City, IA",3430.0,97.12678381056,A,public observation
2025-05-08,05454500,"Iowa River at Iowa City, IA",3150.0,89.1980667648,A,public observation
2025-05-09,05454500,"Iowa River at Iowa City, IA",2890.0,81.83568665088,A,public observation
2025-05-10,05454500,"Iowa River at Iowa City, IA",2720.0,77.02182273024,A,public observation
2025-05-11,05454500,"Iowa River at Iowa City, IA",2700.0,76.4554857984,A,public observation
2025-05-12,05454500,"Iowa River at Iowa City, IA",2530.0,71.64162187776,A,public observation
2025-05-13,05454500,"Iowa River at Iowa City, IA",2260.0,63.99607329792,A,public observation
2025-05-14,05454500,"Iowa River at Iowa City, IA",2100.0,59.4653778432,A,public observation
2025-05-15,05454500,"Iowa River at Iowa City, IA",1840.0,52.10299772928,A,public observation
2025-05-16,05454500,"Iowa River at Iowa City, IA",1750.0,49.554481536000004,A,public observation
2025-05-17,05454500,"Iowa River at Iowa City, IA",1700.0,48.1386392064,A,public observation
2025-05-18,05454500,"Iowa River at Iowa City, IA",1560.0,44.17428068352,A,public observation
2025-05-19,05454500,"Iowa River at Iowa City, IA",1480.0,41.90893295616,A,public observation
2025-05-20,05454500,"Iowa River at Iowa City, IA",2080.0,58.899040911360004,A,public observation
2025-05-21,05454500,"Iowa River at Iowa City, IA",3050.0,86.3663821056,A,public observation
2025-05-22,05454500,"Iowa River at Iowa City, IA",4000.0,113.267386368,A,public observation
2025-05-23,05454500,"Iowa River at Iowa City, IA",4110.0,116.38223949312,A,public observation
2025-05-24,05454500,"Iowa River at Iowa City, IA",5010.0,141.86740142592,A,public observation
2025-05-25,05454500,"Iowa River at Iowa City, IA",5690.0,161.12285710848,A,public observation
2025-05-26,05454500,"Iowa River at Iowa City, IA",4770.0,135.07135824384,A,public observation
2025-05-27,05454500,"Iowa River at Iowa City, IA",5750.0,162.82186790400002,A,public observation
2025-05-28,05454500,"Iowa River at Iowa City, IA",5420.0,153.47730852864,A,public observation
2025-05-29,05454500,"Iowa River at Iowa City, IA",4670.0,132.23967358464,A,public observation
2025-05-30,05454500,"Iowa River at Iowa City, IA",3920.0,111.00203864064001,A,public observation
2025-05-31,05454500,"Iowa River at Iowa City, IA",3380.0,95.71094148096,A,public observation
2025-06-01,05454500,"Iowa River at Iowa City, IA",3020.0,85.51687670784,A,public observation
2025-06-02,05454500,"Iowa River at Iowa City, IA",2910.0,82.40202358272,A,public observation
2025-06-03,05454500,"Iowa River at Iowa City, IA",2850.0,80.7030127872,A,public observation
2025-06-04,05454500,"Iowa River at Iowa City, IA",2710.0,76.73865426432,A,public observation
2025-06-05,05454500,"Iowa River at Iowa City, IA",2560.0,72.49112727552,A,public observation
2025-06-06,05454500,"Iowa River at Iowa City, IA",2350.0,66.5445894912,A,public observation
2025-06-07,05454500,"Iowa River at Iowa City, IA",2250.0,63.712904832,A,public observation
2025-06-08,05454500,"Iowa River at Iowa City, IA",2240.0,63.42973636608,A,public observation
2025-06-09,05454500,"Iowa River at Iowa City, IA",2240.0,63.42973636608,A,public observation
2025-06-10,05454500,"Iowa River at Iowa City, IA",2230.0,63.14656790016,A,public observation
2025-06-11,05454500,"Iowa River at Iowa City, IA",2300.0,65.1287471616,A,public observation
2025-06-12,05454500,"Iowa River at Iowa City, IA",2420.0,68.52676875264,A,public observation
2025-06-13,05454500,"Iowa River at Iowa City, IA",2370.0,67.11092642304,A,public observation
2025-06-14,05454500,"Iowa River at Iowa City, IA",2290.0,64.84557869568,A,public observation
2025-06-15,05454500,"Iowa River at Iowa City, IA",2280.0,64.56241022976,A,public observation
2025-06-16,05454500,"Iowa River at Iowa City, IA",2450.0,69.37627415040001,A,public observation
2025-06-17,05454500,"Iowa River at Iowa City, IA",2780.0,78.72083352576,A,public observation
2025-06-18,05454500,"Iowa River at Iowa City, IA",2850.0,80.7030127872,A,public observation
2025-06-19,05454500,"Iowa River at Iowa City, IA",2990.0,84.66737131008,A,public observation
2025-06-20,05454500,"Iowa River at Iowa City, IA",3090.0,87.49905596928001,A,public observation
2025-06-21,05454500,"Iowa River at Iowa City, IA",3320.0,94.01193068544,A,public observation
2025-06-22,05454500,"Iowa River at Iowa City, IA",3830.0,108.45352244736,A,public observation
2025-06-23,05454500,"Iowa River at Iowa City, IA",4580.0,129.69115739136,A,public observation
2025-06-24,05454500,"Iowa River at Iowa City, IA",5560.0,157.44166705152,A,public observation
2025-06-25,05454500,"Iowa River at Iowa City, IA",6000.0,169.901079552,A,public observation
2025-06-26,05454500,"Iowa River at Iowa City, IA",6120.0,173.29910114304,A,public observation
2025-06-27,05454500,"Iowa River at Iowa City, IA",6310.0,178.67930199552,A,public observation
2025-06-28,05454500,"Iowa River at Iowa City, IA",6710.0,190.00604063232,A,public observation
2025-06-29,05454500,"Iowa River at Iowa City, IA",6840.0,193.68723068928,A,public observation
2025-06-30,05454500,"Iowa River at Iowa City, IA",6840.0,193.68723068928,A,public observation
2025-07-01,05454500,"Iowa River at Iowa City, IA",6830.0,193.40406222336,A,public observation
2025-07-02,05454500,"Iowa River at Iowa City, IA",6940.0,196.51891534848,A,public observation
2025-07-03,05454500,"Iowa River at Iowa City, IA",7090.0,200.76644233728,A,public observation
2025-07-04,05454500,"Iowa River at Iowa City, IA",7110.0,201.33277926912,A,public observation
2025-07-05,05454500,"Iowa River at Iowa City, IA",7340.0,207.84565398528,A,public observation
2025-07-06,05454500,"Iowa River at Iowa City, IA",7760.0,219.73872955392,A,public observation
2025-07-07,05454500,"Iowa River at Iowa City, IA",7270.0,205.86347472384,A,public observation
2025-07-08,05454500,"Iowa River at Iowa City, IA",6270.0,177.54662813184,A,public observation
2025-07-09,05454500,"Iowa River at Iowa City, IA",5690.0,161.12285710848,A,public observation
2025-07-10,05454500,"Iowa River at Iowa City, IA",5250.0,148.663444608,A,public observation
2025-07-11,05454500,"Iowa River at Iowa City, IA",5780.0,163.67137330176,A,public observation
2025-07-12,05454500,"Iowa River at Iowa City, IA",6520.0,184.62583977984,A,public observation
2025-07-13,05454500,"Iowa River at Iowa City, IA",6670.0,188.87336676864,A,public observation
2025-07-14,05454500,"Iowa River at Iowa City, IA",6550.0,185.47534517760002,A,public observation
2025-07-15,05454500,"Iowa River at Iowa City, IA",6930.0,196.23574688256,A,public observation
2025-07-16,05454500,"Iowa River at Iowa City, IA",7460.0,211.24367557632002,A,public observation
2025-07-17,05454500,"Iowa River at Iowa City, IA",7820.0,221.43774034944002,A,public observation
2025-07-18,05454500,"Iowa River at Iowa City, IA",8300.0,235.02982671360002,A,public observation
2025-07-19,05454500,"Iowa River at Iowa City, IA",8440.0,238.99418523648,A,public observation
2025-07-20,05454500,"Iowa River at Iowa City, IA",8410.0,238.14467983872,A,public observation
2025-07-21,05454500,"Iowa River at Iowa City, IA",7660.0,216.90704489472,A,public observation
2025-07-22,05454500,"Iowa River at Iowa City, IA",7370.0,208.69515938304,A,public observation
2025-07-23,05454500,"Iowa River at Iowa City, IA",8010.0,226.81794120192,A,public observation
2025-07-24,05454500,"Iowa River at Iowa City, IA",7930.0,224.55259347456,A,public observation
2025-07-25,05454500,"Iowa River at Iowa City, IA",8340.0,236.16250057728,A,public observation
2025-07-26,05454500,"Iowa River at Iowa City, IA",8370.0,237.01200597504,A,public observation
2025-07-27,05454500,"Iowa River at Iowa City, IA",8100.0,229.3664573952,A,public observation
2025-07-28,05454500,"Iowa River at Iowa City, IA",8430.0,238.71101677056,A,public observation
2025-07-29,05454500,"Iowa River at Iowa City, IA",8880.0,251.45359773696,A,public observation
2025-07-30,05454500,"Iowa River at Iowa City, IA",9940.0,281.46945512448,A,public observation
2025-07-31,05454500,"Iowa River at Iowa City, IA",10100.0,286.0001505792,A,public observation
2025-08-01,05454500,"Iowa River at Iowa City, IA",9740.0,275.80608580608003,A,public observation
2025-08-02,05454500,"Iowa River at Iowa City, IA",10300.0,291.6635198976,A,public observation
2025-08-03,05454500,"Iowa River at Iowa City, IA",10300.0,291.6635198976,A,public observation
2025-08-04,05454500,"Iowa River at Iowa City, IA",10400.0,294.4952045568,A,public observation
2025-08-05,05454500,"Iowa River at Iowa City, IA",10400.0,294.4952045568,A,public observation
2025-08-06,05454500,"Iowa River at Iowa City, IA",10200.0,288.8318352384,A,public observation
2025-08-07,05454500,"Iowa River at Iowa City, IA",10300.0,291.6635198976,A,public observation
2025-08-08,05454500,"Iowa River at Iowa City, IA",10300.0,291.6635198976,A,public observation
2025-08-09,05454500,"Iowa River at Iowa City, IA",10200.0,288.8318352384,A,public observation
2025-08-10,05454500,"Iowa River at Iowa City, IA",10700.0,302.9902585344,A,public observation
2025-08-11,05454500,"Iowa River at Iowa City, IA",10600.0,300.15857387520003,A,public observation
2025-08-12,05454500,"Iowa River at Iowa City, IA",10400.0,294.4952045568,A,public observation
2025-08-13,05454500,"Iowa River at Iowa City, IA",10400.0,294.4952045568,A,public observation
2025-08-14,05454500,"Iowa River at Iowa City, IA",10100.0,286.0001505792,A,public observation
2025-08-15,05454500,"Iowa River at Iowa City, IA",9970.0,282.31896052224,A,public observation
2025-08-16,05454500,"Iowa River at Iowa City, IA",9650.0,273.2575696128,A,public observation
2025-08-17,05454500,"Iowa River at Iowa City, IA",8780.0,248.62191307776,A,public observation
2025-08-18,05454500,"Iowa River at Iowa City, IA",7030.0,199.06743154176002,A,public observation
2025-08-19,05454500,"Iowa River at Iowa City, IA",4930.0,139.60205369856,A,public observation
2025-08-20,05454500,"Iowa River at Iowa City, IA",4180.0,118.36441875456,A,public observation
2025-08-21,05454500,"Iowa River at Iowa City, IA",4140.0,117.23174489088001,A,public observation
2025-08-22,05454500,"Iowa River at Iowa City, IA",4100.0,116.0990710272,A,public observation
2025-08-23,05454500,"Iowa River at Iowa City, IA",3930.0,111.28520710656001,A,public observation
2025-08-24,05454500,"Iowa River at Iowa City, IA",3600.0,101.9406477312,A,public observation
2025-08-25,05454500,"Iowa River at Iowa City, IA",3260.0,92.31291988992,A,public observation
2025-08-26,05454500,"Iowa River at Iowa City, IA",3140.0,88.91489829888,A,public observation
2025-08-27,05454500,"Iowa River at Iowa City, IA",3210.0,90.89707756032,A,public observation
2025-08-28,05454500,"Iowa River at Iowa City, IA",3080.0,87.21588750336001,A,public observation
2025-08-29,05454500,"Iowa River at Iowa City, IA",2750.0,77.871328128,A,public observation
2025-08-30,05454500,"Iowa River at Iowa City, IA",2500.0,70.79211648,A,public observation
2025-08-31,05454500,"Iowa River at Iowa City, IA",2310.0,65.41191562752,A,public observation
2025-09-01,05454500,"Iowa River at Iowa City, IA",1940.0,54.93468238848,A,public observation
2025-09-02,05454500,"Iowa River at Iowa City, IA",1880.0,53.23567159296,A,public observation
2025-09-03,05454500,"Iowa River at Iowa City, IA",1940.0,54.93468238848,A,public observation
2025-09-04,05454500,"Iowa River at Iowa City, IA",1760.0,49.837650001920004,A,public observation
2025-09-05,05454500,"Iowa River at Iowa City, IA",1740.0,49.27131307008,A,public observation
2025-09-06,05454500,"Iowa River at Iowa City, IA",1650.0,46.722796876800004,A,public observation
2025-09-07,05454500,"Iowa River at Iowa City, IA",1470.0,41.62576449024,A,public observation
2025-09-08,05454500,"Iowa River at Iowa City, IA",1410.0,39.92675369472,A,public observation
2025-09-09,05454500,"Iowa River at Iowa City, IA",1400.0,39.6435852288,A,public observation
2025-09-10,05454500,"Iowa River at Iowa City, IA",1330.0,37.661405967360004,A,public observation
2025-09-11,05454500,"Iowa River at Iowa City, IA",1130.0,31.99803664896,A,public observation
2025-09-12,05454500,"Iowa River at Iowa City, IA",1020.0,28.88318352384,A,public observation
2025-09-13,05454500,"Iowa River at Iowa City, IA",959.0,27.155855881728,A,public observation
2025-09-14,05454500,"Iowa River at Iowa City, IA",947.0,26.816053722624,A,public observation
2025-09-15,05454500,"Iowa River at Iowa City, IA",941.0,26.646152643072,A,public observation
2025-09-16,05454500,"Iowa River at Iowa City, IA",893.0,25.286944006656,A,public observation
2025-09-17,05454500,"Iowa River at Iowa City, IA",782.0,22.143774034944002,A,public observation
2025-09-18,05454500,"Iowa River at Iowa City, IA",778.0,22.030506648576,A,public observation
2025-09-19,05454500,"Iowa River at Iowa City, IA",779.0,22.058823495168,A:e,public observation
2025-09-20,05454500,"Iowa River at Iowa City, IA",779.0,22.058823495168,A:e,public observation
2025-09-21,05454500,"Iowa River at Iowa City, IA",810.0,22.93664573952,A:e,public observation
2025-09-22,05454500,"Iowa River at Iowa City, IA",893.0,25.286944006656,A:e,public observation
2025-09-23,05454500,"Iowa River at Iowa City, IA",976.0,27.637242273792,A,public observation
2025-09-24,05454500,"Iowa River at Iowa City, IA",924.0,26.164766251008,A,public observation
2025-09-25,05454500,"Iowa River at Iowa City, IA",909.0,25.740013552128,A,public observation
2025-09-26,05454500,"Iowa River at Iowa City, IA",905.0,25.62674616576,A,public observation
2025-09-27,05454500,"Iowa River at Iowa City, IA",901.0,25.513478779392,A,public observation
2025-09-28,05454500,"Iowa River at Iowa City, IA",899.0,25.456845086208002,A,public observation
2025-09-29,05454500,"Iowa River at Iowa City, IA",899.0,25.456845086208002,A,public observation
2025-09-30,05454500,"Iowa River at Iowa City, IA",895.0,25.34357769984,A,public observation
2025-10-01,05454500,"Iowa River at Iowa City, IA",894.0,25.315260853248002,A,public observation
2025-10-02,05454500,"Iowa River at Iowa City, IA",894.0,25.315260853248002,A,public observation
2025-10-03,05454500,"Iowa River at Iowa City, IA",866.0,24.522389148672,A,public observation
2025-10-04,05454500,"Iowa River at Iowa City, IA",809.0,22.908328892928,A,public observation
2025-10-05,05454500,"Iowa River at Iowa City, IA",777.0,22.002189801984002,A,public observation
2025-10-06,05454500,"Iowa River at Iowa City, IA",720.0,20.388129546240002,A,public observation
2025-10-07,05454500,"Iowa River at Iowa City, IA",718.0,20.331495853056,A,public observation
2025-10-08,05454500,"Iowa River at Iowa City, IA",706.0,19.991693693952,A,public observation
2025-10-09,05454500,"Iowa River at Iowa City, IA",704.0,19.935060000768,A,public observation
2025-10-10,05454500,"Iowa River at Iowa City, IA",738.0,20.897832784896,A,public observation
2025-10-11,05454500,"Iowa River at Iowa City, IA",839.0,23.757834290688,A,public observation
2025-10-12,05454500,"Iowa River at Iowa City, IA",922.0,26.108132557824,A,public observation
2025-10-13,05454500,"Iowa River at Iowa City, IA",929.0,26.306350483968,A,public observation
2025-10-14,05454500,"Iowa River at Iowa City, IA",884.0,25.032092387328,A,public observation
2025-10-15,05454500,"Iowa River at Iowa City, IA",778.0,22.030506648576,A,public observation
2025-10-16,05454500,"Iowa River at Iowa City, IA",768.0,21.747338182656,A,public observation
2025-10-17,05454500,"Iowa River at Iowa City, IA",764.0,21.634070796288,A,public observation
2025-10-18,05454500,"Iowa River at Iowa City, IA",774.0,21.917239262208,A,public observation
2025-10-19,05454500,"Iowa River at Iowa City, IA",760.0,21.52080340992,A,public observation
2025-10-20,05454500,"Iowa River at Iowa City, IA",757.0,21.435852870144,A,public observation
2025-10-21,05454500,"Iowa River at Iowa City, IA",755.0,21.37921917696,A,public observation
2025-10-22,05454500,"Iowa River at Iowa City, IA",749.0,21.209318097408,A,public observation
2025-10-23,05454500,"Iowa River at Iowa City, IA",750.0,21.237634944,A,public observation
2025-10-24,05454500,"Iowa River at Iowa City, IA",750.0,21.237634944,A,public observation
2025-10-25,05454500,"Iowa River at Iowa City, IA",750.0,21.237634944,A,public observation
2025-10-26,05454500,"Iowa River at Iowa City, IA",750.0,21.237634944,A,public observation
2025-10-27,05454500,"Iowa River at Iowa City, IA",750.0,21.237634944,A,public observation
2025-10-28,05454500,"Iowa River at Iowa City, IA",751.0,21.265951790592002,A,public observation
2025-10-29,05454500,"Iowa River at Iowa City, IA",778.0,22.030506648576,A,public observation
2025-10-30,05454500,"Iowa River at Iowa City, IA",760.0,21.52080340992,A,public observation
2025-10-31,05454500,"Iowa River at Iowa City, IA",750.0,21.237634944,A,public observation
2025-11-01,05454500,"Iowa River at Iowa City, IA",750.0,21.237634944,A,public observation
2025-11-02,05454500,"Iowa River at Iowa City, IA",750.0,21.237634944,A,public observation
2025-11-03,05454500,"Iowa River at Iowa City, IA",748.0,21.181001250816,A,public observation
2025-11-04,05454500,"Iowa River at Iowa City, IA",750.0,21.237634944,A,public observation
2025-11-05,05454500,"Iowa River at Iowa City, IA",748.0,21.181001250816,A,public observation
2025-11-06,05454500,"Iowa River at Iowa City, IA",750.0,21.237634944,A,public observation
2025-11-07,05454500,"Iowa River at Iowa City, IA",750.0,21.237634944,A,public observation
2025-11-08,05454500,"Iowa River at Iowa City, IA",759.0,21.492486563328,A,public observation
2025-11-09,05454500,"Iowa River at Iowa City, IA",786.0,22.257041421312,A,public observation
2025-11-10,05454500,"Iowa River at Iowa City, IA",766.0,21.690704489472,A,public observation
2025-11-11,05454500,"Iowa River at Iowa City, IA",764.0,21.634070796288,A,public observation
2025-11-12,05454500,"Iowa River at Iowa City, IA",760.0,21.52080340992,A,public observation
2025-11-13,05454500,"Iowa River at Iowa City, IA",759.0,21.492486563328,A,public observation
2025-11-14,05454500,"Iowa River at Iowa City, IA",757.0,21.435852870144,A,public observation
2025-11-15,05454500,"Iowa River at Iowa City, IA",757.0,21.435852870144,A,public observation
2025-11-16,05454500,"Iowa River at Iowa City, IA",752.0,21.294268637184,A,public observation
2025-11-17,05454500,"Iowa River at Iowa City, IA",757.0,21.435852870144,A,public observation
2025-11-18,05454500,"Iowa River at Iowa City, IA",774.0,21.917239262208,A,public observation
2025-11-19,05454500,"Iowa River at Iowa City, IA",760.0,21.52080340992,A,public observation
2025-11-20,05454500,"Iowa River at Iowa City, IA",736.0,20.841199091712,A,public observation
2025-11-21,05454500,"Iowa River at Iowa City, IA",667.0,18.887336676864,A,public observation
2025-11-22,05454500,"Iowa River at Iowa City, IA",657.0,18.604168210944,A,public observation
2025-11-23,05454500,"Iowa River at Iowa City, IA",655.0,18.54753451776,A,public observation
2025-11-24,05454500,"Iowa River at Iowa City, IA",657.0,18.604168210944,A,public observation
2025-11-25,05454500,"Iowa River at Iowa City, IA",658.0,18.632485057536,A,public observation
2025-11-26,05454500,"Iowa River at Iowa City, IA",650.0,18.4059502848,A,public observation
2025-11-27,05454500,"Iowa River at Iowa City, IA",635.0,17.98119758592,A,public observation
2025-11-28,05454500,"Iowa River at Iowa City, IA",913.0,25.853280938496,A,public observation
2025-11-29,05454500,"Iowa River at Iowa City, IA",1780.0,50.40398693376,A,public observation
2025-11-30,05454500,"Iowa River at Iowa City, IA",1840.0,52.10299772928,A,public observation
2025-12-01,05454500,"Iowa River at Iowa City, IA",1850.0,52.386166195200005,A,public observation
2025-12-02,05454500,"Iowa River at Iowa City, IA",1840.0,52.10299772928,A,public observation
2025-12-03,05454500,"Iowa River at Iowa City, IA",1790.0,50.68715539968,A,public observation
2025-12-04,05454500,"Iowa River at Iowa City, IA",1620.0,45.87329147904,A,public observation
2025-12-05,05454500,"Iowa River at Iowa City, IA",1460.0,41.34259602432,A,public observation
2025-12-06,05454500,"Iowa River at Iowa City, IA",1290.0,36.52873210368,A,public observation
2025-12-07,05454500,"Iowa River at Iowa City, IA",1110.0,31.43169971712,A,public observation
2025-12-08,05454500,"Iowa River at Iowa City, IA",951.0,26.929321108992,A,public observation
2025-12-09,05454500,"Iowa River at Iowa City, IA",817.0,23.134863665664,A,public observation
2025-12-10,05454500,"Iowa River at Iowa City, IA",809.0,22.908328892928,A,public observation
2025-12-11,05454500,"Iowa River at Iowa City, IA",808.0,22.880012046336002,A,public observation
2025-12-12,05454500,"Iowa River at Iowa City, IA",773.0,21.888922415616,A,public observation
2025-12-13,05454500,"Iowa River at Iowa City, IA",685.0,19.39703991552,A,public observation
2025-12-14,05454500,"Iowa River at Iowa City, IA",671.0,19.000604063232,A,public observation
2025-12-15,05454500,"Iowa River at Iowa City, IA",622.0,17.613078580224002,A,public observation
2025-12-16,05454500,"Iowa River at Iowa City, IA",447.0,12.657630426624001,A,public observation
2025-12-17,05454500,"Iowa River at Iowa City, IA",490.0,13.875254830080001,A,public observation
2025-12-18,05454500,"Iowa River at Iowa City, IA",736.0,20.841199091712,A,public observation
2025-12-19,05454500,"Iowa River at Iowa City, IA",786.0,22.257041421312,A,public observation
2025-12-20,05454500,"Iowa River at Iowa City, IA",871.0,24.663973381632,A,public observation
2025-12-21,05454500,"Iowa River at Iowa City, IA",868.0,24.579022841856002,A,public observation
2025-12-22,05454500,"Iowa River at Iowa City, IA",867.0,24.550705995264,A,public observation
2025-12-23,05454500,"Iowa River at Iowa City, IA",926.0,26.221399944192,A,public observation
2025-12-24,05454500,"Iowa River at Iowa City, IA",1090.0,30.865362785280002,A,public observation
2025-12-25,05454500,"Iowa River at Iowa City, IA",1120.0,31.71486818304,A,public observation
2025-12-26,05454500,"Iowa River at Iowa City, IA",1140.0,32.28120511488,A,public observation
2025-12-27,05454500,"Iowa River at Iowa City, IA",1130.0,31.99803664896,A,public observation
2025-12-28,05454500,"Iowa River at Iowa City, IA",1200.0,33.9802159104,A,public observation
2025-12-29,05454500,"Iowa River at Iowa City, IA",1190.0,33.69704744448,A,public observation
2025-12-30,05454500,"Iowa River at Iowa City, IA",1140.0,32.28120511488,A,public observation
2025-12-31,05454500,"Iowa River at Iowa City, IA",1190.0,33.69704744448,A,public observation
