x_km,y_km,temperature_c
0.0,0.0,22.74062366400589
0.20408163265306123,0.0,22.85045656751551
0.40816326530612246,0.0,22.964327311397632
0.6122448979591837,0.0,23.081036689943282
0.8163265306122449,0.0,23.199356151970612
1.0204081632653061,0.0,23.31804067460318
1.2244897959183674,0.0,23.43584180591019
1.4285714285714286,0.0,23.55152074013248
1.6326530612244898,0.0,23.66386128897224
1.836734693877551,0.0,23.77168261362522
2.0408163265306123,0.0,23.873851584865378
2.2448979591836737,0.0,23.96929464251736
2.4489795918367347,0.0,24.05700903101569
2.6530612244897958,0.0,24.136073294375294
2.857142857142857,0.0,24.205656921693322
3.0612244897959187,0.0,24.265029043159416
3.2653061224489797,0.0,24.313566086355376
3.4693877551020407,0.0,24.350758313256083
3.673469387755102,0.0,24.376215169686397
3.8775510204081636,0.0,24.38966939093807
4.081632653061225,0.0,24.390979819714918
4.285714285714286,0.0,24.380132905476973
4.4897959183673475,0.0,24.35724286753231
4.6938775510204085,0.0,24.322550517819867
4.8979591836734695,0.0,24.276420753177206
5.1020408163265305,0.0,24.219338740912352
5.3061224489795915,0.0,24.15190483558953
5.510204081632653,0.0,24.074828278942682
5.714285714285714,0.0,23.98891974855074
5.918367346938775,0.0,23.89508283410477
6.122448979591837,0.0,23.794304532496152
6.326530612244898,0.0,23.687644864273036
6.530612244897959,0.0,23.576225723977263
6.73469387755102,0.0,23.461219085255166
6.938775510204081,0.0,23.34383468826677
7.142857142857143,0.0,23.225307341716185
7.346938775510204,0.0,23.106883974797878
7.551020408163265,0.0,22.989810575589615
7.755102040816327,0.0,22.87531915208045
7.959183673469388,0.0,22.764614850297946
8.16326530612245,0.0,22.658863361098117
8.36734693877551,0.0,22.559178743288168
8.571428571428571,0.0,22.466611786003064
8.775510204081632,0.0,22.382139027730823
8.979591836734695,0.0,22.306652543094163
9.183673469387756,0.0,22.24095060141288
9.387755102040817,0.0,22.185729293125792
9.591836734693878,0.0,22.141575211268094
9.795918367346939,0.0,22.108959265322916
10.0,0.0,22.08823169387657
0.0,0.16326530612244897,22.735725659504148
0.20408163265306123,0.16326530612244897,22.845558535877633
0.40816326530612246,0.16326530612244897,22.959429237971783
0.6122448979591837,0.16326530612244897,23.07613855311175
0.8163265306122449,0.16326530612244897,23.19445792035117
1.0204081632653061,0.16326530612244897,23.313142303379934
1.2244897959183674,0.16326530612244897,23.43094323213811
1.4285714285714286,0.16326530612244897,23.546621876882156
1.6326530612244898,0.16326530612244897,23.658962018231538
1.836734693877551,0.16326530612244897,23.7667827779589
2.0408163265306123,0.16326530612244897,23.868950977958562
2.2448979591836737,0.16326530612244897,23.96439299889585
2.4489795918367347,0.16326530612244897,24.052106015442284
2.6530612244897958,0.16326530612244897,24.131168491656627
2.857142857142857,0.16326530612244897,24.200749827876972
3.0612244897959187,0.16326530612244897,24.26011905932895
3.2653061224489797,0.16326530612244897,24.308652516405722
3.4693877551020407,0.16326530612244897,24.345840367112448
3.673469387755102,0.16326530612244897,24.371291973375556
3.8775510204081636,0.16326530612244897,24.384740004695885
4.081632653061225,0.16326530612244897,24.38604326489571
4.285714285714286,0.16326530612244897,24.375188200417213
4.4897959183673475,0.16326530612244897,24.352289071737133
4.6938775510204085,0.16326530612244897,24.317586782940438
4.8979591836734695,0.16326530612244897,24.271446378312007
5.1020408163265305,0.16326530612244897,24.214353228901317
5.3061224489795915,0.16326530612244897,24.146907946293013
5.510204081632653,0.16326530612244897,24.069820075120457
5.714285714285714,0.16326530612244897,23.983900629972133
5.918367346938775,0.16326530612244897,23.89005355598422
6.122448979591837,0.16326530612244897,23.789266205263072
6.326530612244898,0.16326530612244897,23.682598932996598
6.530612244897959,0.16326530612244897,23.571173927365123
6.73469387755102,0.16326530612244897,23.45616339587233
6.938775510204081,0.16326530612244897,23.338777237291655
7.142857142857143,0.16326530612244897,23.22025033297506
7.346938775510204,0.16326530612244897,23.101829593828903
7.551020408163265,0.16326530612244897,22.984760899961543
7.755102040816327,0.16326530612244897,22.870276069071185
7.959183673469388,0.16326530612244897,22.759579987338874
8.16326530612245,0.16326530612244897,22.653838033196934
8.36734693877551,0.16326530612244897,22.554163920098
8.571428571428571,0.16326530612244897,22.461608079489277
8.775510204081632,0.16326530612244897,22.377146699690016
8.979591836734695,0.16326530612244897,22.30167153027945
9.183673469387756,0.16326530612244897,22.235980554856525
9.387755102040817,0.16326530612244897,22.180769627513005
9.591836734693878,0.16326530612244897,22.136625159935072
9.795918367346939,0.16326530612244897,22.104017936602478
10.0,0.16326530612244897,22.083298125024104
0.0,0.32653061224489793,22.730827641568165
0.20408163265306123,0.32653061224489793,22.84066048276118
0.40816326530612246,0.32653061224489793,22.95453113067959
0.6122448979591837,0.32653061224489793,23.071240363617683
0.8163265306122449,0.32653061224489793,23.189559607969937
1.0204081632653061,0.32653061224489793,23.30824381001028
1.2244897959183674,0.32653061224489793,23.426044476175345
1.4285714285714286,0.32653061224489793,23.541722745627233
1.6326530612244898,0.32653061224489793,23.6540623586884
1.836734693877551,0.32653061224489793,23.761882386021664
2.0408163265306123,0.32653061224489793,23.864049586151676
2.2448979591836737,0.32653061224489793,23.95949026304703
2.4489795918367347,0.32653061224489793,24.047201500935476
2.6530612244897958,0.32653061224489793,24.126261660217125
2.857142857142857,0.32653061224489793,24.19584002615898
3.0612244897959187,0.32653061224489793,24.255205510871203
3.2653061224489797,0.32653061224489793,24.303734318747402
3.4693877551020407,0.32653061224489793,24.340916495966287
3.673469387755102,0.32653061224489793,24.366361295684726
3.8775510204081636,0.32653061224489793,24.379801302109367
4.081632653061225,0.32653061224489793,24.381095268654768
4.285714285714286,0.32653061224489793,24.37022963785063
4.4897959183673475,0.32653061224489793,24.347318723546543
4.6938775510204085,0.32653061224489793,24.31260354928959
4.8979591836734695,0.32653061224489793,24.266449350521743
5.1020408163265305,0.32653061224489793,24.20934176243175
5.3061224489795915,0.32653061224489793,24.141881729816685
5.510204081632653,0.32653061224489793,24.064779190001858
5.714285714285714,0.32653061224489793,23.97884559448957
5.918367346938775,0.32653061224489793,23.88498534923048
6.122448979591837,0.32653061224489793,23.784186266847037
6.326530612244898,0.32653061224489793,23.677509136368684
6.530612244897959,0.32653061224489793,23.566076526661398
6.73469387755102,0.32653061224489793,23.451060948411698
6.938775510204081,0.32653061224489793,23.33367250602632
7.142857142857143,0.32653061224489793,23.21514617504107
7.346938775510204,0.32653061224489793,23.096728842652794
7.551020408163265,0.32653061224489793,22.979666248993635
7.755102040816327,0.32653061224489793,22.865189965060463
7.959183673469388,0.32653061224489793,22.75450454015804
8.16326530612245,0.32653061224489793,22.648774947679048
8.36734693877551,0.32653061224489793,22.549114453343464
8.571428571428571,0.32653061224489793,22.45657302487656
8.775510204081632,0.32653061224489793,22.37212639662358
8.979591836734695,0.32653061224489793,22.296665896763294
9.183673469387756,0.32653061224489793,22.23098913847373
9.387755102040817,0.32653061224489793,22.175791669436073
9.591836734693878,0.32653061224489793,22.13165966622777
9.795918367346939,0.32653061224489793,22.099063751268755
10.0,0.32653061224489793,22.07835399992006
0.0,0.4897959183673469,22.7259296069616
0.20408163265306123,0.4897959183673469,22.835762402991918
0.40816326530612246,0.4897959183673469,22.949632981362583
0.6122448979591837,0.4897959183673469,23.066342108774556
0.8163265306122449,0.4897959183673469,23.184661195371223
1.0204081632653061,0.4897959183673469,23.303345165068865
1.2244897959183674,0.4897959183673469,23.421145494131757
1.4285714285714286,0.4897959183673469,23.5368232818048
1.6326530612244898,0.4897959183673469,23.649162216679454
1.836734693877551,0.4897959183673469,23.75698130380662
2.0408163265306123,0.4897959183673469,23.859147220360544
2.2448979591836737,0.4897959183673469,23.954586171850906
2.4489795918367347,0.4897959183673469,24.04229512639886
2.6530612244897958,0.4897959183673469,24.121352311333414
2.857142857142857,0.4897959183673469,24.1909268641998
3.0612244897959187,0.4897959183673469,24.250287539059524
3.2653061224489797,0.4897959183673469,24.298810378555075
3.4693877551020407,0.4897959183673469,24.335985272471277
3.673469387755102,0.4897959183673469,24.361421334332796
3.8775510204081636,0.4897959183673469,24.3748510388504
4.081632653061225,0.4897959183673469,24.376133074728095
4.285714285714286,0.4897959183673469,24.365253879472945
4.4897959183673475,0.4897959183673469,24.3423278354516
4.6938775510204085,0.4897959183673469,24.30759611956983
4.8979591836734695,0.4897959183673469,24.261424212666277
5.1020408163265305,0.4897959183673469,24.204298089016742
5.3061224489795915,0.4897959183673469,24.136819121177556
5.510204081632653,0.4897959183673469,24.059697750589745
5.714285714285714,0.4897959183673469,23.973745989640832
5.918367346938775,0.4897959183673469,23.879868835849038
6.122448979591837,0.4897959183673469,23.779054693021326
6.326530612244898,0.4897959183673469,23.67236490712834
6.530612244897959,0.4897959183673469,23.560922535738772
6.73469387755102,0.4897959183673469,23.445900478748104
6.938775510204081,0.4897959183673469,23.328509104543475
7.142857142857143,0.4897959183673469,23.209983509568563
7.346938775510204,0.4897959183673469,23.091570550583295
7.551020408163265,0.4897959183673469,22.974515788026274
7.755102040816327,0.4897959183673469,22.86005047619315
7.959183673469388,0.4897959183673469,22.749378731925965
8.16326530612245,0.4897959183673469,22.643665008650437
8.36734693877551,0.4897959183673469,22.544021997312683
8.571428571428571,0.4897959183673469,22.451499070338002
8.775510204081632,0.4897959183673469,22.367071379285495
8.979591836734695,0.4897959183673469,22.29162971136384
9.183673469387756,0.4897959183673469,22.225971204225676
9.387755102040817,0.4897959183673469,22.170791012199604
9.591836734693878,0.4897959183673469,22.12667501004379
9.795918367346939,0.4897959183673469,22.094093612134944
10.0,0.4897959183673469,22.073396775539905
0.0,0.6530612244897959,22.721031551908805
0.20408163265306123,0.6530612244897959,22.830864290533373
0.40816326530612246,0.6530612244897959,22.944734780502746
0.6122448979591837,0.6530612244897959,23.06144377378175
0.8163265306122449,0.6530612244897959,23.179762659857214
1.0204081632653061,0.6530612244897959,23.298446334226877
1.2244897959183674,0.6530612244897959,23.416246234803303
1.4285714285714286,0.6530612244897959,23.53192341009313
1.6326530612244898,0.6530612244897959,23.64426148293316
1.836734693877551,0.6530612244897959,23.7520793749758
2.0408163265306123,0.6530612244897959,23.854243659991795
2.2448979591836737,0.6530612244897959,23.949680418340886
2.4489795918367347,0.6530612244897959,24.037386470562552
2.6530612244897958,0.6530612244897959,24.116439874840736
2.857142857142857,0.6530612244897959,24.186009580953332
3.0612244897959187,0.6530612244897959,24.245364142068123
3.2653061224489797,0.6530612244897959,24.29387939522772
3.4693877551020407,0.6530612244897959,24.331045031426584
3.673469387755102,0.6530612244897959,24.356469986704578
3.8775510204081636,0.6530612244897959,24.36988659659362
4.081632653061225,0.6530612244897959,24.371153467544886
4.285714285714286,0.6530612244897959,24.360257030681257
4.4897959183673475,0.6530612244897959,24.337311755460558
4.6938775510204085,0.6530612244897959,24.30255901372094
4.8979591836734695,0.6530612244897959,24.256364598221758
5.1020408163265305,0.6530612244897959,24.199214914248227
5.3061224489795915,0.6530612244897959,24.131711878076263
5.510204081632653,0.6530612244897959,24.054566571922244
5.714285714285714,0.6530612244897959,23.968591721108076
5.918367346938775,0.6530612244897959,23.874693075086284
6.122448979591837,0.6530612244897959,23.77385978911128
6.326530612244898,0.6530612244897959,23.66715391707488
6.530612244897959,0.6530612244897959,23.55569913772985
6.73469387755102,0.6530612244897959,23.440668845690436
6.938775510204081,0.6530612244897959,23.32327374488606
7.142857142857143,0.6530612244897959,23.204749085444927
7.346938775510204,0.6530612244897959,23.086341685438963
7.551020408163265,0.6530612244897959,22.96929687690049
7.755102040816327,0.6530612244897959,22.85484551157011
7.959183673469388,0.6530612244897959,22.744191156591775
8.16326530612245,0.6530612244897959,22.638497604467496
8.36734693877551,0.6530612244897959,22.538876815555366
8.571428571428571,0.6530612244897959,22.446377405602124
8.775510204081632,0.6530612244897959,22.361973785394508
8.979591836734695,0.6530612244897959,22.286556054520705
9.183673469387756,0.6530612244897959,22.220920746198807
9.387755102040817,0.6530612244897959,22.16576251477175
9.591836734693878,0.6530612244897959,22.121666851358885
9.795918367346939,0.6530612244897959,22.089103905895712
10.0,0.6530612244897959,22.068423485086754
0.0,0.8163265306122448,22.716133472076745
0.20408163265306123,0.8163265306122448,22.82596613845791
0.40816326530612246,0.8163265306122448,22.93983651717693
0.6122448979591837,0.8163265306122448,23.056545341653653
0.8163265306122449,0.8163265306122448,23.174863975379242
1.0204081632653061,0.8163265306122448,23.293547278087583
1.2244897959183674,0.8163265306122448,23.41134663942675
1.4285714285714286,0.8163265306122448,23.52702304405082
1.6326530612244898,0.8163265306122448,23.639360032046355
1.836734693877551,0.8163265306122448,23.747176420111266
2.0408163265306123,0.8163265306122448,23.849338651886125
2.2448979591836737,0.8163265306122448,23.944772650233265
2.4489795918367347,0.8163265306122448,24.032475049965086
2.6530612244897958,0.8163265306122448,24.11152369640158
2.857142857142857,0.8163265306122448,24.18108730302114
3.0612244897959187,0.8163265306122448,24.24043417017285
3.2653061224489797,0.8163265306122448,24.288939876158118
3.4693877551020407,0.8163265306122448,24.326093861799738
3.673469387755102,0.8163265306122448,24.35150483977832
3.8775510204081636,0.8163265306122448,24.364904970473386
4.081632653061225,0.8163265306122448,24.366152756823446
4.285714285714286,0.8163265306122448,24.35523462191706
4.4897959183673475,0.8163265306122448,24.332265144813675
4.6938775510204085,0.8163265306122448,24.297485942667937
4.8979591836734695,0.8163265306122448,24.25126320078198
5.1020408163265305,0.8163265306122448,24.194083866853344
5.3061224489795915,0.8163265306122448,24.12655054141259
5.510204081632653,0.8163265306122448,24.04937511307249
5.714285714285714,0.8163265306122448,23.963371204361305
5.918367346938775,0.8163265306122448,23.86944551101815
6.122448979591837,0.8163265306122448,23.76858813397131
6.326530612244898,0.8163265306122448,23.66186201800999
6.530612244897959,0.8163265306122448,23.550391623628318
6.73469387755102,0.8163265306122448,23.435350968029148
6.938775510204081,0.8163265306122448,23.31795117741171
7.142857142857143,0.8163265306122448,23.19942769531154
7.346938775510204,0.8163265306122448,23.081027291112886
7.551020408163265,0.8163265306122448,22.963995009405675
7.755102040816327,0.8163265306122448,22.849561195327155
7.959183673469388,0.8163265306122448,22.738928724242843
8.16326530612245,0.8163265306122448,22.633260556902293
8.36734693877551,0.8163265306122448,22.533667734240634
8.571428571428571,0.8163265306122448,22.44119791974754
8.775510204081632,0.8163265306122448,22.356824591970135
8.979591836734695,0.8163265306122448,22.281436985147018
9.183673469387756,0.8163265306122448,22.215830871833685
9.387755102040817,0.8163265306122448,22.160700277156234
9.591836734693878,0.8163265306122448,22.116630209436174
9.795918367346939,0.8163265306122448,22.08409048581774
10.0,0.8163265306122448,22.063430723779028
0.0,0.9795918367346939,22.711235362579473
0.20408163265306123,0.9795918367346939,22.82106793895392
0.40816326530612246,0.9795918367346939,22.93493817906817
0.6122448979591837,0.9795918367346939,23.051646793237246
0.8163265306122449,0.9795918367346939,23.169965112564793
1.0204081632653061,0.9795918367346939,23.288647952227144
1.2244897959183674,0.9795918367346939,23.406446641740562
1.4285714285714286,0.9795918367346939,23.522122086206387
1.6326530612244898,0.9795918367346939,23.634457722614183
1.836734693877551,0.9795918367346939,23.742272236900998
2.0408163265306123,0.9795918367346939,23.844431910580617
2.2448979591836737,0.9795918367346939,23.939862470292258
2.4489795918367347,0.9795918367346939,24.02756031945438
2.6530612244897958,0.9795918367346939,24.106603038183717
2.857142857142857,0.9795918367346939,24.176159045557455
3.0612244897959187,0.9795918367346939,24.235496326942556
3.2653061224489797,0.9795918367346939,24.283990138279503
3.4693877551020407,0.9795918367346939,24.32112960870685
3.673469387755102,0.9795918367346939,24.34652317262602
3.8775510204081636,0.9795918367346939,24.359902772197426
4.081632653061225,0.9795918367346939,24.361126781395026
4.285714285714286,0.9795918367346939,24.350181613297575
4.4897959183673475,0.9795918367346939,24.327181983515167
4.6938775510204085,0.9795918367346939,24.292369814837738
4.8979591836734695,0.9795918367346939,24.246111781629228
5.1020408163265305,0.9795918367346939,24.188895507368677
5.3061224489795915,0.9795918367346939,24.12132444508689
5.510204081632653,0.9795918367346939,24.04411148807102
5.714285714285714,0.9795918367346939,23.958071376662165
5.918367346938775,0.9795918367346939,23.86411198556045
6.122448979591837,0.9795918367346939,23.76322459389178
6.326530612244898,0.9795918367346939,23.65647325639798
6.530612244897959,0.9795918367346939,23.544983407530314
6.73469387755102,0.9795918367346939,23.429929840163293
6.938775510204081,0.9795918367346939,23.312524206594304
7.142857142857143,0.9795918367346939,23.194002191321516
7.346938775510204,0.9795918367346939,23.075610503070088
7.551020408163265,0.9795918367346939,22.95859382831078
7.755102040816327,0.9795918367346939,22.84418188101306
7.959183673469388,0.9795918367346939,22.73357667466848
8.16326530612245,0.9795918367346939,22.627940133761527
8.36734693877551,0.9795918367346939,22.52838215373525
8.571428571428571,0.9795918367346939,22.435949211679812
8.775510204081632,0.9795918367346939,22.351613624682194
8.979591836734695,0.9795918367346939,22.27626354885792
9.183673469387756,0.9795918367346939,22.210693809067003
9.387755102040817,0.9795918367346939,22.155597646505885
9.591836734693878,0.9795918367346939,22.11155946798715
9.795918367346939,0.9795918367346939,22.079048676036546
10.0,0.9795918367346939,22.058414652378456
0.0,1.1428571428571428,22.706337218011843
0.20408163265306123,1.1428571428571428,22.81616968337969
0.40816326530612246,1.1428571428571428,22.930039752550663
0.6122448979591837,1.1428571428571428,23.046748107344253
0.8163265306122449,1.1428571428571428,23.1650660389201
1.0204081632653061,1.1428571428571428,23.28374830750108
1.2244897959183674,1.1428571428571428,23.401546168442003
1.4285714285714286,1.1428571428571428,23.517220428730663
1.6326530612244898,1.1428571428571428,23.629554398205585
1.836734693877551,1.1428571428571428,23.737366601534546
2.0408163265306123,1.1428571428571428,23.839523120277992
2.2448979591836737,1.1428571428571428,23.93494943907032
2.4489795918367347,1.1428571428571428,24.02264167594846
2.6530612244897958,1.1428571428571428,24.101677083950097
2.857142857142857,1.1428571428571428,24.17122371906313
3.0612244897959187,1.1428571428571428,24.23054917818245
3.2653061224489797,1.1428571428571428,24.27902831967614
3.4693877551020407,1.1428571428571428,24.31614988827801
3.673469387755102,1.1428571428571428,24.34152197518372
3.8775510204081636,1.1428571428571428,24.35487625342085
4.081632653061225,1.1428571428571428,24.35607093790952
4.285714285714286,1.1428571428571428,24.345092429383243
4.4897959183673475,1.1428571428571428,24.322055611862
4.6938775510204085,1.1428571428571428,24.2872027850802
4.8979591836734695,1.1428571428571428,24.240901226568845
5.1020408163265305,1.1428571428571428,24.18363939325815
5.3061224489795915,1.1428571428571428,24.116021789579907
5.510204081632653,1.1428571428571428,24.03876254790083
5.714285714285714,1.1428571428571428,23.95267778717691
5.918367346938775,1.1428571428571428,23.85867683613806
6.122448979591837,1.1428571428571428,23.75775242699851
6.326530612244898,1.1428571428571428,23.650969983420836
6.530612244897959,1.1428571428571428,23.539456141051836
6.73469387755102,1.1428571428571428,23.424386649413197
6.938775510204081,1.1428571428571428,23.30697380964684
7.142857142857143,1.1428571428571428,23.18845360343365
7.346938775510204,1.1428571428571428,23.070072664687068
7.551020408163265,1.1428571428571428,22.953075238204242
7.755102040816327,1.1428571428571428,22.838690259526228
7.959183673469388,1.1428571428571428,22.72811867918282
8.16326530612245,1.1428571428571428,22.622521143617714
8.36734693877551,1.1428571428571428,22.523006135521854
8.571428571428571,1.1428571428571428,22.430618668781573
8.775510204081632,1.1428571428571428,22.346329628038138
8.979591836734695,1.1428571428571428,22.27102583974215
9.183673469387756,1.1428571428571428,22.205500959946953
9.387755102040817,1.1428571428571428,22.15044726301712
9.591836734693878,1.1428571428571428,22.1064484139155
9.795918367346939,1.1428571428571428,22.073973303812814
10.0,1.1428571428571428,22.053371023674952
0.0,1.3061224489795917,22.701439032519016
0.20408163265306123,1.3061224489795917,22.81127136237454
0.40816326530612246,1.3061224489795917,22.925141222864948
0.6122448979591837,1.3061224489795917,23.041849261023543
0.8163265306122449,1.3061224489795917,23.160166719247965
1.0204081632653061,1.3061224489795917,23.278848290676155
1.2244897959183674,1.3061224489795917,23.396645140129642
1.4285714285714286,1.3061224489795917,23.512317954823214
1.6326530612244898,1.3061224489795917,23.624649889374616
1.836734693877551,1.3061224489795917,23.732459271580687
2.0408163265306123,1.3061224489795917,23.834611938907006
2.2448979591836737,1.3061224489795917,23.930033080558374
2.4489795918367347,1.3061224489795917,24.017718466189624
2.6530612244897958,1.3061224489795917,24.096744949553706
2.857142857142857,1.3061224489795917,24.16628014339394
3.0612244897959187,1.3061224489795917,24.225591170374415
3.2653061224489797,1.3061224489795917,24.27405240352306
3.4693877551020407,1.3061224489795917,24.311152118308094
3.673469387755102,1.3061224489795917,24.336497986953614
3.8775510204081636,1.3061224489795917,24.34982135394083
4.081632653061225,1.3061224489795917,24.350980240023436
4.285714285714286,1.3061224489795917,24.339961030864377
4.4897959183673475,1.3061224489795917,24.31687881607156
4.6938775510204085,1.3061224489795917,24.28197635553778
4.8979591836734695,1.3061224489795917,24.235621663115733
5.1020408163265305,1.3061224489795917,24.178304213178777
5.3061224489795915,1.3061224489795917,24.11062979366604
5.510204081632653,1.3061224489795917,24.03331404956193
5.714285714285714,1.3061224489795917,23.947174782779143
5.918367346938775,1.3061224489795917,23.853123097067737
6.122448979591837,1.3061224489795917,23.752153498512765
6.326530612244898,1.3061224489795917,23.645333081899302
6.530612244897959,1.3061224489795917,23.53378994924457
6.73469387755102,1.3061224489795917,23.418701017906024
6.938775510204081,1.3061224489795917,23.30127938110846
7.142857142857143,1.3061224489795917,23.182761383321292
7.346938775510204,1.3061224489795917,23.064393567130853
7.551020408163265,1.3061224489795917,22.947419638157214
7.755102040816327,1.3061224489795917,22.833067581667834
7.959183673469388,1.3061224489795917,22.722537050572257
8.16326530612245,1.3061224489795917,22.616987131134195
8.36734693877551,1.3061224489795917,22.517524581414577
8.571428571428571,1.3061224489795917,22.425192629080318
8.775510204081632,1.3061224489795917,22.340960410101484
8.979591836734695,1.3061224489795917,22.2657131277281
9.183673469387756,1.3061224489795917,22.200243011182096
9.387755102040817,1.3061224489795917,22.145241154559223
9.591836734693878,1.3061224489795917,22.101290317202498
9.795918367346939,1.3061224489795917,22.06885876604131
10.0,1.3061224489795917,22.048295237095473
0.0,1.4693877551020407,22.696540799907698
0.20408163265306123,1.4693877551020407,22.806372966036683
0.40816326530612246,1.4693877551020407,22.920242574398376
0.6122448979591837,1.4693877551020407,23.036950229997277
0.8163265306122449,1.4693877551020407,23.15526711631658
1.0204081632653061,1.4693877551020407,23.273947845441917
1.2244897959183674,1.4693877551020407,23.391743472812152
1.4285714285714286,1.4693877551020407,23.507414540931844
1.6326530612244898,1.4693877551020407,23.619744016880343
1.836734693877551,1.4693877551020407,23.72754999059422
2.0408163265306123,1.4693877551020407,23.829698004622642
2.2448979591836737,1.4693877551020407,23.925112891231166
2.4489795918367347,1.4693877551020407,24.012789999157956
2.6530612244897958,1.4693877551020407,24.0918056997385
2.857142857142857,1.4693877551020407,24.161327070186235
3.0612244897959187,1.4693877551020407,24.220620660197635
3.2653061224489797,1.4693877551020407,24.26906025641069
3.4693877551020407,1.4693877551020407,24.306133567325002
3.673469387755102,1.4693877551020407,24.331447758961517
3.8775510204081636,1.4693877551020407,24.34473377885039
4.081632653061225,1.4693877551020407,24.345849413152646
4.285714285714286,1.4693877551020407,24.334781029322897
4.4897959183673475,1.4693877551020407,24.311643965361224
4.6938775510204085,1.4693877551020407,24.276681537125665
4.8979591836734695,1.4693877551020407,24.230262648095806
5.1020408163265305,1.4693877551020407,24.17287800192394
5.3061224489795915,1.4693877551020407,24.105134937288014
5.510204081632653,1.4693877551020407,24.027750926723314
5.714285714285714,1.4693877551020407,23.941545805497682
5.918367346938775,1.4693877551020407,23.847432821947763
6.122448979591837,1.4693877551020407,23.74640862535659
6.326530612244898,1.4693877551020407,23.639542329566265
6.530612244897959,1.4693877551020407,23.527963808268733
6.73469387755102,1.4693877551020407,23.41285138980539
6.938775510204081,1.4693877551020407,23.295419124398812
7.142857142857143,1.4693877551020407,23.176903794840975
7.346938775510204,1.4693877551020407,23.05855183337644
7.551020408163265,1.4693877551020407,22.94160629418933
7.755102040816327,1.4693877551020407,22.827294014422666
7.959183673469388,1.4693877551020407,22.7168130791959
8.16326530612245,1.4693877551020407,22.611320689756933
8.36734693877551,1.4693877551020407,22.511921520461655
8.571428571428571,1.4693877551020407,22.419656640859387
8.775510204081632,1.4693877551020407,22.33549307416852
8.979591836734695,1.4693877551020407,22.26031406248152
9.183673469387756,1.4693877551020407,22.194910111116766
9.387755102040817,1.4693877551020407,22.139970888164402
9.591836734693878,1.4693877551020407,22.09607805879386
9.795918367346939,1.4693877551020407,22.063699135723624
10.0,1.4693877551020407,22.043182426126197
0.0,1.6326530612244896,22.69164251380388
0.20408163265306123,1.6326530612244896,22.801474484175397
0.40816326530612246,1.6326530612244896,22.915343791082737
0.6122448979591837,1.6326530612244896,23.03205098927921
0.8163265306122449,1.6326530612244896,23.150367191807725
1.0204081632653061,1.6326530612244896,23.269046913844818
1.2244897959183674,1.6326530612244896,23.3868410800474
1.4285714285714286,1.6326530612244896,23.502510059899162
1.6326530612244898,1.6326530612244896,23.614836596251667
1.836734693877551,1.6326530612244896,23.722638494646997
2.0408163265306123,1.6326530612244896,23.824780945021423
2.2448979591836737,1.6326530612244896,23.920188352870827
2.4489795918367347,1.6326530612244896,24.007855563669914
2.6530612244897958,1.6326530612244896,24.08685837195815
2.857142857142857,1.6326530612244896,24.156363214649733
3.0612244897959187,1.6326530612244896,24.215635956380023
3.2653061224489797,1.6326530612244896,24.264049682677623
3.4693877551020407,1.6326530612244896,24.30109142415364
3.673469387755102,1.6326530612244896,24.326367741593913
3.8775510204081636,1.6326530612244896,24.33960910791933
4.081632653061225,1.6326530612244896,24.340673028803295
4.285714285714286,1.6326530612244896,24.32954584992988
4.4897959183673475,1.6326530612244896,24.306343206285963
4.6938775510204085,1.6326530612244896,24.271309078462068
4.8979591836734695,1.6326530612244896,24.224813433608382
5.1020408163265305,1.6326530612244896,24.16734844514829
5.3061224489795915,1.6326530612244896,24.09952330588006
5.510204081632653,1.6326530612244896,24.022057673425962
5.714285714285714,1.6326530612244896,23.935773814208012
5.918367346938775,1.6326530612244896,23.84158754070939
6.122448979591837,1.6326530612244896,23.740498064699405
6.326530612244898,1.6326530612244896,23.63357691407895
6.530612244897959,1.6326530612244896,23.521956080819397
6.73469387755102,1.6326530612244896,23.406815580286384
6.938775510204081,1.6326530612244896,23.28937060692422
7.142857142857143,1.6326530612244896,23.170858467599437
7.346938775510204,1.6326530612244896,23.052525462627933
7.551020408163265,1.6326530612244896,22.935613867313055
7.755102040816327,1.6326530612244896,22.821349146058044
7.959183673469388,1.6326530612244896,22.710927509474907
8.16326530612245,1.6326530612244896,22.605503905017347
8.36734693877551,1.6326530612244896,22.506180515686932
8.571428571428571,1.6326530612244896,22.413995830708263
8.775510204081632,1.6326530612244896,22.329914347216185
8.979591836734695,1.6326530612244896,22.25481696247108
9.183673469387756,1.6326530612244896,22.189492120628902
9.387755102040817,1.6326530612244896,22.13462778479507
9.591836734693878,1.6326530612244896,22.09080431190488
9.795918367346939,1.6326530612244896,22.058488312914506
10.0,1.6326530612244896,22.03802758225087
0.0,1.7959183673469385,22.686744167859786
0.20408163265306123,1.7959183673469385,22.7965759066419
0.40816326530612246,1.7959183673469385,22.910444856915923
0.6122448979591837,1.7959183673469385,23.027151513985885
0.8163265306122449,1.7959183673469385,23.14546690756084
1.0204081632653061,1.7959183673469385,23.264145438169738
1.2244897959183674,1.7959183673469385,23.381937875748896
1.4285714285714286,1.7959183673469385,23.49760438509095
1.6326530612244898,1.7959183673469385,23.609927443776467
1.836734693877551,1.7959183673469385,23.717724520896766
2.0408163265306123,1.7959183673469385,23.819860389232073
2.2448979591836737,1.7959183673469385,23.9152589493916
2.4489795918367347,1.7959183673469385,24.00291445146802
2.6530612244897958,1.7959183673469385,24.081902007626557
2.857142857142857,1.7959183673469385,24.151387297280227
3.0612244897959187,1.7959183673469385,24.210635374607953
3.2653061224489797,1.7959183673469385,24.25901849569616
3.4693877551020407,1.7959183673469385,24.296022889185046
3.673469387755102,1.7959183673469385,24.3212543998416
3.8775510204081636,1.7959183673469385,24.33444293910378
4.081632653061225,1.7959183673469385,24.335445680816207
4.285714285714286,1.7959183673469385,24.32424894490748
4.4897959183673475,1.7959183673469385,24.300968717712482
4.6938775510204085,1.7959183673469385,24.265849766228527
4.8979591836734695,1.7959183673469385,24.21926331597331
5.1020408163265305,1.7959183673469385,24.16170327917189
5.3061224489795915,1.7959183673469385,24.09378104212566
5.510204081632653,1.7959183673469385,24.016218847507673
5.714285714285714,1.7959183673469385,23.929841837898625
5.918367346938775,1.7959183673469385,23.83556885927604
6.122448979591837,1.7959183673469385,23.734402154939378
6.326530612244898,1.7959183673469385,23.62741610872368
6.530612244897959,1.7959183673469385,23.51574521861489
6.73469387755102,1.7959183673469385,23.400571495800037
6.938775510204081,1.7959183673469385,23.28311148838635
7.142857142857143,1.7959183673469385,23.16460312324286
7.346938775510204,1.7959183673469385,23.04629254460821
7.551020408163265,1.7959183673469385,22.929421106336715
7.755102040816327,1.7959183673469385,22.81521264882212
7.959183673469388,1.7959183673469385,22.704861165054446
8.16326530612245,1.7959183673469385,22.599518936153093
8.36734693877551,1.7959183673469385,22.500285197741583
8.571428571428571,1.7959183673469385,22.408195386410718
8.775510204081632,1.7959183673469385,22.324211010831146
8.979591836734695,1.7959183673469385,22.249210194227256
9.183673469387756,1.7959183673469385,22.18397894231226
9.387755102040817,1.7959183673469385,22.129203201122184
9.591836734693878,1.7959183673469385,22.085461779895727
9.795918367346939,1.7959183673469385,22.05322022276596
10.0,1.7959183673469385,22.03282571755997
0.0,1.9591836734693877,22.681845756010055
0.20408163265306123,1.9591836734693877,22.791677223738933
0.40816326530612246,1.9591836734693877,22.905545756607793
0.6122448979591837,1.9591836734693877,23.02225178034096
0.8163265306122449,1.9591836734693877,23.140566227113194
1.0204081632653061,1.9591836734693877,23.25924336326941
1.2244897959183674,1.9591836734693877,23.377033777660277
1.4285714285714286,1.9591836734693877,23.49269739550715
1.6326530612244898,1.9591836734693877,23.605016383916276
1.836734693877551,1.9591836734693877,23.71280781819555
2.0408163265306123,1.9591836734693877,23.81493598288398
2.2448979591836737,1.9591836734693877,23.91032418766925
2.4489795918367347,1.9591836734693877,23.997965985806317
2.6530612244897958,1.9591836734693877,24.0769356908067
2.857142857142857,1.9591836734693877,24.14639809550074
3.0612244897959187,1.9591836734693877,24.20561730550569
3.2653061224489797,1.9591836734693877,24.253964606125265
3.4693877551020407,1.9591836734693877,24.29092528736947
3.673469387755102,1.9591836734693877,24.31610435597375
3.8775510204081636,1.9591836734693877,24.32923106621403
4.081632653061225,1.9591836734693877,24.330162203561102
4.285714285714286,1.9591836734693877,24.31888405779925
4.4897959183673475,1.9591836734693877,24.29551302648257
4.6938775510204085,1.9591836734693877,24.260294797022254
4.8979591836734695,1.9591836734693877,24.213602067734755
5.1020408163265305,1.9591836734693877,24.15593078594606
5.3061224489795915,1.9591836734693877,24.087894905243076
5.510204081632653,1.9591836734693877,24.010219693853387
5.714285714285714,1.9591836734693877,23.923733660626187
5.918367346938775,1.9591836734693877,23.8293592019538
6.122448979591837,1.9591836734693877,23.728102109251623
6.326530612244898,1.9591836734693877,23.62104010895229
6.530612244897959,1.9591836734693877,23.509310632091978
6.73469387755102,1.9591836734693877,23.394098025775655
6.938775510204081,1.9591836734693877,23.276620422443443
7.142857142857143,1.9591836734693877,23.158116474617948
7.346938775510204,1.9591836734693877,23.039832143864363
7.551020408163265,1.9591836734693877,22.923007705569066
7.755102040816327,1.9591836734693877,22.808865099378103
7.959183673469388,1.9591836734693877,22.698595722767212
8.16326530612245,1.9591836734693877,22.59334873616664
8.36734693877551,1.9591836734693877,22.49421992557599
8.571428571428571,1.9591836734693877,22.402241154770337
8.775510204081632,1.9591836734693877,22.318370434708996
8.979591836734695,1.9591836734693877,22.243482641872692
9.183673469387756,1.9591836734693877,22.178360928010775
9.387755102040817,1.9591836734693877,22.123688878372583
9.591836734693878,1.9591836734693877,22.08004349076607
9.795918367346939,1.9591836734693877,22.047889060709956
10.0,1.9591836734693877,22.027572066064266
0.0,2.1224489795918364,22.67694727277387
0.20408163265306123,2.1224489795918364,22.786778426703812
0.40816326530612246,2.1224489795918364,22.90064647634178
0.6122448979591837,2.1224489795918364,23.017351766859516
0.8163265306122449,2.1224489795918364,23.13566511751612
1.0204081632653061,2.1224489795918364,23.25434063931134
1.2244897959183674,2.1224489795918364,23.37212871145259
1.4285714285714286,2.1224489795918364,23.48778898180901
1.6326530612244898,2.1224489795918364,23.600103258050037
1.836734693877551,2.1224489795918364,23.707888159599616
2.0408163265306123,2.1224489795918364,23.810007405758796
2.2448979591836737,2.1224489795918364,23.905383622104075
2.4489795918367347,2.1224489795918364,23.993009555159848
2.6530612244897958,2.1224489795918364,24.071958593834427
2.857142857142857,2.1224489795918364,24.141394504559425
3.0612244897959187,2.1224489795918364,24.200580294800105
3.2653061224489797,2.1224489795918364,24.24888612598287
3.4693877551020407,2.1224489795918364,24.28579620146345
3.673469387755102,2.1224489795918364,24.3109145577863
3.8775510204081636,2.1224489795918364,24.323969688429376
4.081632653061225,2.1224489795918364,24.324817929242215
4.285714285714286,2.1224489795918364,24.313445535110965
4.4897959183673475,2.1224489795918364,24.289969379659127
4.6938775510204085,2.1224489795918364,24.254636215863105
4.8979591836734695,2.1224489795918364,24.207820447101764
5.1020408163265305,2.1224489795918364,24.150020376742013
5.3061224489795915,2.1224489795918364,24.081852930522935
5.510204081632653,2.1224489795918364,24.004046879363386
5.714285714285714,2.1224489795918364,23.917434629249133
5.918367346938775,2.1224489795918364,23.822942686895683
6.122448979591837,2.1224489795918364,23.721580951380194
6.326530612244898,2.1224489795918364,23.61443101886803
6.530612244897959,2.1224489795918364,23.502633715994193
6.73469387755102,2.1224489795918364,23.38737609416108
6.938775510204081,2.1224489795918364,23.26987811999456
7.142857142857143,2.1224489795918364,23.151379286108014
7.346938775510204,2.1224489795918364,23.03312534258515
7.551020408163265,2.1224489795918364,22.91635531626762
7.755102040816327,2.1224489795918364,22.8022889463016
7.959183673469388,2.1224489795918364,22.69211462533011
8.16326530612245,2.1224489795918364,22.586977900954587
8.36734693877551,2.1224489795918364,22.48797056553728
8.571428571428571,2.1224489795918364,22.396120346596504
8.775510204081632,2.1224489795918364,22.312381205783304
8.979591836734695,2.1224489795918364,22.23762426081602
9.183673469387756,2.1224489795918364,22.17262935940362
9.387755102040817,2.1224489795918364,22.118077353707406
9.591836734693878,2.1224489795918364,22.07454314443791
9.795918367346939,2.1224489795918364,22.042489581590207
10.0,2.1224489795918364,22.022262321093876
0.0,2.2857142857142856,22.67204871359576
0.20408163265306123,2.2857142857142856,22.781879508253276
0.40816326530612246,2.2857142857142856,22.895747004634
0.6122448979591837,2.2857142857142856,23.012451455683994
0.8163265306122449,2.2857142857142856,23.13076355138376
1.0204081632653061,2.2857142857142856,23.249437224876388
1.2244897959183674,2.2857142857142856,23.367222615346027
1.4285714285714286,2.2857142857142856,23.482879053117728
1.6326530612244898,2.2857142857142856,23.595187934337094
1.836734693877551,2.2857142857142856,23.702965356480707
2.0408163265306123,2.2857142857142856,23.80507439170143
2.2448979591836737,2.2857142857142856,23.900436882328105
2.4489795918367347,2.2857142857142856,23.988044651248956
2.6530612244897958,2.2857142857142856,24.066970028782226
2.857142857142857,2.2857142857142856,24.136375606222472
3.0612244897959187,2.2857142857142856,24.195523133746676
3.2653061224489797,2.2857142857142856,24.2437814860397
3.4693877551020407,2.2857142857142856,24.280633622332857
3.673469387755102,2.2857142857142856,24.305682468386507
3.8775510204081636,2.2857142857142856,24.318655646631253
4.081632653061225,2.2857142857142856,24.319408978139514
4.285714285714286,2.2857142857142856,24.30792867784209
4.4897959183673475,2.2857142857142856,24.284332164420462
4.6938775510204085,2.2857142857142856,24.248867410830297
4.8979591836734695,2.2857142857142856,24.20191077259827
5.1020408163265305,2.2857142857142856,24.14396325055275
5.3061224489795915,2.2857142857142856,24.07564517328793
5.510204081632653,2.2857142857142856,23.997689321998806
5.714285714285714,2.2857142857142856,23.91093256455276
5.918367346938775,2.2857142857142856,23.816306113626993
6.122448979591837,2.2857142857142856,23.714824571213263
6.326530612244898,2.2857142857142856,23.60757396398354
6.530612244897959,2.2857142857142856,23.49569900623745
6.73469387755102,2.2857142857142856,23.38038984556217
6.938775510204081,2.2857142857142856,23.262868548566342
7.142857142857143,2.2857142857142856,23.14437556969405
7.346938775510204,2.2857142857142856,23.026156416901134
7.551020408163265,2.2857142857142856,22.909448687554384
7.755102040816327,2.2857142857142856,22.795469601419473
7.959183673469388,2.2857142857142856,22.685404110867925
8.16326530612245,2.2857142857142856,22.580393627127165
8.36734693877551,2.2857142857142856,22.481525370192852
8.571428571428571,2.2857142857142856,22.389822331929906
8.775510204081632,2.2857142857142856,22.30623383788445
8.979591836734695,2.2857142857142856,22.231626702319566
9.183673469387756,2.2857142857142856,22.166776990106055
9.387755102040817,2.2857142857142856,22.112362424257704
9.591836734693878,2.2857142857142856,22.068955504491306
9.795918367346939,2.2857142857142856,22.0370174258034
10.0,2.2857142857142856,22.01689290308485
0.0,2.4489795918367343,22.66715007521356
0.20408163265306123,2.4489795918367343,22.7769804631718
0.40816326530612246,2.4489795918367343,22.890847333260876
0.6122448979591837,2.4489795918367343,23.007550834026638
0.8163265306122449,2.4489795918367343,23.125861509105174
1.0204081632653061,2.4489795918367343,23.2445330903044
1.2244897959183674,2.4489795918367343,23.36231544510022
1.4285714285714286,2.4489795918367343,23.4779675443552
1.6326530612244898,2.4489795918367343,23.590270318366674
1.836734693877551,2.4489795918367343,23.6980392737626
2.0408163265306123,2.4489795918367343,23.80013675011889
2.2448979591836737,2.4489795918367343,23.895483703121744
2.4489795918367347,2.4489795918367343,23.983070910095815
2.6530612244897958,2.4489795918367343,24.061969503026887
2.857142857142857,2.4489795918367343,24.13134074294491
3.0612244897959187,2.4489795918367343,24.19044495676642
3.2653061224489797,2.4489795918367343,24.238649562574516
3.4693877551020407,2.4489795918367343,24.27543611124166
3.673469387755102,2.4489795918367343,24.300406271111694
3.8775510204081636,2.4489795918367343,24.313286678582617
4.081632653061225,2.4489795918367343,24.313932571994997
4.285714285714286,2.4489795918367343,24.302330121049877
4.4897959183673475,2.4489795918367343,24.27859736143874
4.6938775510204085,2.4489795918367343,24.24298364714359
4.8979591836734695,2.4489795918367343,24.195867543538128
5.1020408163265305,2.4489795918367343,24.137753104998765
5.3061224489795915,2.4489795918367343,24.069264512179057
5.510204081632653,2.4489795918367343,23.991139085938823
5.714285714285714,2.4489795918367343,23.904218745031315
5.918367346938775,2.4489795918367343,23.8094400293202
6.122448979591837,2.4489795918367343,23.70782286453439
6.326530612244898,2.4489795918367343,23.60045829271494
6.530612244897959,2.4489795918367343,23.488495429029093
6.73469387755102,2.4489795918367343,23.373127925970092
6.938775510204081,2.4489795918367343,23.255580227343966
7.142857142857143,2.4489795918367343,23.137093876394886
7.346938775510204,2.4489795918367343,23.018914106988
7.551020408163265,2.4489795918367343,22.90227689831305
7.755102040816327,2.4489795918367343,22.788396618176737
7.959183673469388,2.4489795918367343,22.67845432453559
8.16326530612245,2.4489795918367343,22.573586746208388
8.36734693877551,2.4489795918367343,22.474875927235047
8.571428571428571,2.4489795918367343,22.383339498682776
8.775510204081632,2.4489795918367343,22.29992153798964
8.979591836734695,2.4489795918367343,22.22548398787278
9.183673469387756,2.4489795918367343,22.16079863099977
9.387755102040817,2.4489795918367343,22.106539648164244
9.591836734693878,2.4489795918367343,22.063276821138793
9.795918367346939,2.4489795918367343,22.031469471448293
10.0,2.4489795918367343,22.011461248720234
0.0,2.6122448979591835,22.662251356037796
0.20408163265306123,2.6122448979591835,22.772081288918148
0.40816326530612246,2.6122448979591835,22.88594745821551
0.6122448979591837,2.6122448979591835,23.00264989565667
0.8163265306122449,2.6122448979591835,23.12095898112502
1.0204081632653061,2.6122448979591835,23.23962822114362
1.2244897959183674,2.6122448979591835,23.357407179159253
1.4285714285714286,2.6122448979591835,23.473054423812428
1.6326530612244898,2.6122448979591835,23.585350364137565
1.836734693877551,2.6122448979591835,23.693109845630026
2.0408163265306123,2.6122448979591835,23.79519438814562
2.2448979591836737,2.6122448979591835,23.890523955257983
2.4489795918367347,2.6122448979591835,23.978088154353934
2.6530612244897958,2.6122448979591835,24.056956776540048
2.857142857142857,2.6122448979591835,24.12628959434101
3.0612244897959187,2.6122448979591835,24.185345342110008
3.2653061224489797,2.6122448979591835,24.233489808059378
3.4693877551020407,2.6122448979591835,24.270202967172445
3.673469387755102,2.6122448979591835,24.29508508080145
3.8775510204081636,2.6122448979591835,24.30786168201902
4.081632653061225,2.6122448979591835,24.308387357115418
4.285714285714286,2.6122448979591835,24.296648225181666
4.4897959183673475,2.6122448979591835,24.272763012315217
4.6938775510204085,2.6122448979591835,24.236982617803392
4.8979591836734695,2.6122448979591835,24.189688079737657
5.1020408163265305,2.6122448979591835,24.131386869275037
5.3061224489795915,2.6122448979591835,24.06270747734735
5.510204081632653,2.6122448979591835,23.98439230449175
5.714285714285714,2.6122448979591835,23.897288921171786
5.918367346938775,2.6122448979591835,23.802339828129178
6.122448979591837,2.6122448979591835,23.700570908111224
6.326530612244898,2.6122448979591835,23.593078815127654
6.530612244897959,2.6122448979591835,23.48101758871529
6.73469387755102,2.6122448979591835,23.365584803197
6.938775510204081,2.6122448979591835,23.24800756235396
7.142857142857143,2.6122448979591835,23.129528627747842
7.346938775510204,2.6122448979591835,23.011392926548858
7.551020408163265,2.6122448979591835,22.89483462728064
7.755102040816327,2.6122448979591835,22.781064906538205
7.959183673469388,2.6122448979591835,22.671260464605805
8.16326530612245,2.6122448979591835,22.566552790901092
8.36734693877551,2.6122448979591835,22.468018137806197
8.571428571428571,2.6122448979591835,22.376668137900847
8.775510204081632,2.6122448979591835,22.293440996230203
8.979591836734695,2.6122448979591835,22.219193204474276
9.183673469387756,2.6122448979591835,22.154691753711063
9.387755102040817,2.6122448979591835,22.100606861151835
9.591836734693878,2.6122448979591835,22.057505267313918
9.795918367346939,2.6122448979591835,22.025844197393077
10.0,2.6122448979591835,22.005966109035796
0.0,2.7755102040816326,22.65735255652277
0.20408163265306123,2.7755102040816326,22.767181986218652
0.40816326530612246,2.7755102040816326,22.881047380643153
0.6122448979591837,2.7755102040816326,22.997748642354974
0.8163265306122449,2.7755102040816326,23.1160559701744
1.0204081632653061,2.7755102040816326,23.234722621524632
1.2244897959183674,2.7755102040816326,23.352497823684228
1.4285714285714286,2.7755102040816326,23.468139700552463
1.6326530612244898,2.7755102040816326,23.580428084797802
1.836734693877551,2.7755102040816326,23.68817709089426
2.0408163265306123,2.7755102040816326,23.790247332324395
2.2448979591836737,2.7755102040816326,23.88555767567239
2.4489795918367347,2.7755102040816326,23.973096434712364
2.6530612244897958,2.7755102040816326,24.051931917926442
2.857142857142857,2.7755102040816326,24.121222251983195
3.0612244897959187,2.7755102040816326,24.180224410321536
3.2653061224489797,2.7755102040816326,24.228302378988335
3.4693877551020407,2.7755102040816326,24.26493439048951
3.673469387755102,2.7755102040816326,24.289719150451702
3.8775510204081636,2.7755102040816326,24.302380971988903
4.081632653061225,2.7755102040816326,24.302773720412425
4.285714285714286,2.7755102040816326,24.290883458853237
4.4897959183673475,2.7755102040816326,24.26682967679804
4.6938775510204085,2.7755102040816326,24.2308649821947
4.8979591836734695,2.7755102040816326,24.183373147245057
5.1020408163265305,2.7755102040816326,24.12486542107688
5.3061224489795915,2.7755102040816326,24.055975060542583
5.510204081632653,2.7755102040816326,23.977450082832664
5.714285714285714,2.7755102040816326,23.89014430756698
5.918367346938775,2.7755102040816326,23.79500682649361
6.122448979591837,2.7755102040816326,23.69307010909856
6.326530612244898,2.7755102040816326,23.58543701460511
6.530612244897959,2.7755102040816326,23.47326702747801
6.73469387755102,2.7755102040816326,23.357762058448905
6.938775510204081,2.7755102040816326,23.24015215246186
7.142857142857143,2.7755102040816326,23.121681418185176
7.346938775510204,2.7755102040816326,23.003594443673208
7.551020408163265,2.7755102040816326,22.887123395376772
7.755102040816327,2.7755102040816326,22.773475921334132
7.959183673469388,2.7755102040816326,22.663823903504877
8.16326530612245,2.7755102040816326,22.559293038044988
8.36734693877551,2.7755102040816326,22.4609531734389
8.571428571428571,2.7755102040816326,22.369809309674807
8.775510204081632,2.7755102040816326,22.286793158630463
8.979591836734695,2.7755102040816326,22.21275518471605
9.183673469387756,2.7755102040816326,22.148457080897916
9.387755102040817,2.7755102040816326,22.094564681812084
9.591836734693878,2.7755102040816326,22.051641365227525
9.795918367346939,2.7755102040816326,22.02014203840657
10.0,2.7755102040816326,22.00040784100961
0.0,2.9387755102040813,22.652453679506465
0.20408163265306123,2.9387755102040813,22.76228255961066
0.40816326530612246,2.9387755102040813,22.876147107698063
0.6122448979591837,2.9387755102040813,22.992847085246503
0.8163265306122449,2.9387755102040813,23.111152493314236
1.0204081632653061,2.9387755102040813,23.229816317250872
1.2244897959183674,2.9387755102040813,23.34758741716292
1.4285714285714286,2.9387755102040813,23.46322343119127
1.6326530612244898,2.9387755102040813,23.5755035624819
1.836734693877551,2.9387755102040813,23.68324112706753
2.0408163265306123,2.9387755102040813,23.78529574846534
2.2448979591836737,2.9387755102040813,23.880585095097988
2.4489795918367347,2.9387755102040813,23.968096067820788
2.6530612244897958,2.9387755102040813,24.046895355753353
2.857142857142857,2.9387755102040813,24.116139287915686
3.0612244897959187,2.9387755102040813,24.175082914428515
3.2653061224489797,2.9387755102040813,24.223088252964846
3.4693877551020407,2.9387755102040813,24.25963163284964
3.673469387755102,2.9387755102040813,24.284310060503966
3.8775510204081636,2.9387755102040813,24.296846516570007
4.081632653061225,2.9387755102040813,24.29709407888636
4.285714285714286,2.9387755102040813,24.285038749462906
4.4897959183673475,2.9387755102040813,24.260800851580726
4.6938775510204085,2.9387755102040813,24.224634859432964
4.8979591836734695,2.9387755102040813,24.176927531490744
5.1020408163265305,2.9387755102040813,24.118194243283657
5.3061224489795915,2.9387755102040813,24.049073457131485
5.510204081632653,2.9387755102040813,23.970319324885423
5.714285714285714,2.9387755102040813,23.882792491662848
5.918367346938775,2.9387755102040813,23.78744924808724
6.122448979591837,2.9387755102040813,23.68532925785878
6.326530612244898,2.9387755102040813,23.577542157702794
6.530612244897959,2.9387755102040813,23.46525337918158
6.73469387755102,2.9387755102040813,23.349669569369738
6.938775510204081,2.9387755102040813,23.232023985628963
7.142857142857143,2.9387755102040813,23.11356220797387
7.346938775510204,2.9387755102040813,22.99552845406729
7.551020408163265,2.9387755102040813,22.879152703641978
7.755102040816327,2.9387755102040813,22.765638750751066
7.959183673469388,2.9387755102040813,22.656153214649635
8.16326530612245,2.9387755102040813,22.551815463936602
8.36734693877551,2.9387755102040813,22.45368835258612
8.571428571428571,2.9387755102040813,22.36276963629054
8.775510204081632,2.9387755102040813,22.279983934914576
8.979591836734695,2.9387755102040813,22.206175129721274
9.183673469387756,2.9387755102040813,22.142099126936156
9.387755102040817,2.9387755102040813,22.088416974428032
9.591836734693878,2.9387755102040813,22.045688377081174
9.795918367346939,2.9387755102040813,22.014365710448324
10.0,2.9387755102040813,21.99478867464982
0.0,3.1020408163265305,22.647554730494356
0.20408163265306123,3.1020408163265305,22.757383017896288
0.40816326530612246,3.1020408163265305,22.871246653258975
0.6122448979591837,3.1020408163265305,22.98794524591284
0.8163265306122449,3.1020408163265305,23.106248583641445
1.0204081632653061,3.1020408163265305,23.224909358379033
1.2244897959183674,3.1020408163265305,23.342676034258716
1.4285714285714286,3.1020408163265305,23.45830572555955
1.6326530612244898,3.1020408163265305,23.57057695652459
1.836734693877551,3.1020408163265305,23.67830218211466
2.0408163265306123,3.1020408163265305,23.780339958227582
2.2448979591836737,3.1020408163265305,23.875606661139354
2.4489795918367347,3.1020408163265305,23.963087667955595
2.6530612244897958,3.1020408163265305,24.041847921408824
2.857142857142857,3.1020408163265305,24.111041811860936
3.0612244897959187,3.1020408163265305,24.169922315247273
3.2653061224489797,3.1020408163265305,24.217849326465554
3.4693877551020407,3.1020408163265305,24.25429712237217
3.673469387755102,3.1020408163265305,24.278860876895067
3.8775510204081636,3.1020408163265305,24.291262133684047
4.081632653061225,3.1020408163265305,24.291353121334765
4.285714285714286,3.1020408163265305,24.279119775941624
4.4897959183673475,3.1020408163265305,24.25468331998383
4.6938775510204085,3.1020408163265305,24.218300240290123
4.8979591836734695,3.1020408163265305,24.170360515847197
5.1020408163265305,3.1020408163265305,24.111383972265955
5.3061224489795915,3.1020408163265305,24.04201468565617
5.510204081632653,3.1020408163265305,23.963013423739277
5.714285714285714,3.1020408163265305,23.87524819252973
5.918367346938775,3.1020408163265305,23.779683046214156
6.122448979591837,3.1020408163265305,23.67736540702899
6.326530612244898,3.1020408163265305,23.569412220836355
6.530612244897959,3.1020408163265305,23.45699533279298
6.73469387755102,3.1020408163265305,23.341326497840402
6.938775510204081,3.1020408163265305,23.22364243774353
7.142857142857143,3.1020408163265305,23.10519031927731
7.346938775510204,3.1020408163265305,22.987213960659137
7.551020408163265,3.1020408163265305,22.870940983375117
7.755102040816327,3.1020408163265305,22.757571025182415
7.959183673469388,3.1020408163265305,22.64826502981925
8.16326530612245,3.1020408163265305,22.54413554198692
8.36734693877551,3.1020408163265305,22.446237872492183
8.571428571428571,3.1020408163265305,22.355561964481005
8.775510204081632,3.1020408163265305,22.2730247894997
8.979591836734695,3.1020408163265305,22.199463129274882
9.183673469387756,3.1020408163265305,22.1356266493729
9.387755102040817,3.1020408163265305,22.082171235416048
9.591836734693878,3.1020408163265305,22.039652631298765
9.795918367346939,3.1020408163265305,22.008520482274122
10.0,3.1020408163265305,21.98911293600328
0.0,3.265306122448979,22.642655717861725
0.20408163265306123,3.265306122448979,22.752483374465868
0.40816326530612246,3.265306122448979,22.866346038439104
0.6122448979591837,3.265306122448979,22.983043157185268
0.8163265306122449,3.265306122448979,23.101344291505153
1.0204081632653061,3.265306122448979,23.22000182105858
1.2244897959183674,3.265306122448979,23.337763788554327
1.4285714285714286,3.265306122448979,23.45338675073879
1.6326530612244898,3.265306122448979,23.565648509316084
1.836734693877551,3.265306122448979,23.673360602830343
2.0408163265306123,3.265306122448979,23.77538045093955
2.2448979591836737,3.265306122448979,23.87062305472124
2.4489795918367347,3.265306122448979,23.958072169593386
2.6530612244897958,3.265306122448979,24.036790879653612
2.857142857142857,3.265306122448979,24.105931511999824
3.0612244897959187,3.265306122448979,24.16474483506517
3.2653061224489797,3.265306122448979,24.212588484532205
3.4693877551020407,3.265306122448979,24.24893455286777
3.673469387755102,3.265306122448979,24.27337626372448
3.8775510204081636,3.265306122448979,24.285633631398095
4.081632653061225,3.265306122448979,24.285557980656833
4.285714285714286,3.265306122448979,24.27313517744293
4.4897959183673475,3.265306122448979,24.248487401229056
4.6938775510204085,3.265306122448979,24.2118732808403
4.8979591836734695,3.265306122448979,24.16368622277526
5.1020408163265305,3.265306122448979,24.10445078875203
5.3061224489795915,3.265306122448979,24.034817029492743
5.510204081632653,3.265306122448979,23.955552753819493
5.714285714285714,3.265306122448979,23.867533801760278
5.918367346938775,3.265306122448979,23.771732490062416
6.122448979591837,3.265306122448979,23.669204498173062
6.326530612244898,3.265306122448979,23.561074550880754
6.530612244897959,3.265306122448979,23.44852131916592
6.73469387755102,3.265306122448979,23.332761994141567
6.938775510204081,3.265306122448979,23.215036984647906
7.142857142857143,3.265306122448979,23.09659514620812
7.346938775510204,3.265306122448979,22.97867987192009
7.551020408163265,3.265306122448979,22.86251627344863
7.755102040816327,3.265306122448979,22.749299565111947
7.959183673469388,3.265306122448979,22.640184650341546
8.16326530612245,3.265306122448979,22.53627681133988
8.36734693877551,3.265306122448979,22.438623330914574
8.571428571428571,3.265306122448979,22.348205837519252
8.775510204081632,3.265306122448979,22.265933162791583
8.979591836734695,3.265306122448979,22.192634532604025
9.183673469387756,3.265306122448979,22.129052970749786
9.387755102040817,3.265306122448979,22.075838868804887
9.591836734693878,3.265306122448979,22.033543755084107
9.795918367346939,3.265306122448979,22.00261436905275
10.0,3.265306122448979,21.983387206129585
0.0,3.4285714285714284,22.637756652950443
0.20408163265306123,3.4285714285714284,22.747583647452714
0.40816326530612246,3.4285714285714284,22.861445291830147
0.6122448979591837,3.4285714285714284,22.978140863524203
0.8163265306122449,3.4285714285714284,23.09643968508861
1.0204081632653061,3.4285714285714284,23.21509380841177
1.2244897959183674,3.4285714285714284,23.33285083386447
1.4285714285714286,3.4285714285714284,23.44846673299221
1.6326530612244898,3.4285714285714284,23.560718549103324
1.836734693877551,3.4285714285714284,23.668416858846996
2.0408163265306123,3.4285714285714284,23.77041788925412
2.2448979591836737,3.4285714285714284,23.86563519795792
2.4489795918367347,3.4285714285714284,23.95305083821057
2.6530612244897958,3.4285714285714284,24.031725943237834
2.857142857142857,3.4285714285714284,24.100810674481718
3.0612244897959187,3.4285714285714284,24.159553483323272
3.2653061224489797,3.4285714285714284,24.20730963411366
3.4693877551020407,3.4285714285714284,24.24354892652727
3.673469387755102,3.4285714285714284,24.26786253715667
3.8775510204081636,3.4285714285714284,24.279968875047565
4.081632653061225,3.4285714285714284,24.279718316287234
4.285714285714286,3.4285714285714284,24.267096653184378
4.4897959183673475,3.4285714285714284,24.242227069697048
4.6938775510204085,3.4285714285714284,24.205370442945775
4.8979591836734695,3.4285714285714284,24.15692377703541
5.1020408163265305,3.4285714285714284,24.097416604826122
5.3061224489795915,3.4285714285714284,24.027505248149634
5.510204081632653,3.4285714285714284,23.947964906351615
5.714285714285714,3.4285714285714284,23.8596796422458
5.918367346938775,3.4285714285714284,23.76363044517953
6.122448979591837,3.4285714285714284,23.660881661584515
6.326530612244898,3.4285714285714284,23.552566181214118
6.530612244897959,3.4285714285714284,23.43986983961204
6.73469387755102,3.4285714285714284,23.32401553383919
6.938775510204081,3.4285714285714284,23.206247542786542
7.142857142857143,3.4285714285714284,23.087816494531648
7.346938775510204,3.4285714285714284,22.969965335955816
7.551020408163265,3.4285714285714284,22.85391654434972
7.755102040816327,3.4285714285714284,22.74086069107422
7.959183673469388,3.4285714285714284,22.63194633949676
8.16326530612245,3.4285714285714284,22.52827114891086
8.36734693877551,3.4285714285714284,22.430873975726055
8.571428571428571,3.4285714285714284,22.34072772107722
8.775510204081632,3.4285714285714284,22.258732672740773
8.979591836734695,3.4285714285714284,22.185710125766843
9.183673469387756,3.4285714285714284,22.122396132569648
9.387755102040817,3.4285714285714284,22.0694353180304
9.591836734693878,3.4285714285714284,22.0273747856811
9.795918367346939,3.4285714285714284,21.996658224996136
10.0,3.4285714285714284,21.977620397157395
0.0,3.591836734693877,22.63285755003961
0.20408163265306123,3.591836734693877,22.742683859686146
0.40816326530612246,3.591836734693877,22.85654444942824
0.6122448979591837,3.591836734693877,22.973238420904032
0.8163265306122449,3.591836734693877,23.09153485023256
1.0204081632653061,3.591836734693877,23.210185450266593
1.2244897959183674,3.591836734693877,23.327937363837474
1.4285714285714286,3.591836734693877,23.443545957178745
1.6326530612244898,3.591836734693877,23.55578748913985
1.836734693877551,3.591836734693877,23.663471541418428
2.0408163265306123,3.591836734693877,23.765453107432354
2.2448979591836737,3.591836734693877,23.86064425176497
2.4489795918367347,3.591836734693877,23.94802526700584
2.6530612244897958,3.591836734693877,24.02665526846501
2.857142857142857,3.591836734693877,24.09568217750343
3.0612244897959187,3.591836734693877,24.154352048821995
3.2653061224489797,3.591836734693877,24.202017693947052
3.4693877551020407,3.591836734693877,24.2381465409662
3.673469387755102,3.591836734693877,24.262327649062456
3.8775510204081636,3.591836734693877,24.274277766865303
4.081632653061225,3.591836734693877,24.273846289178607
4.285714285714286,3.591836734693877,24.261018932147024
4.4897959183673475,3.591836734693877,24.235919918734254
4.6938775510204085,3.591836734693877,24.198812451621414
4.8979591836734695,3.591836734693877,24.150097256155323
5.1020408163265305,3.591836734693877,24.09030900717703
5.3061224489795915,3.591836734693877,24.02011051314143
5.510204081632653,3.591836734693877,23.94028461790129
5.714285714285714,3.591836734693877,23.851723889641196
5.918367346938775,3.591836734693877,23.755418288351986
6.122448979591837,3.591836734693877,23.652441125300438
6.326530612244898,3.591836734693877,23.54393373580276
6.530612244897959,3.591836734693877,23.431089366184068
6.73469387755102,3.591836734693877,23.31513681554437
6.938775510204081,3.591836734693877,23.19732436582398
7.142857142857143,3.591836734693877,23.078904478570603
7.346938775510204,3.591836734693877,22.961119639114244
7.551020408163265,3.591836734693877,22.84518959983827
7.755102040816327,3.591836734693877,22.732300129585838
7.959183673469388,3.591836734693877,22.623593233777004
8.16326530612245,3.591836734693877,22.52015868682669
8.36734693877551,3.591836734693877,22.42302662916385
8.571428571428571,3.591836734693877,22.33316093468066
8.775510204081632,3.591836734693877,22.251453053673075
8.979591836734695,3.591836734693877,22.1787160778174
9.183673469387756,3.591836734693877,22.115678848569736
9.387755102040817,3.591836734693877,22.062980025937648
9.591836734693878,3.591836734693877,22.021162136607806
9.795918367346939,3.591836734693877,21.990665715247367
10.0,3.591836734693877,21.97182372920239
0.0,3.7551020408163263,22.627958426174786
0.20408163265306123,3.7551020408163263,22.737784038418486
0.40816326530612246,3.7551020408163263,22.851643554203488
0.6122448979591837,3.7551020408163263,22.968335896143746
0.8163265306122449,3.7551020408163263,23.086629889408734
1.0204081632653061,3.7551020408163263,23.205276901604186
1.2244897959183674,3.7551020408163263,23.323023609639517
1.4285714285714286,3.7551020408163263,23.438624763346503
1.6326530612244898,3.7551020408163263,23.550855822743802
1.836734693877551,3.7551020408163263,23.65852535634921
2.0408163265306123,3.7551020408163263,23.76048710136679
2.2448979591836737,3.7551020408163263,23.855651601976174
2.4489795918367347,3.7551020408163263,23.942997357847553
2.6530612244897958,3.7551020408163263,24.02158142940545
2.857142857142857,3.7551020408163263,24.090549456889686
3.0612244897959187,3.7551020408163263,24.14914505441192
3.2653061224489797,3.7551020408163263,24.196718535735993
3.4693877551020407,3.7551020408163263,24.232734913913344
3.673469387755102,3.7551020408163263,24.256781091924843
3.8775510204081636,3.7551020408163263,24.26857212756358
4.081632653061225,3.7551020408163263,24.267956416372122
4.285714285714286,3.7551020408163263,24.254919596935714
4.4897959183673475,3.7551020408163263,24.22958695025908
4.6938775510204085,3.7551020408163263,24.19222404719007
4.8979591836734695,3.7551020408163263,24.143235402493566
5.1020408163265305,3.7551020408163263,24.083160927196662
5.3061224489795915,3.7551020408163263,24.01267003521753
5.510204081632653,3.7551020408163263,23.932553354969464
5.714285714285714,3.7551020408163263,23.843712115833043
5.918367346938775,3.7551020408163263,23.747145412791934
6.122448979591837,3.7551020408163263,23.643935686190854
6.326530612244898,3.7551020408163263,23.5352328716383
6.530612244897959,3.7551020408163263,23.422237762012184
6.73469387755102,3.7551020408163263,23.30618516658167
6.938775510204081,3.7551020408163263,23.18832744367544
7.142857142857143,3.7551020408163263,23.069918921901987
7.346938775510204,3.7551020408163263,22.952201616584038
7.551020408163265,3.7551020408163263,22.83639250527517
7.755102040816327,3.7551020408163263,22.7236724663149
7.959183673469388,3.7551020408163263,22.61517682702911
8.16326530612245,3.7551020408163263,22.51198733249687
8.36734693877551,3.7551020408163263,22.415125247482877
8.571428571428571,3.7551020408163263,22.32554525325035
8.775510204081632,3.7551020408163263,22.244129800705117
8.979591836734695,3.7551020408163263,22.17168362785734
9.183673469387756,3.7551020408163263,22.108928233094534
9.387755102040817,3.7551020408163263,22.056496202269386
9.591836734693878,3.7551020408163263,22.014925401371787
9.795918367346939,3.7551020408163263,21.984653152463107
10.0,3.7551020408163263,21.96601059618907
0.0,3.9183673469387754,22.62305930084792
0.20408163265306123,3.9183673469387754,22.73288421481333
0.40816326530612246,3.9183673469387754,22.84674265529308
0.6122448979591837,3.9183673469387754,22.96343336565223
0.8163265306122449,3.9183673469387754,23.08172491979565
1.0204081632653061,3.9183673469387754,23.200368339648655
1.2244897959183674,3.9183673469387754,23.31810983561385
1.4285714285714286,3.9183673469387754,23.43370354034748
1.6326530612244898,3.9183673469387754,23.545924114034616
1.836734693877551,3.9183673469387754,23.65357911074135
2.0408163265306123,3.9183673469387754,23.75552100988102
2.2448979591836737,3.9183673469387754,23.850658833320914
2.4489795918367347,3.9183673469387754,23.937969285561216
2.6530612244897958,3.9183673469387754,24.01650736956138
2.857142857142857,3.9183673469387754,24.085416441576587
3.0612244897959187,3.9183673469387754,24.143937672065544
3.2653061224489797,3.9183673469387754,24.1914188738941
3.4693877551020407,3.9183673469387754,24.227322642045927
3.673469387755102,3.9183673469387754,24.25123372059301
3.8775510204081636,3.9183673469387754,24.262865474369544
4.081632653061225,3.9183673469387754,24.262065298402394
4.285714285714286,3.9183673469387754,24.248818753620025
4.4897959183673475,3.9183673469387754,24.223252180396383
4.6938775510204085,3.9183673469387754,24.18563352071882
4.8979591836734695,3.9183673469387754,24.1363710835272
5.1020408163265305,3.9183673469387754,24.07601002260773
5.3061224489795915,3.9183673469387754,24.005226365633774
5.510204081632653,3.9183673469387754,23.924818535351235
5.714285714285714,3.9183673469387754,23.835696433209208
5.918367346938775,3.9183673469387754,23.73886830065146
6.122448979591837,3.9183673469387754,23.63542571856053
6.326530612244898,3.9183673469387754,23.526527233633256
6.530612244897959,3.9183673469387754,23.413381194773645
6.73469387755102,3.9183673469387754,23.297228428964665
6.938775510204081,3.9183673469387754,23.179325376040527
7.142857142857143,3.9183673469387754,23.06092823401425
7.346938775510204,3.9183673469387754,22.943278547611264
7.551020408163265,3.9183673469387754,22.8275905160721
7.755102040816327,3.9183673469387754,22.715040121093494
7.959183673469388,3.9183673469387754,22.60675600352406
8.16326530612245,3.9183673469387754,22.503811869027672
8.36734693877551,3.9183673469387754,22.407220095563023
8.571428571428571,3.9183673469387754,22.317926160224744
8.775510204081632,3.9183673469387754,22.236803503231457
8.979591836734695,3.9183673469387754,22.164648498440727
9.183673469387756,3.9183673469387754,22.1021752919536
9.387755102040817,3.9183673469387754,22.050010387842928
9.591836734693878,3.9183673469387754,22.008686985551194
9.795918367346939,3.9183673469387754,21.978639190501134
10.0,3.9183673469387754,21.960196314345048
0.0,4.081632653061225,22.618160195528812
0.20408163265306123,4.081632653061225,22.72798442319643
0.40816326530612246,4.081632653061225,22.841841806820163
0.6122448979591837,4.081632653061225,22.958530913591563
0.8163265306122449,4.081632653061225,23.076820070461924
1.0204081632653061,4.081632653061225,23.195459959607025
1.2244897959183674,4.081632653061225,23.31319633292663
1.4285714285714286,4.081632653061225,23.428782716490442
1.6326530612244898,4.081632653061225,23.540992984372863
1.836734693877551,4.081632653061225,23.648633693593442
2.0408163265306123,4.081632653061225,23.750556087354934
2.2448979591836737,4.081632653061225,23.84566769133094
2.4489795918367347,4.081632653061225,23.93294344565171
2.6530612244897958,4.081632653061225,24.011436331111977
2.857142857142857,4.081632653061225,24.080287459169057
3.0612244897959187,4.081632653061225,24.13873559855497
3.2653061224489797,4.081632653061225,24.186126104145988
3.4693877551020407,4.081632653061225,24.22191919434528
3.673469387755102,4.081632653061225,24.245697491356797
3.8775510204081636,4.081632653061225,24.257172696102256
4.081632653061225,4.081632653061225,24.256191220258895
4.285714285714286,4.081632653061225,24.242738548430754
4.4897959183673475,4.081632653061225,24.2169420621852
4.6938775510204085,4.081632653061225,24.17907203396696
4.8979591836734695,4.081632653061225,24.12954050179346
5.1020408163265305,4.081632653061225,24.06889777225893
5.3061224489795915,4.081632653061225,23.9978263733184
5.510204081632653,4.081632653061225,23.917132388321434
5.714285714285714,4.081632653061225,23.827734241997213
5.918367346938775,4.081632653061225,23.73064916532194
6.122448979591837,4.081632653061225,23.626977722889908
6.326530612244898,4.081632653061225,23.51788692474412
6.530612244897959,4.081632653061225,23.40459254617441
6.73469387755102,4.081632653061225,23.288341328630413
6.938775510204081,4.081632653061225,23.170393723424656
7.142857142857143,4.081632653061225,23.052007765900925
7.346938775510204,4.081632653061225,22.934424538261503
7.551020408163265,4.081632653061225,22.81885550910193
7.755102040816327,4.081632653061225,22.706471847488878
7.959183673469388,4.081632653061225,22.598395622514918
8.16326530612245,4.081632653061225,22.495692638362602
8.36734693877551,4.081632653061225,22.399366538657357
8.571428571428571,4.081632653061225,22.310353754242996
8.775510204081632,4.081632653061225,22.229518869249137
8.979591836734695,4.081632653061225,22.15765003688619
9.183673469387756,4.081632653061225,22.095454177113407
9.387755102040817,4.081632653061225,22.04355181657013
9.591836734693878,4.081632653061225,22.00247156821632
9.795918367346939,4.081632653061225,21.972644376024615
10.0,4.081632653061225,21.954397754034304
0.0,4.244897959183673,22.613261133058653
0.20408163265306123,4.244897959183673,22.723084700086122
0.40816326530612246,4.244897959183673,22.836941066365025
0.6122448979591837,4.244897959183673,22.953628629499754
0.8163265306122449,4.244897959183673,23.07191547872052
1.0204081632653061,4.244897959183673,23.19055196915532
1.2244897959183674,4.244897959183673,23.308283411342455
1.4285714285714286,4.244897959183673,23.423862747442705
1.6326530612244898,4.244897959183673,23.536063094809002
1.836734693877551,4.244897959183673,23.643690050689518
2.0408163265306123,4.244897959183673,23.7455936682929
2.2448979591836737,4.244897959183673,23.840680033035145
2.4489795918367347,4.244897959183673,23.927922386638564
2.6530612244897958,4.244897959183673,24.006371763333007
2.857142857142857,4.244897959183673,24.075167113701017
3.0612244897959187,4.244897959183673,24.133544894537888
3.2653061224489797,4.244897959183673,24.180848094623705
3.4693877551020407,4.244897959183673,24.216534644630997
3.673469387755102,4.244897959183673,24.240185124222975
3.8775510204081636,4.244897959183673,24.25150963261523
4.081632653061225,4.244897959183673,24.25035363489847
4.285714285714286,4.244897959183673,24.23670254220575
4.4897959183673475,4.244897959183673,24.21068473837222
4.6938775510204085,4.244897959183673,24.17257273917447
4.8979591836734695,4.244897959183673,24.12278217229371
5.1020408163265305,4.244897959183673,24.061868304491433
5.3061224489795915,4.244897959183673,23.990519920987474
5.510204081632653,4.244897959183673,23.909550479338872
5.714285714285714,4.244897959183673,23.819886608907026
5.918367346938775,4.244897959183673,23.72255419412162
6.122448979591837,4.244897959183673,23.618662447427333
6.326530612244898,4.244897959183673,23.50938652580614
6.530612244897959,4.244897959183673,23.39594935329389
6.73469387755102,4.244897959183673,23.279603364691067
6.938775510204081,4.244897959183673,23.16161287281701
7.142857142857143,4.244897959183673,23.043237681656603
7.346938775510204,4.244897959183673,22.92571842818067
7.551020408163265,4.244897959183673,22.81026395242654
7.755102040816327,4.244897959183673,22.69804079075382
7.959183673469388,4.244897959183673,22.59016468618802
8.16326530612245,4.244897959183673,22.48769383683193
8.36734693877551,4.244897959183673,22.391623478515886
8.571428571428571,4.244897959183673,22.302881334032318
8.775510204081632,4.244897959183673,22.22232346251194
8.979591836734695,4.244897959183673,22.150730103851764
9.183673469387756,4.244897959183673,22.08880122202282
9.387755102040817,4.244897959183673,22.037151589700805
9.591836734693878,4.244897959183673,21.996305404831528
9.795918367346939,4.244897959183673,21.966690568130197
10.0,4.244897959183673,21.948632863227914
0.0,4.408163265306122,22.608362136926186
0.20408163265306123,4.408163265306122,22.718185083036055
0.40816326530612246,4.408163265306122,22.832040493140372
0.6122448979591837,4.408163265306122,22.948726605453214
0.8163265306122449,4.408163265306122,23.067011285777244
1.0204081632653061,4.408163265306122,23.185644581857186
1.2244897959183674,4.408163265306122,23.303371389407793
1.4285714285714286,4.408163265306122,23.418944101789798
1.6326530612244898,4.408163265306122,23.531135125134327
1.836734693877551,4.408163265306122,23.638749154626694
2.0408163265306123,4.408163265306122,23.740635125032625
2.2448979591836737,4.408163265306122,23.83569776810938
2.4489795918367347,4.408163265306122,23.922908729292118
2.6530612244897958,4.408163265306122,24.00131721328759
2.857142857142857,4.408163265306122,24.070060139731233
3.0612244897959187,4.408163265306122,24.12837179249226
3.2653061224489797,4.408163265306122,24.17559293652166
3.4693877551020407,4.408163265306122,24.211179352316513
3.673469387755102,4.408163265306122,24.234709699811845
3.8775510204081636,4.408163265306122,24.24589257282347
4.081632653061225,4.408163265306122,24.244572546771305
4.285714285714286,4.408163265306122,24.23073496373505
4.4897959183673475,4.408163265306122,24.20450914955391
4.6938775510204085,4.408163265306122,24.166169728450747
4.8979591836734695,4.408163265306122,24.116135701933583
5.1020408163265305,4.408163265306122,24.054966998689448
5.3061224489795915,4.408163265306122,23.983358284970222
5.510204081632653,4.408163265306122,23.90212994914885
5.714285714285714,4.408163265306122,23.812216331896167
5.918367346938775,4.408163265306122,23.714651450786075
6.122448979591837,4.408163265306122,23.610552646141308
6.326530612244898,4.408163265306122,23.501102732028958
6.530612244897959,4.408163265306122,23.387531351395722
6.73469387755102,4.408163265306122,23.27109629006682
6.938775510204081,4.408163265306122,23.153065490186243
7.142857142857143,4.408163265306122,23.03470041803625
7.346938775510204,4.408163265306122,22.9172412921268
7.551020408163265,4.408163265306122,22.801894481985247
7.755102040816327,4.408163265306122,22.689822169816562
7.959183673469388,4.408163265306122,22.582134152948836
8.16326530612245,4.408163265306122,22.479881480738513
8.36734693877551,4.408163265306122,22.384051486759308
8.571428571428571,4.408163265306122,22.295563709344325
8.775510204081632,4.408163265306122,22.21526619521099
8.979591836734695,4.408163265306122,22.14393174674947
9.183673469387756,4.408163265306122,22.082253790187732
9.387755102040817,4.408163265306122,22.030841690208426
9.591836734693878,4.408163265306122,21.990215495206314
9.795918367346939,4.408163265306122,21.960800245622174
10.0,4.408163265306122,21.942920098723793
0.0,4.571428571428571,22.603463230456335
0.20408163265306123,4.571428571428571,22.71328560933794
0.40816326530612246,4.571428571428571,22.82714014594593
0.6122448979591837,4.571428571428571,22.94382493288617
0.8163265306122449,4.571428571428571,23.062107631853056
1.0204081632653061,4.571428571428571,23.180738009786776
1.2244897959183674,4.571428571428571,23.298460583447383
1.4285714285714286,4.571428571428571,23.41402724484907
1.6326530612244898,4.571428571428571,23.52620975039889
1.836734693877551,4.571428571428571,23.633811971218638
2.0408163265306123,4.571428571428571,23.735681820340343
2.2448979591836737,4.571428571428571,23.83072279291034
2.4489795918367347,4.571428571428571,23.917905076103967
2.6530612244897958,4.571428571428571,23.996276203299598
2.857142857142857,4.571428571428571,24.064971238796975
3.0612244897959187,4.571428571428571,24.12322248142722
3.2653061224489797,4.571428571428571,24.1703686646017
3.4693877551020407,4.571428571428571,24.205863604562843
3.673469387755102,4.571428571428571,24.229284207512052
3.8775510204081636,4.571428571428571,24.24033769203387
4.081632653061225,4.571428571428571,24.238867820805247
4.285714285714286,4.571428571428571,24.2248598728234
4.4897959183673475,4.571428571428571,24.19844403447866
4.6938775510204085,4.571428571428571,24.15989685612756
4.8979591836734695,4.571428571428571,24.10964042137777
5.1020408163265305,4.571428571428571,24.048238917735706
5.3061224489795915,4.571428571428571,23.976392383965766
5.510204081632653,4.571428571428571,23.894927539964836
5.714285714285714,4.571428571428571,23.8047857709337
5.918367346938775,4.571428571428571,23.707008524335915
6.122448979591837,4.571428571428571,23.602720565573048
6.326530612244898,4.571428571428571,23.493111703706482
6.530612244897959,4.571428571428571,23.37941771962475
6.73469387755102,4.571428571428571,23.262901287486812
6.938775510204081,4.571428571428571,23.144833664941814
7.142857142857143,4.571428571428571,23.026477836834303
7.346938775510204,4.571428571428571,22.90907363939674
7.551020408163265,4.571428571428571,22.793825185265913
7.755102040816327,4.571428571428571,22.681890678986036
7.959183673469388,4.571428571428571,22.5743744862988
8.16326530612245,4.571428571428571,22.472321125950213
8.36734693877551,4.571428571428571,22.376710712547617
8.571428571428571,4.571428571428571,22.28845530765647
8.775510204081632,4.571428571428571,22.208395638396137
8.979591836734695,4.571428571428571,22.137297712754346
9.183673469387756,4.571428571428571,22.075848984519837
9.387755102040817,4.571428571428571,22.024653877999135
9.591836734693878,4.571428571428571,21.984228650838237
9.795918367346939,4.571428571428571,21.95499573052496
10.0,4.571428571428571,21.937277788591715
0.0,4.73469387755102,22.598564435949157
0.20408163265306123,4.73469387755102,22.708386314644954
0.40816326530612246,4.73469387755102,22.822240080997833
0.6122448979591837,4.73469387755102,22.93892369921534
0.8163265306122449,4.73469387755102,23.057204651007787
1.0204081632653061,4.73469387755102,23.17583245569998
1.2244897959183674,4.73469387755102,23.293551295887085
1.4285714285714286,4.73469387755102,23.409112621492454
1.6326530612244898,4.73469387755102,23.521287615991962
1.836734693877551,4.73469387755102,23.628879423842474
2.0408163265306123,4.73469387755102,23.73073505710419
2.2448979591836737,4.73469387755102,23.825756920471367
2.4489795918367347,4.73469387755102,23.91291391521575
2.6530612244897958,4.73469387755102,23.991252100926776
2.857142857142857,4.73469387755102,24.059904905856335
3.0612244897959187,4.73469387755102,24.118102878415222
3.2653061224489797,4.73469387755102,24.165182960589107
3.4693877551020407,4.73469387755102,24.20059723652708
3.673469387755102,4.73469387755102,24.223921065976093
3.8775510204081636,4.73469387755102,24.234860454832244
4.081632653061225,4.73469387755102,24.2332584490901
4.285714285714286,4.73469387755102,24.219100272120325
4.4897959183673475,4.73469387755102,24.192516869153167
4.6938775510204085,4.73469387755102,24.15378648902317
4.8979591836734695,4.73469387755102,24.1033339331548
5.1020408163265305,4.73469387755102,24.041727144510887
5.3061224489795915,4.73469387755102,23.969670899374528
5.510204081632653,4.73469387755102,23.887997500824245
5.714285714285714,4.73469387755102,23.797654545976076
5.918367346938775,4.73469387755102,23.69969003402169
6.122448979591837,4.73469387755102,23.59523527784855
6.326530612244898,4.73469387755102,23.485486254752413
6.530612244897959,4.73469387755102,23.37168415810139
6.73469387755102,4.73469387755102,23.25509597262096
6.938775510204081,4.73469387755102,23.13699587959567
7.142857142857143,4.73469387755102,23.01864820294879
7.346938775510204,4.73469387755102,22.901292441817834
7.551020408163265,4.73469387755102,22.78613071869788
7.755102040816327,4.73469387755102,22.67431773060436
7.959183673469388,4.73469387755102,22.566953053668488
8.16326530612245,4.73469387755102,22.465075447898805
8.36734693877551,4.73469387755102,22.369658662168145
8.571428571428571,4.73469387755102,22.28160816497651
8.775510204081632,4.73469387755102,22.201758228971062
8.979591836734695,4.73469387755102,22.13086887078843
9.183673469387756,4.73469387755102,22.069622277679112
9.387755102040817,4.73469387755102,22.018618517491785
9.591836734693878,4.73469387755102,21.978370505163955
9.795918367346939,4.73469387755102,21.949298364063427
10.0,4.73469387755102,21.931723455590888
0.0,4.897959183673469,22.59366577381281
0.20408163265306123,4.897959183673469,22.703487231585516
0.40816326530612246,4.897959183673469,22.817340349742956
0.6122448979591837,4.897959183673469,22.93402298444119
0.8163265306122449,4.897959183673469,23.052302465927898
1.0204081632653061,4.897959183673469,23.17092810515126
1.2244897959183674,4.897959183673469,23.288643803495525
1.4285714285714286,4.897959183673469,23.404200638849797
1.6326530612244898,4.897959183673469,23.516369312549205
1.836734693877551,4.897959183673469,23.62395235753777
2.0408163265306123,4.897959183673469,23.72579602767776
2.2448979591836737,4.897959183673469,23.82080181001152
2.4489795918367347,4.897959183673469,23.907937523679912
2.6530612244897958,4.897959183673469,23.986247988029678
2.857142857142857,4.897959183673469,24.05486525452372
3.0612244897959187,4.897959183673469,24.113018398535562
3.2653061224489797,4.897959183673469,24.160042854506234
3.4693877551020407,4.897959183673469,24.19538924897033
3.673469387755102,4.897959183673469,24.21863164028165
3.8775510204081636,4.897959183673469,24.2294750138184
4.081632653061225,4.897959183673469,24.227761812462955
4.285714285714286,4.897959183673469,24.213477212774364
4.4897959183673475,4.897959183673469,24.18675279857205
4.6938775510204085,4.897959183673469,24.147868248016632
4.8979591836734695,4.897959183673469,24.097250649666318
5.1020408163265305,4.897959183673469,24.035471106826133
5.3061224489795915,4.897959183673469,23.963238382559652
5.510204081632653,4.897959183673469,23.8813894783795
5.714285714285714,4.897959183673469,23.79087721893621
5.918367346938775,4.897959183673469,23.69275511691983
6.122448979591837,4.897959183673469,23.588159995146224
6.326530612244898,4.897959183673469,23.478293021686714
6.530612244897959,4.897959183673469,23.364399944692046
6.73469387755102,4.897959183673469,23.24775137637361
6.938775510204081,4.897959183673469,23.129623958352944
7.142857142857143,4.897959183673469,23.011283141432866
7.346938775510204,4.897959183673469,22.893968141074218
7.551020408163265,4.897959183673469,22.77887940500125
7.755102040816327,4.897959183673469,22.66716867852659
7.959183673469388,4.897959183673469,22.55993150716401
8.16326530612245,4.897959183673469,22.45820180475183
8.36734693877551,4.897959183673469,22.36294796318435
8.571428571428571,4.897959183673469,22.275069902676453
8.775510204081632,4.897959183673469,22.195396464221005
8.979591836734695,4.897959183673469,22.12468262253227
9.183673469387756,4.897959183673469,22.063606132892644
9.387755102040817,4.897959183673469,22.012763397045784
9.591836734693878,4.897959183673469,21.972664516928187
9.795918367346939,4.897959183673469,21.94372767691359
10.0,4.897959183673469,21.926273135883005
0.0,5.061224489795918,22.588767261737267
0.20408163265306123,5.061224489795918,22.698588388442232
0.40816326530612246,5.061224489795918,22.812440996775894
0.6122448979591837,5.061224489795918,22.9291228579088
0.8163265306122449,5.061224489795918,23.047401182959067
1.0204081632653061,5.061224489795918,23.16602511898084
1.2244897959183674,5.061224489795918,23.283738346178144
1.4285714285714286,5.061224489795918,23.399291649824782
1.6326530612244898,5.061224489795918,23.511455352038737
1.836734693877551,5.061224489795918,23.619031504792154
2.0408163265306123,5.061224489795918,23.72086576560347
2.2448979591836737,5.061224489795918,23.81585889975625
2.4489795918367347,5.061224489795918,23.902977875265236
2.6530612244897958,5.061224489795918,23.98126653599174
2.857142857142857,5.061224489795918,24.049855850515733
3.0612244897959187,5.061224489795918,24.107973735625894
3.2653061224489797,5.061224489795918,24.15495444003735
3.4693877551020407,5.061224489795918,24.190247443830284
3.673469387755102,5.061224489795918,24.21342578177651
3.8775510204081636,5.061224489795918,24.224193636588467
4.081632653061225,5.061224489795918,24.22239297678398
4.285714285714286,5.061224489795918,24.20800894210345
4.4897959183673475,5.061224489795918,24.181173618634503
4.6938775510204085,5.061224489795918,24.14216780874253
4.8979591836734695,5.061224489795918,24.091420399880192
5.1020408163265305,5.061224489795918,24.02950498104973
5.3061224489795915,5.061224489795918,23.957133451028675
5.510204081632653,5.061224489795918,23.875146506779036
5.714285714285714,5.061224489795918,23.784501084552918
5.918367346938775,5.061224489795918,23.68625503356051
6.122448979591837,5.061224489795918,23.581549510329943
6.326530612244898,5.061224489795918,23.47158976562219
6.530612244897959,5.061224489795918,23.35762513005149
6.73469387755102,5.061224489795918,23.240929068948006
6.938775510204081,5.061224489795918,23.122780159056887
7.142857142857143,5.061224489795918,23.004444737503135
7.346938775510204,5.061224489795918,22.887161796627968
7.551020408163265,5.061224489795918,22.772130466901707
7.755102040816327,5.061224489795918,22.66050017204046
7.959183673469388,5.061224489795918,22.553363287365038
8.16326530612245,5.061224489795918,22.45174991506582
8.36734693877551,5.061224489795918,22.356624233624178
8.571428571428571,5.061224489795918,22.2688817993741
8.775510204081632,5.061224489795918,22.18934718116097
8.979591836734695,5.061224489795918,22.118771388086586
9.183673469387756,5.061224489795918,22.057828689566907
9.387755102040817,5.061224489795918,22.007112603851812
9.591836734693878,5.061224489795918,21.96713102037409
9.795918367346939,5.061224489795918,21.93830059843462
10.0,5.061224489795918,21.920940729751944
0.0,5.224489795918367,22.583868913955303
0.20408163265306123,5.224489795918367,22.69368980797036
0.40816326530612246,5.224489795918367,22.807542057976
0.6122448979591837,5.224489795918367,22.92422337541099
0.8163265306122449,5.224489795918367,23.042500887663582
1.0204081632653061,5.224489795918367,23.161123626595543
1.2244897959183674,5.224489795918367,23.278835116955072
1.4285714285714286,5.224489795918367,23.394385938352247
1.6326530612244898,5.224489795918367,23.50654614637349
1.836734693877551,5.224489795918367,23.614117454941375
2.0408163265306123,5.224489795918367,23.715945102436002
2.2448979591836737,5.224489795918367,23.810929346855062
2.4489795918367347,5.224489795918367,23.898036558002023
2.6530612244897958,5.224489795918367,23.976309894121353
2.857142857142857,5.224489795918367,24.044879562692223
3.0612244897959187,5.224489795918367,24.102972666195623
3.2653061224489797,5.224489795918367,24.14992261996303
3.4693877551020407,5.224489795918367,24.185178098292777
3.673469387755102,5.224489795918367,24.20831141653534
3.8775510204081636,5.224489795918367,24.219026193252088
4.081632653061225,5.224489795918367,24.217164063555224
4.285714285714286,5.224489795918367,24.202710141307293
4.4897959183673475,5.224489795918367,24.17579686561351
4.6938775510204085,5.224489795918367,24.136705828983033
4.8979591836734695,5.224489795918367,24.085867183215736
5.1020408163265305,5.224489795918367,24.02385626437824
5.3061224489795915,5.224489795918367,23.951387175174652
5.510204081632653,5.224489795918367,23.8693032099018
5.714285714285714,5.224489795918367,23.77856419463787
5.918367346938775,5.224489795918367,23.680231026502412
6.122448979591837,5.224489795918367,23.575447907959425
6.326530612244898,5.224489795918367,23.465422959275305
6.530612244897959,5.224489795918367,23.351408028987336
6.73469387755102,5.224489795918367,23.234678587731135
6.938775510204081,5.224489795918367,23.11651457234732
7.142857142857143,5.224489795918367,22.9981829429096
7.346938775510204,5.224489795918367,22.8809225349403
7.551020408163265,5.224489795918367,22.765931553081995
7.755102040816327,5.224489795918367,22.654357789324077
7.959183673469388,5.224489795918367,22.547291390827333
8.16326530612245,5.224489795918367,22.44575978077752
8.36734693877551,5.224489795918367,22.350724176272163
8.571428571428571,5.224489795918367,22.26307706650545
8.775510204081632,5.224489795918367,22.18364001765752
8.979591836734695,5.224489795918367,22.113161251612077
9.183673469387756,5.224489795918367,22.052312587754955
9.387755102040817,5.224489795918367,22.001685517681615
9.591836734693878,5.224489795918367,21.96178637577367
9.795918367346939,5.224489795918367,21.93303074943938
10.0,5.224489795918367,21.915737420914922
0.0,5.387755102040816,22.578970740633835
0.20408163265306123,5.387755102040816,22.688791506424696
0.40816326530612246,5.387755102040816,22.80264355897303
0.6122448979591837,5.387755102040816,22.91932457680229
0.8163265306122449,5.387755102040816,23.03760164116125
1.0204081632653061,5.387755102040816,23.156223720434696
1.2244897959183674,5.387755102040816,23.273934253706614
1.4285714285714286,5.387755102040816,23.389483707255707
1.6326530612244898,5.387755102040816,23.501641989795704
1.836734693877551,5.387755102040816,23.609210628966352
2.0408163265306123,5.387755102040816,23.711034632180795
2.2448979591836737,5.387755102040816,23.80601397789593
2.4489795918367347,5.387755102040816,23.893114706269813
2.6530612244897958,5.387755102040816,23.971379597736508
2.857142857142857,5.387755102040816,24.039938440369202
3.0612244897959187,5.387755102040816,24.098017887923156
3.2653061224489797,5.387755102040816,24.144950896492265
3.4693877551020407,5.387755102040816,24.18018569634732
3.673469387755102,5.387755102040816,24.203294206400358
3.8775510204081636,5.387755102040816,24.213979734336267
4.081632653061225,5.387755102040816,24.212083731543487
4.285714285714286,5.387755102040816,24.197591297624516
4.4897959183673475,5.387755102040816,24.17063506621556
4.6938775510204085,5.387755102040816,24.131497065235923
4.8979591836734695,5.387755102040816,24.080608143206323
5.1020408163265305,5.387755102040816,24.018544598916378
5.3061224489795915,5.387755102040816,23.946021749547935
5.510204081632653,5.387755102040816,23.863884320663903
5.714285714285714,5.387755102040816,23.773093730786375
5.918367346938775,5.387755102040816,23.6747125565909
6.122448979591837,5.387755102040816,23.569886679009972
6.326530612244898,5.387755102040816,23.459825799556167
6.530612244897959,5.387755102040816,23.345783154272834
6.73469387755102,5.387755102040816,23.22903531882281
6.938775510204081,5.387755102040816,23.110862979529788
7.142857142857143,5.387755102040816,22.992533439744506
7.346938775510204,5.387755102040816,22.87528544857393
7.551020408163265,5.387755102040816,22.760316700481596
7.755102040816327,5.387755102040816,22.648774088290917
7.959183673469388,5.387755102040816,22.541746531331047
8.16326530612245,5.387755102040816,22.44025997651738
8.36734693877551,5.387755102040816,22.34527400907147
8.571428571428571,5.387755102040816,22.25767942803457
8.775510204081632,5.387755102040816,22.178296144962676
8.979591836734695,5.387755102040816,22.10787084583788
9.183673469387756,5.387755102040816,22.04707399995247
9.387755102040817,5.387755102040816,21.99649598211031
9.591836734693878,5.387755102040816,21.95664226977923
9.795918367346939,5.387755102040816,21.927927859699118
10.0,5.387755102040816,21.910671198249787
0.0,5.551020408163265,22.574072747431913
0.20408163265306123,5.551020408163265,22.683893492852892
0.40816326530612246,5.551020408163265,22.797745514032865
0.6122448979591837,5.551020408163265,22.91442648426631
0.8163265306122449,5.551020408163265,23.032703477472225
1.0204081632653061,5.551020408163265,23.151325451951344
1.2244897959183674,5.551020408163265,23.269035833178908
1.4285714285714286,5.551020408163265,23.38458506942963
1.6326530612244898,5.551020408163265,23.496743046084823
1.836734693877551,5.551020408163265,23.604311261191075
2.0408163265306123,5.551020408163265,23.706134685469774
2.2448979591836737,5.551020408163265,23.80111325296955
2.4489795918367347,5.551020408163265,23.8882129514805
2.6530612244897958,5.551020408163265,23.966476501417176
2.857142857142857,5.551020408163265,24.035033624225303
3.0612244897959187,5.551020408163265,24.09311090237491
3.2653061224489797,5.551020408163265,24.14004121900473
3.4693877551020407,5.551020408163265,24.175272733846676
3.673469387755102,5.551020408163265,24.198377302833997
3.8775510204081636,5.551020408163265,24.209058184265274
4.081632653061225,5.551020408163265,24.20715680034232
4.285714285714286,5.551020408163265,24.19265824840227
4.4897959183673475,5.551020408163265,24.1656951929848
4.6938775510204085,5.551020408163265,24.12654973117912
4.8979591836734695,5.551020408163265,24.07565282218805
5.1020408163265305,5.551020408163265,24.01358091774081
5.3061224489795915,5.551020408163265,23.941049527952984
5.510204081632653,5.551020408163265,23.85890360576052
5.714285714285714,5.551020408163265,23.768104822663513
5.918367346938775,5.551020408163265,23.66971602215427
6.122448979591837,5.551020408163265,23.564883351809264
6.326530612244898,5.551020408163265,23.454816764340183
6.530612244897959,5.551020408163265,23.340769716211653
6.73469387755102,5.551020408163265,23.224018958632765
6.938775510204081,5.551020408163265,23.105845296991202
7.142857142857143,5.551020408163265,22.987516089171198
7.346938775510204,5.551020408163265,22.870270070551655
7.551020408163265,5.551020408163265,22.755304854548303
7.755102040816327,5.551020408163265,22.643767191141716
7.959183673469388,5.551020408163265,22.536745804605903
8.16326530612245,5.551020408163265,22.435266407333756
8.36734693877551,5.551020408163265,22.34028832530461
8.571428571428571,5.551020408163265,22.252702089059504
8.775510204081632,5.551020408163265,22.173327347298393
8.979591836734695,5.551020408163265,22.102910542007777
9.183673469387756,5.551020408163265,22.042121928002075
9.387755102040817,5.551020408163265,21.991551702669987
9.591836734693878,5.551020408163265,21.951705207348752
9.795918367346939,5.551020408163265,21.922997344943802
10.0,5.551020408163265,21.905746508480316
0.0,5.7142857142857135,22.569174935252207
0.20408163265306123,5.7142857142857135,22.678995768698115
0.40816326530612246,5.7142857142857135,22.79284792543103
0.6122448979591837,5.7142857142857135,22.90952910134153
0.8163265306122449,5.7142857142857135,23.027806402023014
1.0204081632653061,5.7142857142857135,23.14642882935268
1.2244897959183674,5.7142857142857135,23.2641398676136
1.4285714285714286,5.7142857142857135,23.379690042881617
1.6326530612244898,5.7142857142857135,23.49184934136503
1.836734693877551,5.7142857142857135,23.59941938899216
2.0408163265306123,5.7142857142857135,23.70124531504146
2.2448979591836737,5.7142857142857135,23.796227245464184
2.4489795918367347,5.7142857142857135,23.8833313943495
2.6530612244897958,5.7142857142857135,23.96160074147592
2.857142857142857,5.7142857142857135,24.03016529620818
3.0612244897959187,5.7142857142857135,24.088251949063118
3.2653061224489797,5.7142857142857135,24.13519389844256
3.4693877551020407,5.7142857142857135,24.17043960889995
3.673469387755102,5.7142857142857135,24.19356120852051
3.8775510204081636,5.7142857142857135,24.204262169017156
4.081632653061225,5.7142857142857135,24.20238403871667
4.285714285714286,5.7142857142857135,24.18791192474559
4.4897959183673475,5.7142857142857135,24.160978358099552
4.6938775510204085,5.7142857142857135,24.121865136962022
4.8979591836734695,5.7142857142857135,24.071002742242257
5.1020408163265305,5.7142857142857135,24.008966964767474
5.3061224489795915,5.7142857142857135,23.936472480923527
5.510204081632653,5.7142857142857135,23.85436326109311
5.714285714285714,5.7142857142857135,23.76359988357569
5.918367346938775,5.7142857142857135,23.665244038861164
6.122448979591837,5.7142857142857135,23.560440722270172
6.326530612244898,5.7142857142857135,23.450398801000933
6.530612244897959,5.7142857142857135,23.336370779005716
6.73469387755102,5.7142857142857135,23.21963264890085
6.938775510204081,5.7142857142857135,23.101464701559586
7.142857142857143,5.7142857142857135,22.983134059209092
7.346938775510204,5.7142857142857135,22.865879516551754
7.551020408163265,5.7142857142857135,22.750899037237335
7.755102040816327,5.7142857142857135,22.639339988517005
7.959183673469388,5.7142857142857135,22.532291937561837
8.16326530612245,5.7142857142857135,22.430781610213096
8.36734693877551,5.7142857142857135,22.33576945272053
8.571428571428571,5.7142857142857135,22.24814715590232
8.775510204081632,5.7142857142857135,22.168735504345296
8.979591836734695,5.7142857142857135,22.09828199442071
9.183673469387756,5.7142857142857135,22.037457807771933
9.387755102040817,5.7142857142857135,21.986853908456585
9.591836734693878,5.7142857142857135,21.946976226076696
9.795918367346939,5.7142857142857135,21.918240069027043
10.0,5.7142857142857135,21.90096406089564
0.0,5.877551020408163,22.564277300201187
0.20408163265306123,5.877551020408163,22.67409832773544
0.40816326530612246,5.877551020408163,22.787950783352354
0.6122448979591837,5.877551020408163,22.904632412765242
0.8163265306122449,5.877551020408163,23.022910391407162
1.0204081632653061,5.877551020408163,23.14153381723813
1.2244897959183674,5.877551020408163,23.259246304208048
1.4285714285714286,5.877551020408163,23.374798549938365
1.6326530612244898,5.877551020408163,23.486960762953288
1.836734693877551,5.877551020408163,23.594534851150737
2.0408163265306123,5.877551020408163,23.6963662934155
2.2448979591836737,5.877551020408163,23.791355638829664
2.4489795918367347,5.877551020408163,23.878469600454757
2.6530612244897958,5.877551020408163,23.95675172994728
2.857142857142857,5.877551020408163,24.025332671511677
3.0612244897959187,5.877551020408163,24.083439994884724
3.2653061224489797,5.877551020408163,24.130407593599625
3.4693877551020407,5.877551020408163,24.165684604318304
3.673469387755102,5.877551020408163,24.188843755200537
3.8775510204081636,5.877551020408163,24.199588988521754
4.081632653061225,5.877551020408163,24.197762130704778
4.285714285714286,5.877551020408163,24.18334831046106
4.4897959183673475,5.877551020408163,24.156479764331703
4.6938775510204085,5.877551020408163,24.11743763143552
4.8979591836734695,5.877551020408163,24.06665133808058
5.1020408163265305,5.877551020408163,24.004695217855005
5.3061224489795915,5.877551020408163,23.93228210883351
5.510204081632653,5.877551020408163,23.85025381494294
5.714285714285714,5.877551020408163,23.759568504057857
5.918367346938775,5.877551020408163,23.661285324384835
6.122448979591837,5.877551020408163,23.556546730607284
6.326530612244898,5.877551020408163,23.446559196448128
6.530612244897959,5.877551020408163,23.33257312564173
6.73469387755102,5.877551020408163,23.21586283816459
6.938775510204081,5.877551020408163,23.09770749042445
7.142857142857143,5.877551020408163,22.979373685042443
7.346938775510204,5.877551020408163,22.862100347524734
7.551020408163265,5.877551020408163,22.747086213760717
7.755102040816327,5.877551020408163,22.635480012036677
7.959183673469388,5.877551020408163,22.528373168048134
8.16326530612245,5.877551020408163,22.426794642213554
8.36734693877551,5.877551020408163,22.331707350894465
8.571428571428571,5.877551020408163,22.244005543232607
8.775510204081632,5.877551020408163,22.1645125083597
8.979591836734695,5.877551020408163,22.093978067485843
9.183673469387756,5.877551020408163,22.033075445842318
9.387755102040817,5.877551020408163,21.982397297933915
9.591836734693878,5.877551020408163,21.94245085044214
9.795918367346939,5.877551020408163,21.913652305835175
10.0,5.877551020408163,21.89632079607471
0.0,6.040816326530612,22.559379833760513
0.20408163265306123,6.040816326530612,22.66920115634579
0.40816326530612246,6.040816326530612,22.783054066322975
0.6122448979591837,6.040816326530612,22.899736385145342
0.8163265306122449,6.040816326530612,23.018015394415478
1.0204081632653061,6.040816326530612,23.136640338157466
1.2244897959183674,6.040816326530612,23.254355027439324
1.4285714285714286,6.040816326530612,23.369910420664315
1.6326530612244898,6.040816326530612,23.48207706431891
1.836734693877551,6.040816326530612,23.5896572949482
2.0408163265306123,6.040816326530612,23.691497122904796
2.2448979591836737,6.040816326530612,23.78649774050974
2.4489795918367347,6.040816326530612,23.873626619357037
2.6530612244897958,6.040816326530612,23.95192818046597
2.857142857142857,6.040816326530612,24.02053403311755
3.0612244897959187,6.040816326530612,24.078672779591454
3.2653061224489797,6.040816326530612,24.12567937015216
3.4693877551020407,6.040816326530612,24.161003963193725
3.673469387755102,6.040816326530612,24.184220199102864
3.8775510204081636,6.040816326530612,24.195032735499108
4.081632653061225,6.040816326530612,24.19328382156392
4.285714285714286,6.040816326530612,24.178958618821905
4.4897959183673475,6.040816326530612,24.152188916187512
4.6938775510204085,6.040816326530612,24.11325485087653
4.8979591836734695,6.040816326530612,24.062584246003542
5.1020408163265305,6.040816326530612,24.00074921987739
5.3061224489795915,6.040816326530612,23.928459815991804
5.510204081632653,6.040816326530612,23.846554544850616
5.714285714285714,6.040816326530612,23.755987910026185
5.918367346938775,6.040816326530612,23.65781519497311
6.122448979591837,6.040816326530612,23.55317499212525
6.326530612244898,6.040816326530612,23.443270136669923
6.530612244897959,6.040816326530612,23.329347839612687
6.73469387755102,6.040816326530612,23.212679878200824
6.938775510204081,6.040816326530612,23.094543684239746
7.142857142857143,6.040816326530612,22.97620507045101
7.346938775510204,6.040816326530612,22.85890316118731
7.551020408163265,6.040816326530612,22.743837866288487
7.755102040816327,6.040816326530612,22.632159983071848
7.959183673469388,6.040816326530612,22.524963762541937
8.16326530612245,6.040816326530612,22.42328156209762
8.36734693877551,6.040816326530612,22.32808005313796
8.571428571428571,6.040816326530612,22.240257373940853
8.775510204081632,6.040816326530612,22.160640621020402
8.979591836734695,6.040816326530612,22.089983149781894
9.183673469387756,6.040816326530612,22.02896129209713
9.387755102040817,6.040816326530612,21.978170272270617
9.591836734693878,6.040816326530612,21.938119288790237
9.795918367346939,6.040816326530612,21.909225903285016
10.0,6.040816326530612,21.89181002054087
0.0,6.204081632653061,22.554482523159024
0.20408163265306123,6.204081632653061,22.664304234110727
0.40816326530612246,6.204081632653061,22.778157742148107
0.6122448979591837,6.204081632653061,22.894840968418592
0.8163265306122449,6.204081632653061,23.013121334272384
1.0204081632653061,6.204081632653061,23.131748275993118
1.2244897959183674,6.204081632653061,23.24946586410924
1.4285714285714286,6.204081632653061,23.365025400282924
1.6326530612244898,6.204081632653061,23.47719787584981
1.836734693877551,6.204081632653061,23.584786191569826
2.0408163265306123,6.204081632653061,23.68663705735004
2.2448979591836737,6.204081632653061,23.78165251218681
2.4489795918367347,6.204081632653061,23.868801026106667
2.6530612244897958,6.204081632653061,23.94712816444393
2.857142857142857,6.204081632653061,24.01576680677966
3.0612244897959187,6.204081632653061,24.073946914497437
3.2653061224489797,6.204081632653061,24.121004828804026
3.4693877551020407,6.204081632653061,24.156392052967515
3.673469387755102,6.204081632653061,24.179683428110373
3.8775510204081636,6.204081632653061,24.19058455343718
4.081632653061225,6.204081632653061,24.18893823459335
4.285714285714286,6.204081632653061,24.174729676294415
4.4897959183673475,6.204081632653061,24.148090078257887
4.6938775510204085,6.204081632653061,24.109298258925964
4.8979591836734695,6.204081632653061,24.058779931179835
5.1020408163265305,6.204081632653061,23.997104297425583
5.3061224489795915,6.204081632653061,23.924977722737484
5.510204081632653,6.204081632653061,23.843234382589753
5.714285714285714,6.204081632653061,23.75282395734849
5.918367346938775,6.204081632653061,23.65479664341626
6.122448979591837,6.204081632653061,23.55028594946876
6.326530612244898,6.204081632653061,23.440489921402808
6.530612244897959,6.204081632653061,23.326651567734988
6.73469387755102,6.204081632653061,23.210039318797723
6.938775510204081,6.204081632653061,23.091928336356357
7.142857142857143,6.204081632653061,22.973583393412387
7.346938775510204,6.204081632653061,22.856243876053956
7.551020408163265,6.204081632653061,22.74111123935512
7.755102040816327,6.204081632653061,22.629339004033955
7.959183673469388,6.204081632653061,22.522025139960814
8.16326530612245,6.204081632653061,22.42020647587351
8.36734693877551,6.204081632653061,22.32485462580945
8.571428571428571,6.204081632653061,22.236872847194697
8.775510204081632,6.204081632653061,22.157093248081583
8.979591836734695,6.204081632653061,22.086273835825875
9.183673469387756,6.204081632653061,22.025095031473025
9.387755102040817,6.204081632653061,21.974155441874462
9.591836734693878,6.204081632653061,21.933966860945056
9.795918367346939,6.204081632653061,21.90494863933471
10.0,6.204081632653061,21.88742169907366
0.0,6.367346938775509,22.549585351922712
0.20408163265306123,6.367346938775509,22.65940753469172
0.40816326530612246,6.367346938775509,22.77326176929848
0.6122448979591837,6.367346938775509,22.889946098006504
0.8163265306122449,6.367346938775509,23.008228111942124
1.0204081632653061,6.367346938775509,23.126857480960613
1.2244897959183674,6.367346938775509,23.24457859080283
1.4285714285714286,6.367346938775509,23.36014316014821
1.6326530612244898,6.367346938775509,23.47232272076924
1.836734693877551,6.367346938775509,23.57992085887731
2.0408163265306123,6.367346938775509,23.681785134251857
2.2448979591836737,6.367346938775509,23.77681861449533
2.4489795918367347,6.367346938775509,23.86399098260664
2.6530612244897958,6.367346938775509,23.942349194121736
2.857142857142857,6.367346938775509,24.01102767187956
3.0612244897959187,6.367346938775509,24.06925802840732
3.2653061224489797,6.367346938775509,24.1163782947351
3.4693877551020407,6.367346938775509,24.15184160798706
3.673469387755102,6.367346938775509,24.175224268031524
3.8775510204081636,6.367346938775509,24.186233017982772
4.081632653061225,6.367346938775509,24.184711339521282
4.285714285714286,6.367346938775509,24.17064448983425
4.4897959183673475,6.367346938775509,24.14416295283756
4.6938775510204085,6.367346938775509,24.10554394482616
4.8979591836734695,6.367346938775509,24.055210615007933
5.1020408163265305,6.367346938775509,23.993728623326742
5.3061224489795915,6.367346938775509,23.921799866030902
5.510204081632653,6.367346938775509,23.840253252068322
5.714285714285714,6.367346938775509,23.750032602204357
5.918367346938775,6.367346938775509,23.65218193270079
6.122448979591837,6.367346938775509,23.547828576094123
6.326530612244898,6.367346938775509,23.438164759883946
6.530612244897959,6.367346938775509,23.324428387081028
6.73469387755102,6.367346938775509,23.207883821929055
6.938775510204081,6.367346938775509,23.089803468374654
7.142857142857143,6.367346938775509,22.971450836287683
7.346938775510204,6.367346938775509,22.854065629732585
7.551020408163265,6.367346938775509,22.738851181052393
7.755102040816327,6.367346938775509,22.626964319561228
7.959183673469388,6.367346938775509,22.51950753309273
8.16326530612245,6.367346938775509,22.417523082510062
8.36734693877551,6.367346938775509,22.32198858654661
8.571428571428571,6.367346938775509,22.233813521762084
8.775510204081632,6.367346938775509,22.153836084609665
8.979591836734695,6.367346938775509,22.082819933991196
9.183673469387756,6.367346938775509,22.02145045879378
9.387755102040817,6.367346938775509,21.970330375246157
9.591836734693878,6.367346938775509,21.929974630386887
9.795918367346939,6.367346938775509,21.900804748305582
10.0,6.367346938775509,21.883142886858874
0.0,6.530612244897958,22.544688300569597
0.20408163265306123,6.530612244897958,22.654511026941123
0.40816326530612246,6.530612244897958,22.76836609866203
0.6122448979591837,6.530612244897958,22.885051697539282
0.8163265306122449,6.530612244897958,23.003335610306117
1.0204081632653061,6.530612244897958,23.1219677759265
1.2244897959183674,6.530612244897958,23.23969294331206
1.4285714285714286,6.530612244897958,23.355263311607093
1.6326530612244898,6.530612244897958,23.467451035246356
1.836734693877551,6.530612244897958,23.575060490181507
2.0408163265306123,6.530612244897958,23.676940215369246
2.2448979591836737,6.530612244897958,23.77199446351659
2.4489795918367347,6.530612244897958,23.859194315143988
2.6530612244897958,6.530612244897958,23.93758832750291
2.857142857142857,6.530612244897958,24.006312701491016
3.0612244897959187,6.530612244897958,24.06460095199435
3.2653061224489797,6.530612244897958,24.111793056966544
3.4693877551020407,6.530612244897958,24.14734403597281
3.673469387755102,6.530612244897958,24.170831869569973
3.8775510204081636,6.530612244897958,24.18196461882352
4.081632653061225,6.530612244897958,24.180586544305182
4.285714285714286,6.530612244897958,24.16668296365716
4.4897959183673475,6.530612244897958,24.140383536087228
4.6938775510204085,6.530612244897958,24.10196363198245
4.8979591836734695,6.530612244897958,24.051843446824257
5.1020408163265305,6.530612244897958,23.990584559122112
5.3061224489795915,6.530612244897958,23.918883716383487
5.510204081632653,6.530612244897958,23.837563759747983
5.714285714285714,6.530612244897958,23.74756175886423
5.918367346938775,6.530612244897958,23.649914609568263
6.122448979591837,6.530612244897958,23.545742528581304
6.326530612244898,6.530612244897958,23.43623103975863
6.530612244897959,6.530612244897958,23.322612163821905
6.73469387755102,6.530612244897958,23.206145580286098
6.938775510204081,6.530612244897958,23.088100515687493
7.142857142857143,6.530612244897958,22.969739024583617
7.346938775510204,6.530612244897958,22.852301177394093
7.551020408163265,6.530612244897958,22.736992469350298
7.755102040816327,6.530612244897958,22.6249735417527
7.959183673469388,6.530612244897958,22.517352087789195
8.16326530612245,6.530612244897958,22.415176626925525
8.36734693877551,6.530612244897958,22.319431696182754
8.571428571428571,6.530612244897958,22.2310339374718
8.775510204081632,6.530612244897958,22.150828561973764
8.979591836734695,6.530612244897958,22.079585739997825
9.183673469387756,6.530612244897958,22.017996584110982
9.387755102040817,6.530612244897958,21.966668545145446
9.591836734693878,6.530612244897958,21.92612020299925
9.795918367346939,6.530612244897958,21.896775585882317
10.0,6.530612244897958,21.87895827550396
0.0,6.693877551020408,22.539791347408634
0.20408163265306123,6.693877551020408,22.649614676179446
0.40816326530612246,6.693877551020408,22.763470675557876
0.6122448979591837,6.693877551020408,22.880157681987534
0.8163265306122449,6.693877551020408,22.99844369896568
1.0204081632653061,6.693877551020408,23.11707896367211
1.2244897959183674,6.693877551020408,23.234808627470272
1.4285714285714286,6.693877551020408,23.350385421937013
1.6326530612244898,6.693877551020408,23.46258219151734
1.836734693877551,6.693877551020408,23.570204187322553
2.0408163265306123,6.693877551020408,23.672101033395695
2.2448979591836737,6.693877551020408,23.767178295730844
2.4489795918367347,6.693877551020408,23.854408603527748
2.6530612244897958,6.693877551020408,23.93284228899708
2.857142857142857,6.693877551020408,24.001617523412385
3.0612244897959187,6.693877551020408,24.059969929780213
3.2653061224489797,6.693877551020408,24.107241643559544
3.4693877551020407,6.693877551020408,24.142889770363958
3.673469387755102,6.693877551020408,24.166494153224274
3.8775510204081636,6.693877551020408,24.17776431370854
4.081632653061225,6.693877551020408,24.176545375525627
4.285714285714286,6.693877551020408,24.16282272331165
4.4897959183673475,6.693877551020408,24.13672510236475
4.6938775510204085,6.693877551020408,24.09852583750827
4.8979591836734695,6.693877551020408,24.048641851018232
5.1020408163265305,6.693877551020408,23.987630198516364
5.3061224489795915,6.693877551020408,23.916181921874664
5.510204081632653,6.693877551020408,23.83511313812229
5.714285714285714,6.693877551020408,23.74535343558141
5.918367346938775,6.693877551020408,23.64793181950768
6.122448979591837,6.693877551020408,23.543960621151022
6.326530612244898,6.693877551020408,23.434617935647402
6.530612244897959,6.693877551020408,23.321129265193196
6.73469387755102,6.693877551020408,23.20474909786822
6.938775510204081,6.693877551020408,23.086743139125506
7.142857142857143,6.693877551020408,22.96837183080175
7.346938775510204,6.693877551020408,22.850875649297215
7.551020408163265,6.693877551020408,22.73546248667247
7.755102040816327,6.693877551020408,22.623297208523834
7.959183673469388,6.693877551020408,22.51549327641144
8.16326530612245,6.693877551020408,22.413106145342336
8.36734693877551,6.693877551020408,22.317128018916403
8.571428571428571,6.693877551020408,22.22848347940963
8.775510204081632,6.693877551020408,22.148025511453262
8.979591836734695,6.693877551020408,22.076531501046265
9.183673469387756,6.693877551020408,22.0146989035163
9.387755102040817,6.693877551020408,21.963140416400012
9.591836734693878,6.693877551020408,21.922378645389802
9.795918367346939,6.693877551020408,21.892840393664855
10.0,6.693877551020408,21.87485082079297
0.0,6.857142857142857,22.53489446939701
0.20408163265306123,6.857142857142857,22.644718445565992
0.40816326530612246,6.857142857142857,22.75857544189744
0.6122448979591837,6.857142857142857,22.875263961022885
0.8163265306122449,6.857142857142857,22.993552239395747
1.0204081632653061,6.857142857142857,23.112190834688217
1.2244897959183674,6.857142857142857,23.229925330778478
1.4285714285714286,6.857142857142857,23.345509031448355
1.6326530612244898,6.857142857142857,23.457715522696486
1.836734693877551,6.857142857142857,23.565350996167727
2.0408163265306123,6.857142857142857,23.66726624204682
2.2448979591836737,6.857142857142857,23.762368237716718
2.4489795918367347,6.857142857142857,23.849631276741935
2.6530612244897958,6.857142857142857,23.928107598880807
2.857142857142857,6.857142857142857,23.996937492968744
3.0612244897959187,6.857142857142857,24.05535884760821
3.2653061224489797,6.857142857142857,24.102716116927986
3.4693877551020407,6.857142857142857,24.13846864841667
3.673469387755102,6.857142857142857,24.162198286704825
3.8775510204081636,6.857142857142857,24.173616122961793
4.081632653061225,6.857142857142857,24.172568208509446
4.285714285714286,6.857142857142857,24.159039999982213
4.4897959183673475,6.857142857142857,24.13315926050007
4.6938775510204085,6.857142857142857,24.095197116520175
4.8979591836734695,6.857142857142857,24.04556697260653
5.1020408163265305,6.857142857142857,23.98482102363594
5.3061224489795915,6.857142857142857,23.913644179637174
5.510204081632653,6.857142857142857,23.832845331241632
5.714285714285714,6.857142857142857,23.743346026594153
5.918367346938775,6.857142857142857,23.646166790948055
6.122448979591837,6.857142857142857,23.542411481041686
6.326530612244898,6.857142857142857,23.433250208370517
6.530612244897959,6.857142857142857,23.31990146967546
6.73469387755102,6.857142857142857,23.20361417380387
6.938775510204081,6.857142857142857,23.085650242102584
7.142857142857143,6.857142857142857,22.96726838321812
7.346938775510204,6.857142857142857,22.84970950985791
7.551020408163265,6.857142857142857,22.73418408995352
7.755102040816327,6.857142857142857,22.621861528949637
7.959183673469388,6.857142857142857,22.51386148767282
8.16326530612245,6.857142857142857,22.411246874752475
8.36734693877551,6.857142857142857,22.315018133056444
8.571428571428571,6.857142857142857,22.226108378366597
8.775510204081632,6.857142857142857,22.145378949436722
8.979591836734695,6.857142857142857,22.073614986963538
9.183673469387756,6.857142857142857,22.011520762836035
9.387755102040817,6.857142857142857,21.95971461322119
9.591836734693878,6.857142857142857,21.91872347033035
9.795918367346939,6.857142857142857,21.88897711960061
10.0,6.857142857142857,21.870802416323396
0.0,7.020408163265306,22.529997643008755
0.20408163265306123,7.020408163265306,22.639822297487623
0.40816326530612246,7.020408163265306,22.753680338374206
0.6122448979591837,7.020408163265306,22.870370442423035
0.8163265306122449,7.020408163265306,22.98866109016679
1.0204081632653061,7.020408163265306,23.107303175072804
1.2244897959183674,7.020408163265306,23.225042734185532
1.4285714285714286,7.020408163265306,23.340633670813194
1.6326530612244898,7.020408163265306,23.452850347915458
1.836734693877551,7.020408163265306,23.560499942578982
2.0408163265306123,7.020408163265306,23.662434466810666
2.2448979591836737,7.020408163265306,23.757562376772764
2.4489795918367347,7.020408163265306,23.844859709864
2.6530612244897958,7.020408163265306,23.923380704471192
2.857142857142857,7.020408163265306,23.99226786810013
3.0612244897959187,7.020408163265306,24.050761463125955
3.2653061224489797,7.020408163265306,24.09820837305818
3.4693877551020407,7.020408163265306,24.13407029430458
3.673469387755102,7.020408163265306,24.157931168667055
3.8775510204081636,7.020408163265306,24.16950373186093
4.081632653061225,7.020408163265306,24.168635007112393
4.285714285714286,7.020408163265306,24.15531052649192
4.4897959183673475,7.020408163265306,24.129657024044675
4.6938775510204085,7.020408163265306,24.091943322894917
4.8979591836734695,7.020408163265306,24.0425791419323
5.1020408163265305,7.020408163265306,23.982111583199796
5.3061224489795915,7.020408163265306,23.91121913210211
5.510204081632653,7.020408163265306,23.830703107829738
5.714285714285714,7.020408163265306,23.741476634450972
5.918367346938775,7.020408163265306,23.64455135231701
6.122448979591837,7.020408163265306,23.54102223901701
6.326530612244898,7.020408163265306,23.43205104120625
6.530612244897959,7.020408163265306,23.318848915676465
6.73469387755102,7.020408163265306,23.20265892564758
6.938775510204081,7.020408163265306,23.084739027678218
7.142857142857143,7.020408163265306,22.966346114469058
7.346938775510204,7.020408163265306,22.848721555867318
7.551020408163265,7.020408163265306,22.733078518667224
7.755102040816327,7.020408163265306,22.620591164928722
7.959183673469388,7.020408163265306,22.512385650744893
8.16326530612245,7.020408163265306,22.409532694260122
8.36734693877551,7.020408163265306,22.313041371015494
8.571428571428571,7.020408163265306,22.223853737753227
8.775510204081632,7.020408163265306,22.142839886238974
8.979591836734695,7.020408163265306,22.070793082135435
9.183673469387756,7.020408163265306,22.00842473936741
9.387755102040817,7.020408163265306,21.956359101963276
9.591836734693878,7.020408163265306,21.915127635234235
9.795918367346939,7.020408163265306,21.885163249270978
10.0,7.020408163265306,21.866794576055284
0.0,7.183673469387754,22.525100845069577
0.20408163265306123,7.183673469387754,22.63492619489344
0.40816326530612246,7.183673469387754,22.748785306568166
0.6122448979591837,7.183673469387754,22.865477035344217
0.8163265306122449,7.183673469387754,22.983770111963363
1.0204081632653061,7.183673469387754,23.102415774121237
1.2244897959183674,7.183673469387754,23.22016052340942
1.4285714285714286,7.183673469387754,23.335758877719055
1.6326530612244898,7.183673469387754,23.44798599648348
1.836734693877551,7.183673469387754,23.555650066979585
2.0408163265306123,7.183673469387754,23.65760435372132
2.2448979591836737,7.183673469387754,23.752758828788387
2.4489795918367347,7.183673469387754,23.84009131720845
2.6530612244897958,7.183673469387754,23.91865810619046
2.857142857142857,7.183673469387754,23.98760397763037
3.0612244897959187,7.183673469387754,24.046171627291066
3.2653061224489797,7.183673469387754,24.093710429074346
3.4693877551020407,7.183673469387754,24.129684487298046
3.673469387755102,7.183673469387754,24.15367989360386
3.8775510204081636,7.183673469387754,24.16541106955431
4.081632653061225,7.183673469387754,24.164726034688325
4.285714285714286,7.183673469387754,24.15161039840697
4.4897959183673475,7.183673469387754,24.126189839836332
4.6938775510204085,7.183673469387754,24.088730820921775
4.8979591836734695,7.183673469387754,24.0396392823164
5.1020408163265305,7.183673469387754,23.979457105327675
5.3061224489795915,7.183673469387754,23.908856189387937
5.510204081632653,7.183673469387754,23.828630092097228
5.714285714285714,7.183673469387754,23.73968330188465
5.918367346938775,7.183673469387754,23.643018351063414
6.122448979591837,7.183673469387754,23.53972111508213
6.326530612244898,7.183673469387754,23.43094476568087
6.530612244897959,7.183673469387754,23.317892935366373
6.73469387755102,7.183673469387754,23.201802694923753
6.938775510204081,7.183673469387754,23.08392793655156
7.142857142857143,7.183673469387754,22.965523691398865
7.346938775510204,7.183673469387754,22.847831797933317
7.551020408163265,7.183673469387754,22.732068189591157
7.755102040816327,7.183673469387754,22.619411904505444
7.959183673469388,7.183673469387754,22.51099575715824
8.16326530612245,7.183673469387754,22.40789847133741
8.36734693877551,7.183673469387754,22.311137972058678
8.571428571428571,7.183673469387754,22.221665481568294
8.775510204081632,7.183673469387754,22.140360064467334
8.979591836734695,7.183673469387754,22.068023315435266
9.183673469387756,7.183673469387754,22.005373969798125
9.387755102040817,7.183673469387754,21.95304232781601
9.591836734693878,7.183673469387754,21.911564501744454
9.795918367346939,7.183673469387754,21.881376604800444
10.0,7.183673469387754,21.862809090276
0.0,7.346938775510203,22.520204053517485
0.20408163265306123,7.346938775510203,22.63003010251088
0.40816326530612246,7.346938775510203,22.74389029086331
0.6122448979591837,7.346938775510203,22.860583653302918
0.8163265306122449,7.346938775510203,22.97887917215677
1.0204081632653061,7.346938775510203,23.097528431242136
1.2244897959183674,7.346938775510203,23.21527839925281
1.4285714285714286,7.346938775510203,23.330884212043205
1.6326530612244898,7.346938775510203,23.4431218299011
1.836734693877551,7.346938775510203,23.550800455849856
2.0408163265306123,7.346938775510203,23.652774613799544
2.2448979591836737,7.346938775510203,23.747955800085155
2.4489795918367347,7.346938775510203,23.835323637195636
2.6530612244897958,7.346938775510203,23.91393647243101
2.857142857142857,7.346938775510203,23.982941374587014
3.0612244897959187,7.346938775510203,24.0415834861984
3.2653061224489797,7.346938775510203,24.08921468525695
3.4693877551020407,7.346938775510203,24.12530149723455
3.673469387755102,7.346938775510203,24.149432175437255
3.8775510204081636,7.346938775510203,24.16132283654728
4.081632653061225,7.346938775510203,24.16082250189625
4.285714285714286,7.346938775510203,24.147916858641125
4.4897959183673475,7.346938775510203,24.12273052518666
4.6938775510204085,7.346938775510203,24.08552758931234
4.8979591836734695,7.346938775510203,24.036710192653636
5.1020408163265305,7.346938775510203,23.976814967067384
5.3061224489795915,7.346938775510203,23.90650718978933
5.510204081632653,7.346938775510203,23.826572614138723
5.714285714285714,7.346938775510203,23.737907045407667
5.918367346938775,7.346938775510203,23.641503857775295
6.122448979591837,7.346938775510203,23.538439774485997
6.326530612244898,7.346938775510203,23.429859345200846
6.530612244897959,7.346938775510203,23.316958636756443
6.73469387755102,7.346938775510203,23.20096869454347
6.938775510204081,7.346938775510203,23.08313932404558
7.142857142857143,7.346938775510203,22.964723684621315
7.346938775510204,7.346938775510203,22.84696408593626
7.551020408163265,7.346938775510203,22.73107924328578
7.755102040816327,7.346938775510203,22.61825309769547
7.959183673469388,7.346938775510203,22.509625158658867
8.16326530612245,7.346938775510203,22.406282199640035
8.36734693877551,7.346938775510203,22.309251043803258
8.571428571428571,7.346938775510203,22.219492129311014
8.775510204081632,7.346938775510203,22.137893542952238
8.979591836734695,7.346938775510203,22.06526525423449
9.183673469387756,7.346938775510203,22.002333360154264
9.387755102040817,7.346938775510203,21.949734250513895
9.591836734693878,7.346938775510203,21.908008710072426
9.795918367346939,7.346938775510203,21.877596072790976
10.0,7.346938775510203,21.858828623289405
0.0,7.5102040816326525,22.515307248056192
0.20408163265306123,7.5102040816326525,22.625133987890383
0.40816326530612246,7.5102040816326525,22.73899524009478
0.6122448979591837,7.5102040816326525,22.855690216737223
0.8163265306122449,7.5102040816326525,22.973988148733092
1.0204081632653061,7.5102040816326525,23.092640961898184
1.2244897959183674,7.5102040816326525,23.210396086464243
1.4285714285714286,7.5102040816326525,23.326009268887567
1.6326530612244898,7.5102040816326525,23.438257260770335
1.836734693877551,7.5102040816326525,23.545950268782494
2.0408163265306123,7.5102040816326525,23.647944061227886
2.2448979591836737,7.5102040816326525,23.74315164053938
2.4489795918367347,7.5102040816326525,23.830554405255256
2.6530612244897958,7.5102040816326525,23.909212738226152
2.857142857142857,7.5102040816326525,23.978275967905294
3.0612244897959187,7.5102040816326525,24.036991654452564
3.2653061224489797,7.5102040816326525,24.084714150120195
3.4693877551020407,7.5102040816326525,24.120912372692548
3.673469387755102,7.5102040816326525,24.145176711389613
3.8775510204081636,7.5102040816326525,24.157224957820482
4.081632653061225,7.5102040816326525,24.15690712317578
4.285714285714286,7.5102040816326525,24.144208971442126
4.4897959183673475,7.5102040816326525,24.119254072938595
4.6938775510204085,7.5102040816326525,24.08230416956061
4.8979591836734695,7.5102040816326525,24.03375764918116
5.1020408163265305,7.5102040816326525,23.974145956739584
5.3061224489795915,7.5102040816326525,23.904127826160792
5.510204081632653,7.5102040816326525,23.824481299450348
5.714285714285714,7.5102040816326525,23.73609360219968
5.918367346938775,7.5102040816326525,23.639949059548513
6.122448979591837,7.5102040816326525,23.537115351561024
6.326530612244898,7.5102040816326525,23.42872850852827
6.530612244897959,7.5102040816326525,23.315977121741433
6.73469387755102,7.5102040816326525,23.2000862829732
6.938775510204081,7.5102040816326525,23.08230175967459
7.142857142857143,7.5102040816326525,22.963874861711002
7.346938775510204,7.5102040816326525,22.84604836433288
7.551020408163265,7.5102040816326525,22.730043731556325
7.755102040816327,7.5102040816326525,22.617049748894612
7.959183673469388,7.5102040816326525,22.508212541099628
8.16326530612245,7.5102040816326525,22.404626835421286
8.36734693877551,7.5102040816326525,22.307328247174812
8.571428571428571,7.5102040816326525,22.217286320655933
8.775510204081632,7.5102040816326525,22.13539805736624
8.979591836734695,7.5102040816326525,22.06248170187772
9.183673469387756,7.5102040816326525,21.999270625162726
9.387755102040817,7.5102040816326525,21.94640723402525
9.591836734693878,7.5102040816326525,21.904436930067458
9.795918367346939,7.5102040816326525,21.873802229628065
10.0,7.5102040816326525,21.854837226839397
0.0,7.673469387755102,22.510410410677135
0.20408163265306123,7.673469387755102,22.62023782224
0.40816326530612246,7.673469387755102,22.73410010886487
0.6122448979591837,7.673469387755102,22.85079665505318
0.8163265306122449,7.673469387755102,22.969096933431427
1.0204081632653061,7.673469387755102,23.087753202352534
1.2244897959183674,7.673469387755102,23.205513340817735
1.4285714285714286,7.673469387755102,23.321133688992894
1.6326530612244898,7.673469387755102,23.43339176790286
1.836734693877551,7.673469387755102,23.541098760098254
2.0408163265306123,7.673469387755102,23.643111643850496
2.2448979591836737,7.673469387755102,23.73834488602411
2.4489795918367347,7.673469387755102,23.825781612072245
2.6530612244897958,7.673469387755102,23.904484184082587
2.857142857142857,7.673469387755102,23.973604127652372
3.0612244897959187,7.673469387755102,24.032391353682954
3.2653061224489797,7.673469387755102,24.080202620236534
3.4693877551020407,7.673469387755102,24.116509171226557
3.673469387755102,7.673469387755102,24.140903472696824
3.8775510204081636,7.673469387755102,24.15310494484641
4.081632653061225,7.673469387755102,24.15296456134048
4.285714285714286,7.673469387755102,24.140468160869794
4.4897959183673475,7.673469387755102,24.115738294663075
4.6938775510204085,7.673469387755102,24.079034423630645
4.8979591836734695,7.673469387755102,24.030751285730926
5.1020408163265305,7.673469387755102,23.971415282481978
5.3061224489795915,7.673469387755102,23.901678785518754
5.510204081632653,7.673469387755102,23.822312338866826
5.714285714285714,7.673469387755102,23.734194825774605
5.918367346938775,7.673469387755102,23.638301772684308
6.122448979591837,7.673469387755102,23.535692066659728
6.326530612244898,7.673469387755102,23.427493454310518
6.530612244897959,7.673469387755102,23.314887258193586
6.73469387755102,7.673469387755102,23.199092781170638
6.938775510204081,7.673469387755102,23.08135186437234
7.142857142857143,7.673469387755102,22.96291401933722
7.346938775510204,7.673469387755102,22.845022474020173
7.551020408163265,7.673469387755102,22.728901365114584
7.755102040816327,7.673469387755102,22.615744188598548
7.959183673469388,7.673469387755102,22.506703501470987
8.16326530612245,7.673469387755102,22.402881764725972
8.36734693877551,7.673469387755102,22.30532314259458
8.571428571428571,7.673469387755102,22.215006033584366
8.775510204081632,7.673469387755102,22.132836107283808
8.979591836734695,7.673469387755102,22.059639654399447
9.183673469387756,7.673469387755102,21.996157118644756
9.387755102040817,7.673469387755102,21.94303675736487
9.591836734693878,7.673469387755102,21.900828461279986
9.795918367346939,7.673469387755102,21.869977841065865
10.0,7.673469387755102,21.850820750307076
0.0,7.836734693877551,22.505513526035852
0.20408163265306123,7.836734693877551,22.615341581027103
0.40816326530612246,7.836734693877551,22.729204858491762
0.6122448979591837,7.836734693877551,22.845902908100136
0.8163265306122449,7.836734693877551,22.964205434006427
1.0204081632653061,7.836734693877551,23.082865013090707
1.2244897959183674,7.836734693877551,23.20062995421681
1.4285714285714286,7.836734693877551,23.31625716624687
1.6326530612244898,7.836734693877551,23.428524907212214
1.836734693877551,7.836734693877551,23.536245294429758
2.0408163265306123,7.836734693877551,23.63827646516194
2.2448979591836737,7.836734693877551,23.73353428900763
2.4489795918367347,7.836734693877551,23.82100354557903
2.6530612244897958,7.836734693877551,23.899748492814545
2.857142857142857,7.836734693877551,23.968922760888592
3.0612244897959187,7.836734693877551,24.02777851240599
3.2653061224489797,7.836734693877551,24.075674809880855
3.4693877551020407,7.836734693877551,24.112085125354678
3.673469387755102,7.836734693877551,24.136603914197362
3.8775510204081636,7.836734693877551,24.148952156584613
4.081632653061225,7.836734693877551,24.14898174810656
4.285714285714286,7.836734693877551,24.13667859901079
4.4897959183673475,7.836734693877551,24.11216428437049
4.6938775510204085,7.836734693877551,24.07569608020999
4.8979591836734695,7.836734693877551,24.02766522834599
5.1020408163265305,7.836734693877551,23.96859329935731
5.3061224489795915,7.836734693877551,23.89912657063558
5.510204081632653,7.836734693877551,23.820028404120283
5.714285714285714,7.836734693877551,23.732169692184158
5.918367346938775,7.836734693877551,23.63651753326572
6.122448979591837,7.836734693877551,23.534122391882175
6.326530612244898,7.836734693877551,23.426104079957653
6.530612244897959,7.836734693877551,23.313636957550457
6.73469387755102,7.836734693877551,23.197934782501196
6.938775510204081,7.836734693877551,23.08023563503815
7.142857142857143,7.836734693877551,22.961787304137445
7.346938775510204,7.836734693877551,22.843833451385745
7.551020408163265,7.836734693877551,22.727600773552417
7.755102040816327,7.836734693877551,22.614287278625966
7.959183673469388,7.836734693877551,22.505051684858376
8.16326530612245,7.836734693877551,22.401003861161108
8.36734693877551,7.836734693877551,22.303196160510726
8.571428571428571,7.836734693877551,22.212615462593952
8.775510204081632,7.836734693877551,22.130175739895037
8.979591836734695,7.836734693877551,22.056710990267153
9.183673469387756,7.836734693877551,21.99296843218654
9.387755102040817,7.836734693877551,21.93960192705306
9.591836734693878,7.836734693877551,21.89716566557603
9.795918367346939,7.836734693877551,21.866108222402172
10.0,7.836734693877551,21.84676713644165
0.0,8.0,22.50061658167824
0.20408163265306123,8.0,22.610445244340156
0.40816326530612246,8.0,22.72430945757994
0.6122448979591837,8.0,22.841008927057715
0.8163265306122449,8.0,22.95931357558852
1.0204081632653061,8.0,23.077976280877852
1.2244897959183674,8.0,23.19574575776307
1.4285714285714286,8.0,23.31137945219799
1.6326530612244898,8.0,23.42365631826222
1.836734693877551,8.0,23.531389356090532
2.0408163265306123,8.0,23.633437797526913
2.2448979591836737,8.0,23.728718836949408
2.4489795918367347,8.0,23.816218816201456
2.6530612244897958,8.0,23.895003783712706
2.857142857142857,8.0,23.96422935727552
3.0612244897959187,8.0,24.023149826062635
3.2653061224489797,8.0,24.07112642897308
3.4693877551020407,8.0,24.107634742350992
3.673469387755102,8.0,24.13227110033811
3.8775510204081636,8.0,24.14475795639304
4.081632653061225,8.0,24.144948076796066
4.285714285714286,8.0,24.13282743937492
4.4897959183673475,8.0,24.108516697295858
4.6938775510204085,8.0,24.072271063119498
4.8979591836734695,8.0,24.024478476814455
5.1020408163265305,8.0,23.96565594649363
5.3061224489795915,8.0,23.8964439939852
5.510204081632653,8.0,23.81759919827788
5.714285714285714,8.0,23.729984904951525
5.918367346938775,8.0,23.63456025281659
6.122448979591837,8.0,23.532367751916023
6.326530612244898,8.0,23.42451972044855
6.530612244897959,8.0,23.31218394290589
6.73469387755102,8.0,23.196568940265085
6.938775510204081,8.0,23.07890924085941
7.142857142857143,8.0,22.96045100683181
7.346938775510204,8.0,22.842438309302192
7.551020408163265,8.0,22.726100262842913
7.755102040816327,8.0,22.61263913670364
7.959183673469388,8.0,22.50321946798557
8.16326530612245,8.0,22.398958121831946
8.36734693877551,8.0,22.30091518488566
8.571428571428571,8.0,22.21008554668181
8.775510204081632,8.0,22.12739102117752
8.979591836734695,8.0,22.053672885057672
9.183673469387756,8.0,21.989684755062427
9.387755102040817,8.0,21.936085785208135
9.591836734693878,8.0,21.89343422722677
9.795918367346939,8.0,21.862181455017094
10.0,8.0,21.842666599155034
