x_km,y_km,elevation_m
0.0,0.0,210.0000220229232
0.20408163265306123,0.0,210.65237135485285
0.40816326530612246,0.0,211.30038312420638
0.6122448979591837,0.0,211.93974496973107
0.8163265306122449,0.0,212.5662035703158
1.0204081632653061,0.0,213.17559342755578
1.2244897959183674,0.0,213.76386515101385
1.4285714285714286,0.0,214.32711305018879
1.6326530612244898,0.0,214.8616018289121
1.836734693877551,0.0,215.36379216730782
2.0408163265306123,0.0,215.83036496433607
2.2448979591836737,0.0,216.25824400187915
2.4489795918367347,0.0,216.64461678184534
2.6530612244897958,0.0,216.98695328425768
2.857142857142857,0.0,217.28302240082655
3.0612244897959187,0.0,217.53090581932932
3.2653061224489797,0.0,217.72900917300564
3.4693877551020407,0.0,217.87607032854697
3.673469387755102,0.0,217.97116476627335
3.8775510204081636,0.0,218.01370810385308
4.081632653061225,0.0,218.0034559239542
4.285714285714286,0.0,217.9405011764938
4.4897959183673475,0.0,217.82526952473887
4.6938775510204085,0.0,217.65851307696906
4.8979591836734695,0.0,217.4413029777792
5.1020408163265305,0.0,217.17502131433028
5.3061224489795915,0.0,216.8613527172251
5.510204081632653,0.0,216.50227590478087
5.714285714285714,0.0,216.10005524326363
5.918367346938775,0.0,215.65723219227456
6.122448979591837,0.0,215.17661629856357
6.326530612244898,0.0,214.66127522117102
6.530612244897959,0.0,214.11452314347358
6.73469387755102,0.0,213.53990687600475
6.938775510204081,0.0,212.9411889914881
7.142857142857143,0.0,212.32232746232492
7.346938775510204,0.0,211.68745148005297
7.551020408163265,0.0,211.04083340360643
7.755102040816327,0.0,210.38685707744096
7.959183673469388,0.0,209.72998304647444
8.16326530612245,0.0,209.0747114381219
8.36734693877551,0.0,208.42554345439373
8.571428571428571,0.0,207.7869425010877
8.775510204081632,0.0,207.16329597092883
8.979591836734695,0.0,206.55887860002852
9.183673469387756,0.0,205.97781814998444
9.387755102040817,0.0,205.4240639564755
9.591836734693878,0.0,204.90135865771256
9.795918367346939,0.0,204.41321319983982
10.0,0.0,203.9628850338163
0.0,0.16326530612244897,210.8163561065468
0.20408163265306123,0.16326530612244897,211.46870996116624
0.40816326530612246,0.16326530612244897,212.11672869518142
0.6122448979591837,0.16326530612244897,212.75610110831977
0.8163265306122449,0.16326530612244897,213.3825755068897
1.0204081632653061,0.16326530612244897,213.99198863142956
1.2244897959183674,0.16326530612244897,214.5802941130275
1.4285714285714286,0.16326530612244897,215.14359025857635
1.6326530612244898,0.16326530612244897,215.67814695236243
1.836734693877551,0.16326530612244897,216.18043144502815
2.0408163265306123,0.16326530612244897,216.6471327821384
2.2448979591836737,0.16326530612244897,217.07518460546441
2.4489795918367347,0.16326530612244897,217.46178604407964
2.6530612244897958,0.16326530612244897,217.8044204040354
2.857142857142857,0.16326530612244897,218.10087137021844
3.0612244897959187,0.16326530612244897,218.3492364577407
3.2653061224489797,0.16326530612244897,218.5479374979478
3.4693877551020407,0.16326530612244897,218.6957280191528
3.673469387755102,0.16326530612244897,218.7916974847469
3.8775510204081636,0.16326530612244897,218.83527247755086
4.081632653061225,0.16326530612244897,218.82621506048872
4.285714285714286,0.16326530612244897,218.76461868645404
4.4897959183673475,0.16326530612244897,218.6509021572684
4.6938775510204085,0.16326530612244897,218.4858022235404
4.8979591836734695,0.16326530612244897,218.2703654553126
5.1020408163265305,0.16326530612244897,218.00593998283622
5.3061224489795915,0.16326530612244897,217.6941675999779
5.510204081632653,0.16326530612244897,217.3369765418182
5.714285714285714,0.16326530612244897,216.93657500636476
5.918367346938775,0.16326530612244897,216.495445212366
6.122448979591837,0.16326530612244897,216.01633750407723
6.326530612244898,0.16326530612244897,215.5022637672438
6.530612244897959,0.16326530612244897,214.956489245497
6.73469387755102,0.16326530612244897,214.3825217731441
6.938775510204081,0.16326530612244897,213.78409748734074
7.142857142857143,0.16326530612244897,213.16516225251226
7.346938775510204,0.16326530612244897,212.52984830821552
7.551020408163265,0.16326530612244897,211.8824460082847
7.755102040816327,0.16326530612244897,211.2273709123188
7.959183673469388,0.16326530612244897,210.56912687298663
8.16326530612245,0.16326530612244897,209.91226608831923
8.36734693877551,0.16326530612244897,209.26134731942196
8.571428571428571,0.16326530612244897,208.62089358671847
8.775510204081632,0.16326530612244897,207.99535064439675
8.979591836734695,0.16326530612244897,207.38904740248125
9.183673469387756,0.16326530612244897,206.80615924271055
9.387755102040817,0.16326530612244897,206.25067489194006
9.591836734693878,0.16326530612244897,205.72636721321578
9.795918367346939,0.16326530612244897,205.23676798657965
10.0,0.16326530612244897,204.7851465092273
0.0,0.32653061224489793,211.63269242921083
0.20408163265306123,0.32653061224489793,212.28505214724163
0.40816326530612246,0.32653061224489793,212.93307991054647
0.6122448979591837,0.32653061224489793,213.57246602399786
0.8163265306122449,0.32653061224489793,214.1989609037616
1.0204081632653061,0.32653061224489793,214.808404193039
1.2244897959183674,0.32653061224489793,215.39675344015484
1.4285714285714286,0.32653061224489793,215.9601121343971
1.6326530612244898,0.32653061224489793,216.49475687621864
1.836734693877551,0.32653061224489793,216.997163434567
2.0408163265306123,0.32653061224489793,217.4640314166193
2.2448979591836737,0.32653061224489793,217.89230724693456
2.4489795918367347,0.32653061224489793,218.27920512854809
2.6530612244897958,0.32653061224489793,218.6222256439525
2.857142857142857,0.32653061224489793,218.91917165655073
3.0612244897959187,0.32653061224489793,219.1681612006982
3.2653061224489797,0.32653061224489793,219.36763710766823
3.4693877551020407,0.32653061224489793,219.51637321017995
3.673469387755102,0.32653061224489793,219.61347709988505
3.8775510204081636,0.32653061224489793,219.65838957530391
4.081632653061225,0.32653061224489793,219.65088110064568
4.285714285714286,0.32653061224489793,219.59104578088446
4.4897959183673475,0.32653061224489793,219.47929352236628
4.6938775510204085,0.32653061224489793,219.31634116534815
4.8979591836734695,0.32653061224489793,219.10320342035646
5.1020408163265305,0.32653061224489793,218.84118439443057
5.3061224489795915,0.32653061224489793,218.53187034603295
5.510204081632653,0.32653061224489793,218.1771240615847
5.714285714285714,0.32653061224489793,217.77908092012515
5.918367346938775,0.32653061224489793,217.34014633798967
6.122448979591837,0.32653061224489793,216.86299390674967
6.326530612244898,0.32653061224489793,216.35056320522995
6.530612244897959,0.32653061224489793,215.80605602945136
6.73469387755102,0.32653061224489793,215.23292968324972
6.938775510204081,0.32653061224489793,214.63488603156281
7.142857142857143,0.32653061224489793,214.01585524151045
7.346938775510204,0.32653061224489793,213.37997350423365
7.551020408163265,0.32653061224489793,212.7315545029362
7.755102040816327,0.32653061224489793,212.07505491410552
7.959183673469388,0.32653061224489793,211.4150347364587
8.16326530612245,0.32653061224489793,210.75611367463358
8.36734693877551,0.32653061224489793,210.10292511184485
8.571428571428571,0.32653061224489793,209.46006935550488
8.775510204081632,0.32653061224489793,208.83206782213566
8.979591836734695,0.32653061224489793,208.22331965517398
9.183673469387756,0.32653061224489793,207.63806197317632
9.387755102040817,0.32653061224489793,207.08033457142918
9.591836734693878,0.32653061224489793,206.55394949776672
9.795918367346939,0.32653061224489793,206.06246554220047
10.0,0.32653061224489793,205.60916735990125
0.0,0.4897959183673469,212.44903153030515
0.20408163265306123,0.4897959183673469,213.10139877545168
0.40816326530612246,0.4897959183673469,213.74943813004774
0.6122448979591837,0.4897959183673469,214.3888418311858
0.8163265306122449,0.4897959183673469,215.0153630035473
1.0204081632653061,0.4897959183673469,215.62484501660805
1.2244897959183674,0.4897959183673469,216.2132504474195
1.4285714285714286,0.4897959183673469,216.77668943813535
1.6326530612244898,0.4897959183673469,217.31144721104297
1.836734693877551,0.4897959183673469,217.81401047040822
2.0408163265306123,0.4897959183673469,218.28109238180824
2.2448979591836737,0.4897959183673469,218.7096557796219
2.4489795918367347,0.4897959183673469,219.0969342179838
2.6530612244897958,0.4897959183673469,219.44045045790435
2.857142857142857,0.4897959183673469,219.7380319830804
3.0612244897959187,0.4897959183673469,219.98782316931127
3.2653061224489797,0.4897959183673469,220.1882938063892
3.4693877551020407,0.4897959183673469,220.3382437926811
3.673469387755102,0.4897959183673469,220.43680399187366
3.8775510204081636,0.4897959183673469,220.48343345179813
4.081632653061225,0.4897959183673469,220.47791342175816
4.285714285714286,0.4897959183673469,220.42033884383196
4.4897959183673475,0.4897959183673469,220.31110820485728
4.6938775510204085,0.4897959183673469,220.15091278530844
4.8979591836734695,0.4897959183673469,219.94072639626745
5.1020408163265305,0.4897959183673469,219.68179663026524
5.3061224489795915,0.4897959183673469,219.3756384525545
5.510204081632653,0.4897959183673469,219.02403063027057
5.714285714285714,0.4897959183673469,218.6290150615814
5.918367346938775,0.4897959183673469,218.19289856822988
6.122448979591837,0.4897959183673469,217.71825621103463
6.326530612244898,0.4897959183673469,217.207934745287
6.530612244897959,0.4897959183673469,216.66505451655536
6.73469387755102,0.4897959183673469,216.0930079605154
6.938775510204081,0.4897959183673469,215.49545294537074
7.142857142857143,0.4897959183673469,214.87629948692847
7.346938775510204,0.4897959183673469,214.2396888491499
7.551020408163265,0.4897959183673469,213.58996466416338
7.755102040816327,0.4897959183673469,212.93163639199136
7.959183673469388,0.4897959183673469,212.2693361084709
8.16326530612245,0.4897959183673469,211.60777017940214
8.36734693877551,0.4897959183673469,210.9516677836416
8.571428571428571,0.4897959183673469,210.30572844526466
8.775510204081632,0.4897959183673469,209.6745707118169
8.979591836734695,0.4897959183673469,209.06268388841596
9.183673469387756,0.4897959183673469,208.47438434785195
9.387755102040817,0.4897959183673469,207.91377744417383
9.591836734693878,0.4897959183673469,207.38472552842975
9.795918367346939,0.4897959183673469,206.8908220645018
10.0,0.4897959183673469,206.43537142326056
0.0,0.6530612244897959,213.26537403910402
0.20408163265306123,0.6530612244897959,213.9177508518757
0.40816326530612246,0.6530612244897959,214.56580494002085
0.6122448979591837,0.6530612244897959,215.20523099665328
0.8163265306122449,0.6530612244897959,215.83178558921557
1.0204081632653061,0.6530612244897959,216.44131682360575
1.2244897959183674,0.6530612244897959,217.02979366882843
1.4285714285714286,0.6530612244897959,217.59333472341393
1.6326530612244898,0.6530612244897959,218.12823616875855
1.836734693877551,0.6530612244897959,218.6309986088779
2.0408163265306123,0.6530612244897959,219.09835244326644
2.2448979591836737,0.6530612244897959,219.5272813646251
2.4489795918367347,0.6530612244897959,219.91504352403513
2.6530612244897958,0.6530612244897959,220.2591898733509
2.857142857142857,0.6530612244897959,220.55757919082492
3.0612244897959187,0.6530612244897959,220.80838933454507
3.2653061224489797,0.6530612244897959,221.01012436094868
3.4693877551020407,0.6530612244897959,221.16161730013005
3.673469387755102,0.6530612244897959,221.26202859657616
3.8775510204081636,0.6530612244897959,221.3108404945951
4.081632653061225,0.6530612244897959,221.3078479522928
4.285714285714286,0.6530612244897959,221.2531469757802
4.4897959183673475,0.6530612244897959,221.14712153669728
4.6938775510204085,0.6530612244897959,220.99043042678974
4.8979591836734695,0.6530612244897959,220.78399547035409
5.1020408163265305,0.6530612244897959,220.52899242501772
5.3061224489795915,0.6530612244897959,220.22684563610278
5.510204081632653,0.6530612244897959,219.8792270748536
5.714285714285714,0.6530612244897959,219.48805981704098
5.918367346938775,0.6530612244897959,219.0555253620221
6.122448979591837,0.6530612244897959,218.58407352937576
6.326530612244898,0.6530612244897959,218.07643308753023
6.530612244897959,0.6530612244897959,217.5356208513759
6.73469387755102,0.6530612244897959,216.96494680346007
6.938775510204081,0.6530612244897959,216.3680128882733
7.142857142857143,0.6530612244897959,215.7487035075346
7.346938775510204,0.6530612244897959,215.11116637320526
7.551020408163265,0.6530612244897959,214.45978318512698
7.755102040816327,0.6530612244897959,213.79913049583075
7.959183673469388,0.6530612244897959,213.13393199750297
8.16326530612245,0.6530612244897959,212.46900420989186
8.36734693877551,0.6530612244897959,211.80919807652748
8.571428571428571,0.6530612244897959,211.15933923457737
8.775510204081632,0.6530612244897959,210.5241696936481
8.979591836734695,0.6530612244897959,209.9082933622719
9.183673469387756,0.6530612244897959,209.31612735233006
9.387755102040817,0.6530612244897959,208.75186034881602
9.591836734693878,0.6530612244897959,208.2194186425806
9.795918367346939,0.6530612244897959,207.72243977104054
10.0,0.6530612244897959,207.2642531654522
0.0,0.8163265306122448,214.08172067778085
0.20408163265306123,0.8163265306122448,214.7341095311194
0.40816326530612246,0.8163265306122448,215.38218216099042
0.6122448979591837,0.8163265306122448,216.02163635133635
0.8163265306122449,0.8163265306122448,216.64823300221045
1.0204081632653061,0.8163265306122448,217.25782618015484
1.2244897959183674,0.8163265306122448,217.84639289825398
1.4285714285714286,0.8163265306122448,218.41006239713226
1.6326530612244898,0.8163265306122448,218.94514464989308
1.836734693877551,0.8163265306122448,219.44815775296678
2.0408163265306123,0.8163265306122448,219.91585379421133
2.2448979591836737,0.8163265306122448,220.34524271589524
2.4489795918367347,0.8163265306122448,220.73361362361294
2.6530612244897958,0.8163265306122448,221.07855294654337
2.857142857142857,0.8163265306122448,221.37795884619067
3.0612244897959187,0.8163265306122448,221.6300513170901
3.2653061224489797,0.8163265306122448,221.83337753921543
3.4693877551020407,0.8163265306122448,221.9868122379377
3.673469387755102,0.8163265306122448,222.0895530842863
3.8775510204081636,0.8163265306122448,222.14111151463382
4.081632653061225,0.8163265306122448,222.1412997391991
4.285714285714286,0.8163265306122448,222.0902151031462
4.4897959183673475,0.8163265306122448,221.9882233111777
4.6938775510204085,0.8163265306122448,221.83594226895707
4.8979591836734695,0.8163265306122448,221.63422837698366
5.1020408163265305,0.8163265306122448,221.3841669908317
5.3061224489795915,0.8163265306122448,221.08706841338167
5.510204081632653,0.8163265306122448,220.74447021647944
5.714285714285714,0.8163265306122448,220.35814594150304
5.918367346938775,0.8163265306122448,219.9301193733781
6.122448979591837,0.8163265306122448,219.46268271937103
6.326530612244898,0.8163265306122448,218.95841626501198
6.530612244897959,0.8163265306122448,218.42020653496462
6.73469387755102,0.8163265306122448,217.85125974700793
6.938775510204081,0.8163265306122448,217.25510746733147
7.142857142857143,0.8163265306122448,216.63560186309897
7.346938775510204,0.8163265306122448,215.9968987608847
7.551020408163265,0.8163265306122448,215.34342776759618
7.755102040816327,0.8163265306122448,214.67984986965698
7.959183673469388,0.8163265306122448,214.01100405565805
8.16326530612245,0.8163265306122448,213.34184547075927
8.36734693877551,0.8163265306122448,212.6773782956493
8.571428571428571,0.8163265306122448,212.02258687700765
8.775510204081632,0.8163265306122448,211.38236859771018
8.979591836734695,0.8163265306122448,210.76147159121982
9.183673469387756,0.8163265306122448,210.16443974651713
9.387755102040817,0.8163265306122448,209.59556661806855
9.591836734693878,0.8163265306122448,209.05885896303255
9.795918367346939,0.8163265306122448,208.5580097840361
10.0,0.8163265306122448,208.0963800500731
0.0,0.9795918367346939,214.8980722606597
0.20408163265306123,0.9795918367346939,215.55047611511827
0.40816326530612246,0.9795918367346939,216.19857184578342
0.6122448979591837,0.9795918367346939,216.8380610874038
0.8163265306122449,0.9795918367346939,217.46471013795247
1.0204081632653061,0.9795918367346939,218.07438049022795
1.2244897959183674,0.9795918367346939,218.66305917928537
1.4285714285714286,0.9795918367346939,219.2268887045377
1.6326530612244898,0.9795918367346939,219.76219622192184
1.836734693877551,0.9795918367346939,220.26552162134465
2.0408163265306123,0.9795918367346939,220.73364401179617
2.2448979591836737,0.9795918367346939,221.1636060393965
2.4489795918367347,0.9795918367346939,221.5527353753971
2.6530612244897958,0.9795918367346939,221.89866264952067
2.857142857142857,0.9795918367346939,222.19933509013788
3.0612244897959187,0.9795918367346939,222.45302518880627
3.2653061224489797,0.9795918367346939,222.6583338523177
3.4693877551020407,0.9795918367346939,222.81418775341916
3.673469387755102,0.9795918367346939,222.91983094300235
3.8775510204081636,0.9795918367346939,222.97481122729417
4.081632653061225,0.9795918367346939,222.97896231060264
4.285714285714286,0.9795918367346939,222.93238320639338
4.4897959183673475,0.9795918367346939,222.83541686092877
4.6938775510204085,0.9795918367346939,222.6886302406569
4.8979591836734695,0.9795918367346939,222.49279823577558
5.1020408163265305,0.9795918367346939,222.24889357160927
5.3061224489795915,0.9795918367346939,221.9580844676649
5.510204081632653,0.9795918367346939,221.6217410500579
5.714285714285714,0.9795918367346939,221.24145055802592
5.918367346938775,0.9795918367346939,220.8190402829946
6.122448979591837,0.9795918367346939,220.35660606595908
6.326530612244898,0.9795918367346939,219.85654320034666
6.530612244897959,0.9795918367346939,219.3215758846319
6.73469387755102,0.9795918367346939,218.75478105798393
6.938775510204081,0.9795918367346939,218.15960260356562
7.142857142857143,0.9795918367346939,217.53985252810324
7.346938775510204,0.9795918367346939,216.89969676801766
7.551020408163265,0.9795918367346939,216.24362461674554
7.755102040816327,0.9795918367346939,215.57640225533916
7.959183673469388,0.9795918367346939,214.90301231805225
8.16326530612245,0.9795918367346939,214.2285826608869
8.36734693877551,0.9795918367346939,213.55830837987992
8.571428571428571,0.9795918367346939,212.89737155496283
8.775510204081632,0.9795918367346939,212.25086314570066
8.979591836734695,0.9795918367346939,211.62371097273595
9.183673469387756,0.9795918367346939,211.02061687429764
9.387755102040817,0.9795918367346939,210.44600505979346
9.591836734693878,0.9795918367346939,209.9039825378696
9.795918367346939,0.9795918367346939,209.39831141423502
10.0,0.9795918367346939,208.93239195016866
0.0,1.1428571428571428,215.71442968859773
0.20408163265306123,1.1428571428571428,216.36685204415647
0.40816326530612246,1.1428571428571428,217.01497626536792
0.6122448979591837,1.1428571428571428,217.6545087362363
0.8163265306122449,1.1428571428571428,218.2812224120679
1.0204081632653061,1.1428571428571428,218.8909879445716
1.2244897959183674,1.1428571428571428,219.47980472904501
1.4285714285714286,1.1428571428571428,220.0438316171586
1.6326530612244898,1.1428571428571428,220.5794169566882
1.836734693877551,1.1428571428571428,221.0831275157534
2.0408163265306123,1.1428571428571428,221.55177572890037
2.2448979591836737,1.1428571428571428,221.98244457638654
2.4489795918367347,1.1428571428571428,222.37250929305048
2.6530612244897958,1.1428571428571428,222.7196550217903
2.857142857142857,1.1428571428571428,223.02188950585884
3.0612244897959187,1.1428571428571428,223.2775499821569
3.2653061224489797,1.1428571428571428,223.48530361954477
3.4693877551020407,1.1428571428571428,223.64414115822586
3.673469387755102,1.1428571428571428,223.75336385005244
3.8775510204081636,1.1428571428571428,223.81256435672324
4.081632653061225,1.1428571428571428,223.82160289152006
4.285714285714286,1.1428571428571428,223.78058052544912
4.4897959183673475,1.1428571428571428,223.68981213645648
4.6938775510204085,1.1428571428571428,223.54980186691304
4.8979591836734695,1.1428571428571428,223.36122407917279
5.1020408163265305,1.1428571428571428,223.12491259003033
5.3061224489795915,1.1428571428571428,222.84186038549572
5.510204081632653,1.1428571428571428,222.51323107842276
5.714285714285714,1.1428571428571428,222.140382138902
5.918367346938775,1.1428571428571428,221.72489852005958
6.122448979591837,1.1428571428571428,221.26863388150423
6.326530612244898,1.1428571428571428,220.7737553632046
6.530612244897959,1.1428571428571428,220.24278696437847
6.73469387755102,1.1428571428571428,219.67864618300004
6.938775510204081,1.1428571428571428,219.08466876147634
7.142857142857143,1.1428571428571428,218.4646171760804
7.346938775510204,1.1428571428571428,217.82266983185437
7.551020408163265,1.1428571428571428,217.16338963450187
7.755102040816327,1.1428571428571428,216.49167250314503
7.959183673469388,1.1428571428571428,215.81267823232864
8.16326530612245,1.1428571428571428,215.13174768485558
8.36734693877551,1.1428571428571428,214.45431141544617
8.571428571428571,1.1428571428571428,213.78579537133564
8.775510204081632,1.1428571428571428,213.13152925304317
8.979591836734695,1.1428571428571428,212.49666249203077
9.183673469387756,1.1428571428571428,211.88609172763924
9.387755102040817,1.1428571428571428,211.30440230792095
9.591836734693878,1.1428571428571428,210.75582488314424
9.795918367346939,1.1428571428571428,210.24420678485686
10.0,1.1428571428571428,209.7729967340861
0.0,1.3061224489795917,216.53079393740242
0.20408163265306123,1.3061224489795917,217.18323887834802
0.40816326530612246,1.3061224489795917,217.8313978796539
0.6122448979591837,1.3061224489795917,218.47098312302134
0.8163265306122449,1.3061224489795917,219.0977756907569
1.0204081632653061,1.3061224489795917,219.70765741539282
1.2244897959183674,1.3061224489795917,220.29664278110565
1.4285714285714286,1.3061224489795917,220.86091060173334
1.6326530612244898,1.3061224489795917,221.39683509518264
1.836734693877551,1.3061224489795917,221.9010158413965
2.0408163265306123,1.3061224489795917,222.3703059573979
2.2448979591836737,1.3061224489795917,222.80183766171058
2.4489795918367347,1.3061224489795917,223.19304425285617
2.6530612244897958,1.3061224489795917,223.54167742118912
2.857142857142857,1.3061224489795917,223.84581878405714
3.0612244897959187,1.3061224489795917,224.1038846168295
3.2653061224489797,1.3061224489795917,224.31462297839144
3.4693877551020407,1.3061224489795917,224.47710281987838
3.673469387755102,1.3061224489795917,224.59069522173738
3.8775510204081636,1.3061224489795917,224.65504760339377
4.081632653061225,1.3061224489795917,224.67005253920092
4.285714285714286,1.3061224489795917,224.6358136119266
4.4897959183673475,1.3061224489795917,224.5526114348636
4.6938775510204085,1.3061224489795917,224.42087345731713
4.8979591836734695,1.3061224489795917,224.2411513213584
5.1020408163265305,1.3061224489795917,224.01410926992642
5.3061224489795915,1.3061224489795917,223.74052637114062
5.510204081632653,1.3061224489795917,223.4213141349059
5.714285714285714,1.3061224489795917,223.0575495385295
5.918367346938775,1.3061224489795917,222.65052169844677
6.122448979591837,1.3061224489795917,222.2017886291285
6.326530612244898,1.3061224489795917,221.7132389501266
6.530612244897959,1.3061224489795917,221.1871522655889
6.73469387755102,1.3061224489795917,220.62625143419572
6.938775510204081,1.3061224489795917,220.0337401845395
7.142857142857143,1.3061224489795917,219.41332052814045
7.346938775510204,1.3061224489795917,218.76918609122382
7.551020408163265,1.3061224489795917,218.10598964234
7.755102040816327,1.3061224489795917,217.42878547954405
7.959183673469388,1.3061224489795917,216.7429496674229
8.16326530612245,1.3061224489795917,216.05408309877546
8.36734693877551,1.3061224489795917,215.36790376665894
8.571428571428571,1.3061224489795917,214.69013532154534
8.775510204081632,1.3061224489795917,214.02639890915233
8.979591836734695,1.3061224489795917,213.3821144943726
9.183673469387756,1.3061224489795917,212.7624165217819
9.387755102040817,1.3061224489795917,212.1720870509038
9.591836734693878,1.3061224489795917,211.61550766864525
9.795918367346939,1.3061224489795917,211.09662974677462
10.0,1.3061224489795917,210.61896116399922
0.0,1.4693877551020407,217.34716603928877
0.20408163265306123,1.4693877551020407,217.999638267991
0.40816326530612246,1.4693877551020407,218.64783929074898
0.6122448979591837,1.4693877551020407,219.28748829406518
0.8163265306122449,1.4693877551020407,219.91437617932118
1.0204081632653061,1.4693877551020407,220.52439828776562
1.2244897959183674,1.4693877551020407,221.11358733402017
1.4285714285714286,1.4693877551020407,221.67814625029501
1.6326530612244898,1.4693877551020407,222.21448051089467
1.836734693877551,1.4693877551020407,222.71922933914112
2.0408163265306123,1.4693877551020407,223.18929500479186
2.2448979591836737,1.4693877551020407,223.62186921624496
2.4489795918367347,1.4693877551020407,224.01445542480104
2.6530612244897958,1.4693877551020407,224.36488572372303
2.857142857142857,1.4693877551020407,224.67133098534146
3.0612244897959187,1.4693877551020407,224.93230297962603
3.2653061224489797,1.4693877551020407,225.1466474971203
3.4693877551020407,1.4693877551020407,225.31352798372717
3.673469387755102,1.4693877551020407,225.43239988708686
3.8775510204081636,1.4693877551020407,225.5029767851336
4.081632653061225,1.4693877551020407,225.52519035099954
4.285714285714286,1.4693877551020407,225.499147202173
4.4897959183673475,1.4693877551020407,225.42508655325275
4.6938775510204085,1.4693877551020407,225.30334319266902
4.8979591836734695,1.4693877551020407,225.1343204913463
5.1020408163265305,1.4693877551020407,224.91847781239903
5.3061224489795915,1.4693877551020407,224.6563357674778
5.510204081632653,1.4693877551020407,224.34850127467547
5.714285714285714,1.4693877551020407,223.99571241877334
5.918367346938775,1.4693877551020407,223.59890088510906
6.122448979591837,1.4693877551020407,223.15926748849103
6.326530612244898,1.4693877551020407,222.67836433896633
6.530612244897959,1.4693877551020407,222.15817576156184
6.73469387755102,1.4693877551020407,221.60118945096806
6.938775510204081,1.4693877551020407,221.01044963614785
7.142857142857143,1.4693877551020407,220.3895852748601
7.346938775510204,1.4693877551020407,219.7428083836258
7.551020408163265,1.4693877551020407,219.07488030365363
7.755102040816327,1.4693877551020407,218.39104668707188
7.959183673469388,1.4693877551020407,217.69694489681538
8.16326530612245,1.4693877551020407,216.99848999498593
8.36734693877551,1.4693877551020407,216.30174725881275
8.571428571428571,1.4693877551020407,215.6128000250339
8.775510204081632,1.4693877551020407,214.93762156464578
8.979591836734695,1.4693877551020407,214.28195870213628
9.183673469387756,1.4693877551020407,213.6512331993371
9.387755102040817,1.4693877551020407,213.05046478337437
9.591836734693878,1.4693877551020407,212.48421740341794
9.795918367346939,1.4693877551020407,211.9565681330555
10.0,1.4693877551020407,211.47109632554486
0.0,1.6326530612244896,218.16354705659128
0.20408163265306123,1.6326530612244896,218.81605191153827
0.40816326530612246,1.6326530612244896,219.46430317668884
0.6122448979591837,1.6326530612244896,220.1040284137433
0.8163265306122449,1.6326530612244896,220.73103026413006
1.0204081632653061,1.6326530612244896,221.34122022061572
1.2244897959183674,1.6326530612244896,221.93065279481215
1.4285714285714286,1.6326530612244896,222.49555975574185
1.6326530612244898,1.6326530612244896,223.03238394900734
1.836734693877551,1.6326530612244896,223.53781199701154
2.0408163265306123,1.6326530612244896,224.00880493832807
2.2448979591836737,1.6326530612244896,224.4426256096352
2.4489795918367347,1.6326530612244896,224.83686133947452
2.6530612244897958,1.6326530612244896,225.18944035378155
2.857142857142857,1.6326530612244896,225.49864024142485
3.0612244897959187,1.6326530612244896,225.76308694922827
3.2653061224489797,1.6326530612244896,225.9817431192981
3.4693877551020407,1.6326530612244896,226.15388517895425
3.673469387755102,1.6326530612244896,226.27906944835416
3.8775510204081636,1.6326530612244896,226.35708860697682
4.081632653061225,1.6326530612244896,226.3879210758914
4.285714285714286,1.6326530612244896,226.3716771010096
4.4897959183673475,1.6326530612244896,226.30854639913008
4.6938775510204085,1.6326530612244896,226.19875296993516
4.8979591836734695,1.6326530612244896,226.0425229059167
5.1020408163265305,1.6326530612244896,225.84007060834065
5.3061224489795915,1.6326530612244896,225.5916076688039
5.510204081632653,1.6326530612244896,225.29737682423377
5.714285714285714,1.6326530612244896,224.9577109670516
5.918367346938775,1.6326530612244896,224.57311442483757
6.122448979591837,1.6326530612244896,224.1443609313548
6.326530612244898,1.6326530612244896,223.67260025351823
6.530612244897959,1.6326530612244896,223.15946366978469
6.73469387755102,1.6326530612244896,222.60715770413537
6.938775510204081,1.6326530612244896,222.0185358819135
7.142857142857143,1.6326530612244896,221.3971398151159
7.346938775510204,1.6326530612244896,220.74720350837703
7.551020408163265,1.6326530612244896,220.0736181163664
7.755102040816327,1.6326530612244896,219.3818580811754
7.959183673469388,1.6326530612244896,218.67787318364756
8.16326530612245,1.6326530612244896,217.96795411825033
8.36734693877551,1.6326530612244896,217.25858138793325
8.571428571428571,1.6326530612244896,216.55626838355425
8.775510204081632,1.6326530612244896,215.86740939003528
8.979591836734695,1.6326530612244896,215.19814203720978
9.183673469387756,1.6326530612244896,214.55423161398087
9.387755102040817,1.6326530612244896,213.94098201159565
9.591836734693878,1.6326530612244896,213.36317521824822
9.795918367346939,1.6326530612244896,212.82503860124152
10.0,1.6326530612244896,212.33023697143307
0.0,1.7959183673469385,218.9799380472737
0.20408163265306123,1.7959183673469385,219.6324815004548
0.40816326530612246,1.7959183673469385,220.28079220449098
0.6122448979591837,1.7959183673469385,220.92060762929754
0.8163265306122449,1.7959183673469385,221.54774430527723
1.0204081632653061,1.7959183673469385,222.15813283312883
1.2244897959183674,1.7959183673469385,222.74785351122986
1.4285714285714286,1.7959183673469385,223.31317222377731
1.6326530612244898,1.7959183673469385,223.85057602820748
1.836734693877551,1.7959183673469385,224.35680762205035
2.0408163265306123,1.7959183673469385,224.82889756988655
2.2448979591836737,1.7959183673469385,225.26419285617263
2.4489795918367347,1.7959183673469385,225.66038003979082
2.6530612244897958,1.7959183673469385,226.01550107571376
2.857142857142857,1.7959183673469385,226.3279598030096
3.0612244897959187,1.7959183673469385,226.59651724457305
3.2653061224489797,1.7959183673469385,226.82027428287486
3.4693877551020407,1.7959183673469385,226.99864100705292
3.673469387755102,1.7959183673469385,227.13129307373916
3.8775510204081636,1.7959183673469385,227.21811674290177
4.081632653061225,1.7959183673469385,227.2591457404061
4.285714285714286,1.7959183673469385,227.25449460474286
4.4897959183673475,1.7959183673469385,227.2042944947097
4.6938775510204085,1.7959183673469385,227.10863834219185
4.8979591836734695,1.7959183673469385,226.96754251176156
5.1020408163265305,1.7959183673469385,226.78093160440747
5.3061224489795915,1.7959183673469385,226.54865162787058
5.510204081632653,1.7959183673469385,226.27051447728232
5.714285714285714,1.7959183673469385,225.94637368528265
5.918367346938775,1.7959183673469385,225.5762279970628
6.122448979591837,1.7959183673469385,225.16034589135947
6.326530612244898,1.7959183673469385,224.69940114606362
6.530612244897959,1.7959183673469385,224.19460737053603
6.73469387755102,1.7959183673469385,223.6478384518597
6.938775510204081,1.7959183673469385,223.06172230489136
7.142857142857143,1.7959183673469385,222.4396972078794
7.346938775510204,1.7959183673469385,221.78602317833082
7.551020408163265,1.7959183673469385,221.10574494575616
7.755102040816327,1.7959183673469385,220.4046076204962
7.959183673469388,1.7959183673469385,219.68893058705743
8.16326530612245,1.7959183673469385,218.96544892895938
8.36734693877551,1.7959183673469385,218.2411343788249
8.571428571428571,1.7959183673469385,217.52300909981201
8.775510204081632,1.7959183673469385,216.81796545420855
8.979591836734695,1.7959183673469385,216.1326034111802
9.183673469387756,1.7959183673469385,215.47309466675466
9.387755102040817,1.7959183673469385,214.8450792904104
9.591836734693878,1.7959183673469385,214.25359721977344
9.795918367346939,1.7959183673469385,213.7030536259989
10.0,1.7959183673469385,213.19721441991646
0.0,1.9591836734693877,219.79634002222912
0.20408163265306123,1.9591836734693877,220.4489286509493
0.40816326530612246,1.9591836734693877,221.09730892251275
0.6122448979591837,1.9591836734693877,221.73722990345206
0.8163265306122449,1.9591836734693877,222.36452437988532
1.0204081632653061,1.9591836734693877,222.97514531651717
1.2244897959183674,1.9591836734693877,223.56520319266656
1.4285714285714286,1.9591836734693877,224.13100382107743
1.6326530612244898,1.9591836734693877,224.6690860049062
1.836734693877551,1.9591836734693877,225.1762580722528
2.0408163265306123,1.9591836734693877,225.6496319612352
2.2448979591836737,1.9591836734693877,226.08665314323142
2.4489795918367347,1.9591836734693877,226.485124316741
2.6530612244897958,1.9591836734693877,226.84322054569031
2.857142857142857,1.9591836734693877,227.159493432924
3.0612244897959187,1.9591836734693877,227.43286209495054
3.2653061224489797,1.9591836734693877,227.66258921135773
3.4693877551020407,1.9591836734693877,227.84824130964958
3.673469387755102,1.9591836734693877,227.98963371838087
3.8775510204081636,1.9591836734693877,228.08676222452658
4.081632653061225,1.9591836734693877,228.1397252829232
4.285714285714286,1.9591836734693877,228.14864245611443
4.4897959183673475,1.9591836734693877,228.11357636636177
4.6938775510204085,1.9591836734693877,228.03446654323736
4.8979591836734695,1.9591836734693877,227.9110838848547
5.1020408163265305,1.9591836734693877,227.7430138087123
5.3061224489795915,1.9591836734693877,227.5296744416346
5.510204081632653,1.9591836734693877,227.27037341966323
5.714285714285714,1.9591836734693877,226.96440323068927
5.918367346938775,1.9591836734693877,226.61117088410273
6.122448979591837,1.9591836734693877,226.21035350598544
6.326530612244898,1.9591836734693877,225.7620677746287
6.530612244897959,1.9591836734693877,225.26703845768785
6.73469387755102,1.9591836734693877,224.72675012259026
6.938775510204081,1.9591836734693877,224.14356662870955
7.142857142857143,1.9591836734693877,223.52080531203072
7.346938775510204,1.9591836734693877,222.86275663563873
7.551020408163265,1.9591836734693877,222.174645073698
7.755102040816327,1.9591836734693877,221.46253252783208
7.959183673469388,1.9591836734693877,220.73317096826324
8.16326530612245,1.9591836734693877,219.99381559336794
8.36734693877551,1.9591836734693877,219.2520130730902
8.571428571428571,1.9591836734693877,218.515381039875
8.775510204081632,1.9591836734693877,217.79139480790045
8.979591836734695,1.9591836734693877,217.087195470274
9.183673469387756,1.9591836734693877,216.40943038366888
9.387755102040817,1.9591836734693877,215.76413308201074
9.591836734693878,1.9591836734693877,215.15664540804943
9.795918367346939,1.9591836734693877,214.59158063533312
10.0,1.9591836734693877,214.07282300253343
0.0,2.1224489795918364,220.61275389492656
0.20408163265306123,2.1224489795918364,221.26539482346962
0.40816326530612246,2.1224489795918364,221.91385563351523
0.6122448979591837,2.1224489795918364,222.55389881702595
0.8163265306122449,2.1224489795918364,223.18137597939793
1.0204081632653061,2.1224489795918364,223.7922659761955
1.2244897959183674,2.1224489795918364,224.38271422728113
1.4285714285714286,2.1224489795918364,224.94907277076697
1.6326530612244898,2.1224489795918364,225.4879403159458
1.836734693877551,2.1224489795918364,225.9962011715752
2.0408163265306123,2.1224489795918364,226.47106148209977
2.2448979591836737,2.1224489795918364,226.91008073742722
2.4489795918367347,2.1224489795918364,227.31119609115228
2.6530612244897958,2.1224489795918364,227.67273670773542
2.857142857142857,2.1224489795918364,227.99342525647643
3.0612244897959187,2.1224489795918364,228.2723638792147
3.2653061224489797,2.1224489795918364,228.509002568423
3.4693877551020407,2.1224489795918364,228.70308896065245
3.673469387755102,2.1224489795918364,228.85460008295578
3.8775510204081636,2.1224489795918364,228.96365852196925
4.081632653061225,2.1224489795918364,229.0304376694043
4.285714285714286,2.1224489795918364,229.05506290416199
4.4897959183673475,2.1224489795918364,229.03751750360232
4.6938775510204085,2.1224489795918364,228.9775634030959
4.8979591836734695,2.1224489795918364,228.87468732368677
5.1020408163265305,2.1224489795918364,228.72808200938692
5.3061224489795915,2.1224489795918364,228.5366702283247
5.510204081632653,2.1224489795918364,228.29917583466352
5.714285714285714,2.1224489795918364,228.01424179353148
5.918367346938775,2.1224489795918364,227.68059006045547
6.122448979591837,2.1224489795918364,227.2972131512236
6.326530612244898,2.1224489795918364,226.8635827886721
6.530612244897959,2.1224489795918364,226.37985780731856
6.73469387755102,2.1224489795918364,225.84707205835267
6.938775510204081,2.1224489795918364,225.2672837035234
7.142857142857143,2.1224489795918364,224.64367006368641
7.346938775510204,2.1224489795918364,223.98055684884048
7.551020408163265,2.1224489795918364,223.28337662393875
7.755102040816327,2.1224489795918364,222.55855804058257
7.959183673469388,2.1224489795918364,221.8133538744469
8.16326530612245,2.1224489795918364,221.05562146204352
8.36734693877551,2.1224489795918364,220.29357307954157
8.571428571428571,2.1224489795918364,219.53551573551402
8.775510204081632,2.1224489795918364,218.78959962884863
8.979591836734695,2.1224489795918364,218.06359231305285
9.183673469387756,2.1224489795918364,217.3646918181952
9.387755102040817,2.1224489795918364,216.69938719287362
9.591836734693878,2.1224489795918364,216.07336979607626
9.795918367346939,2.1224489795918364,215.4914938219581
10.0,2.1224489795918364,214.95778049759855
0.0,2.2857142857142856,221.42918042461162
0.20408163265306123,2.2857142857142856,222.08188123189223
0.40816326530612246,2.2857142857142856,222.73043425147844
0.6122448979591837,2.2857142857142856,223.37061734627952
0.8163265306122449,2.2857142857142856,223.99830366812432
1.0204081632653061,2.2857142857142856,224.60950171535433
1.2244897959183674,2.2857142857142856,225.20039691170822
1.4285714285714286,2.2857142857142856,225.76739421931458
1.6326530612244898,2.2857142857142856,226.3071609347695
1.836734693877551,2.2857142857142856,226.81666835805964
2.0408163265306123,2.2857142857142856,227.29323049166035
2.2448979591836737,2.2857142857142856,227.73453736675543
2.4489795918367347,2.2857142857142856,228.1386800763014
2.6530612244897958,2.2857142857142856,228.50416421643564
2.857142857142857,2.2857142857142856,228.82990831263487
3.0612244897959187,2.2857142857142856,229.11522405478604
3.2653061224489797,2.2857142857142856,229.3597758922847
3.4693877551020407,2.2857142857142856,229.56351881575137
3.673469387755102,2.2857142857142856,229.72661498292177
3.8775510204081636,2.2857142857142856,229.84933215498964
4.081632653061225,2.2857142857142856,229.931929519855
4.285714285714286,2.2857142857142856,229.9745391156411
4.4897959183673475,2.2857142857142856,229.97705337671312
4.6938775510204085,2.2857142857142856,229.93903090856398
4.8979591836734695,2.2857142857142856,229.85963307426846
5.1020408163265305,2.2857142857142856,229.73760304093062
5.3061224489795915,2.2857142857142856,229.5712964341584
5.510204081632653,2.2857142857142856,229.35876872876
5.714285714285714,2.2857142857142856,229.09791924292685
5.918367346938775,2.2857142857142856,228.78668560523712
6.122448979591837,2.2857142857142856,228.4232765123785
6.326530612244898,2.2857142857142856,228.00642526942
6.530612244897959,2.2857142857142856,227.53564276677577
6.73469387755102,2.2857142857142856,227.0114468248378
6.938775510204081,2.2857142857142856,226.43554560822633
7.142857142857143,2.2857142857142856,225.8109561326808
7.346938775510204,2.2857142857142856,225.1420444628433
7.551020408163265,2.2857142857142856,224.43448140947828
7.755102040816327,2.2857142857142856,223.69511552093752
7.959183673469388,2.2857142857142856,222.931772951478
8.16326530612245,2.2857142857142856,222.15300043328057
8.36734693877551,2.2857142857142856,221.36777230361312
8.571428571428571,2.2857142857142856,220.5851848466137
8.775510204081632,2.2857142857142856,219.81416094532457
8.979591836734695,2.2857142857142856,219.063185395795
9.183673469387756,2.2857142857142856,218.34008670112215
9.387755102040817,2.2857142857142856,217.6518754344907
9.591836734693878,2.2857142857142856,217.00464312051028
9.795918367346939,2.2857142857142856,216.4035197864265
10.0,2.2857142857142856,215.85268349910274
0.0,2.4489795918367343,222.24562015497835
0.20408163265306123,2.4489795918367343,222.89838874547132
0.40816326530612246,2.4489795918367343,223.54704614699884
0.6122448979591837,2.4489795918367343,224.18738762250553
0.8163265306122449,2.4489795918367343,224.8153107145553
1.0204081632653061,2.4489795918367343,225.42685747735163
1.2244897959183674,2.4489795918367343,226.01825861934267
1.4285714285714286,2.4489795918367343,226.5859790130693
1.6326530612244898,2.4489795918367343,227.12676359650638
1.836734693877551,2.4489795918367343,227.63768214441114
2.0408163265306123,2.4489795918367343,228.1161707554171
2.2448979591836737,2.4489795918367343,228.56006723448212
2.4489795918367347,2.4489795918367343,228.9676369351581
2.6530612244897958,2.4489795918367343,229.33758517565903
2.857142857142857,2.4489795918367343,229.66905219222886
3.0612244897959187,2.4489795918367343,229.961586884829
3.2653061224489797,2.4489795918367343,230.21509646981593
3.4693877551020407,2.4489795918367343,230.42977066428398
3.673469387755102,2.4489795918367343,230.60598119539057
3.8775510204081636,2.4489795918367343,230.7441601630955
4.081632653061225,2.4489795918367343,230.84466387727431
4.285714285714286,2.4489795918367343,230.90763191434317
4.4897959183673475,2.4489795918367343,230.93285387366686
4.6938775510204085,2.4489795918367343,230.9196581896818
4.8979591836734695,2.4489795918367343,230.86683791762573
5.1020408163265305,2.4489795918367343,230.77262729992808
5.3061224489795915,2.4489795918367343,230.63473995230382
5.510204081632653,2.4489795918367343,230.45047473875712
5.714285714285714,2.4489795918367343,230.21688916316802
5.918367346938775,2.4489795918367343,229.9310329897025
6.122448979591837,2.4489795918367343,229.5902276255245
6.326530612244898,2.4489795918367343,229.19237048085347
6.530612244897959,2.4489795918367343,228.7362389681689
6.73469387755102,2.4489795918367343,228.22176675685063
6.938775510204081,2.4489795918367343,227.65026581195528
7.142857142857143,2.4489795918367343,227.02457168254165
7.346938775510204,2.4489795918367343,226.34909611503275
7.551020408163265,2.4489795918367343,225.62977961636682
7.755102040816327,2.4489795918367343,224.87394606139327
7.959183673469388,2.4489795918367343,224.09007067353397
8.16326530612245,2.4489795918367343,223.28748058641008
8.36734693877551,2.4489795918367343,222.47601279658048
8.571428571428571,2.4489795918367343,221.66565705446885
8.775510204081632,2.4489795918367343,220.86621092779288
8.979591836734695,2.4489795918367343,220.08697113692597
9.183673469387756,2.4489795918367343,219.33647988550285
9.387755102040817,2.4489795918367343,218.62233811673374
9.591836734693878,2.4489795918367343,217.95109034592898
9.795918367346939,2.4489795918367343,217.32817884561064
10.0,2.4489795918367343,216.75795922653865
0.0,2.6122448979591835,223.06207335093907
0.20408163265306123,2.6122448979591835,223.7149177877468
0.40816326530612246,2.6122448979591835,224.36369198789308
0.6122448979591837,2.6122448979591835,225.0042106841664
0.8163265306122449,2.6122448979591835,225.6323987112476
1.0204081632653061,2.6122448979591835,226.24433567081536
1.2244897959183674,2.6122448979591835,226.83630294283674
1.4285714285714286,2.6122448979591835,227.4048324368641
1.6326530612244898,2.6122448979591835,227.94675596802446
1.836734693877551,2.6122448979591835,228.4592534998401
2.0408163265306123,2.6122448979591835,228.9398977509617
2.2448979591836737,2.6122448979591835,229.38669187844252
2.4489795918367347,2.6122448979591835,229.79809622547134
2.6530612244897958,2.6122448979591835,230.17303959013233
2.857142857142857,2.6122448979591835,230.5109102928788
3.0612244897959187,2.6122448979591835,230.8115226608975
3.2653061224489797,2.6122448979591835,231.07505555567215
3.4693877551020407,2.6122448979591835,231.30196134248675
3.673469387755102,2.6122448979591835,231.49284624709762
3.8775510204081636,2.6122448979591835,231.64832625702854
4.081632653061225,2.6122448979591835,231.7688663572039
4.285714285714286,2.6122448979591835,231.85461455904505
4.4897959183673475,2.6122448979591835,231.905245394254
4.6938775510204085,2.6122448979591835,231.91982974638114
4.8979591836734695,2.6122448979591835,231.89674855103777
5.1020408163265305,2.6122448979591835,231.8336665872164
5.3061224489795915,2.6122448979591835,231.72757909092186
5.510204081632653,2.6122448979591835,231.57493831326957
5.714285714285714,2.6122448979591835,231.37185980642252
5.918367346938775,2.6122448979591835,231.11439985487303
6.122448979591837,2.6122448979591835,230.79888702938507
6.326530612244898,2.6122448979591835,230.42228341206805
6.530612244897959,2.6122448979591835,229.98254568713577
6.73469387755102,2.6122448979591835,229.4789538856997
6.938775510204081,2.6122448979591835,228.9123766436234
7.142857142857143,2.6122448979591835,228.28544645704895
7.346938775510204,2.6122448979591835,227.60262618822296
7.551020408163265,2.6122448979591835,226.8701581217686
7.755102040816327,2.6122448979591835,226.09589800114873
7.959183673469388,2.6122448979591835,225.2890473284978
8.16326530612245,2.6122448979591835,224.45980647095965
8.36734693877551,2.6122448979591835,223.618977701389
8.571428571428571,2.6122448979591835,222.7775505181236
8.775510204081632,2.6122448979591835,221.9463012210323
8.979591836734695,2.6122448979591835,221.13543503667663
9.183673469387756,2.6122448979591835,220.35429276695416
9.387755102040817,2.6122448979591835,219.61113595213507
9.591836734693878,2.6122448979591835,218.91301598340806
9.795918367346939,2.6122448979591835,218.26572452147997
10.0,2.6122448979591835,217.67381584061158
0.0,2.7755102040816326,223.8785399367767
0.20408163265306123,2.7755102040816326,224.53146823766284
0.40816326530612246,2.7755102040816326,225.18037158328636
0.6122448979591837,2.7755102040816326,225.82108623444952
0.8163265306122449,2.7755102040816326,226.44956720301784
1.0204081632653061,2.7755102040816326,227.06193560731322
1.2244897959183674,2.7755102040816326,227.65452885534108
1.4285714285714286,2.7755102040816326,228.22395298019174
1.6326530612244898,2.7755102040816326,228.767135857985
1.836734693877551,2.7755102040816326,229.28137928913458
2.0408163265306123,2.7755102040816326,229.76440705449994
2.2448979591836737,2.7755102040816326,230.21440514270782
2.4489795918367347,2.7755102040816326,230.63004949906622
2.6530612244897958,2.7755102040816326,231.0105160257329
2.857142857142857,2.7755102040816326,231.35546735251464
3.0612244897959187,2.7755102040816326,231.6650112923094
3.2653061224489797,2.7755102040816326,231.9396270675123
3.4693877551020407,2.7755102040816326,232.18005745630924
3.673469387755102,2.7755102040816326,232.3871679720558
3.8775510204081636,2.7755102040816326,232.56177792871455
4.081632653061225,2.7755102040816326,232.70447247436928
4.285714285714286,2.7755102040816326,232.81540894711642
4.4897959183673475,2.7755102040816326,232.8941346471173
4.6938775510204085,2.7755102040816326,232.9394356811635
4.8979591836734695,2.7755102040816326,232.94923729980422
5.1020408163265305,2.7755102040816326,232.9205746202424
5.3061224489795915,2.7755102040816326,232.84964855838302
5.510204081632653,2.7755102040816326,232.7319752564501
5.714285714285714,2.7755102040816326,232.56262874055685
5.918367346938775,2.7755102040816326,232.33656679413494
6.122448979591837,2.7755102040816326,232.0490201981626
6.326530612244898,2.7755102040816326,231.6959168324923
6.530612244897959,2.7755102040816326,231.27430589334966
6.73469387755102,2.7755102040816326,230.78274467704853
6.938775510204081,2.7755102040816326,230.22161162564015
7.142857142857143,2.7755102040816326,229.5933147174931
7.346938775510204,2.7755102040816326,228.9023733341647
7.551020408163265,2.7755102040816326,228.15536343907985
7.755102040816327,2.7755102040816326,227.36072886849414
7.959183673469388,2.7755102040816326,226.52847417865277
8.16326530612245,2.7755102040816326,225.66976528030992
8.36734693877551,2.7755102040816326,224.79647176260525
8.571428571428571,2.7755102040816326,223.92068855579723
8.775510204081632,2.7755102040816326,223.05427415432237
8.979591836734695,2.7755102040816326,222.20843832971434
9.183673469387756,2.7755102040816326,221.3934049024789
9.387755102040817,2.7755102040816326,220.61816584209393
9.591836734693878,2.7755102040816326,219.8903329978073
9.795918367346939,2.7755102040816326,219.2160843525645
10.0,2.7755102040816326,218.60019384497596
0.0,2.9387755102040813,224.695019439494
0.20408163265306123,2.9387755102040813,225.34803933899465
0.40816326530612246,2.9387755102040813,225.99708374080123
0.6122448979591837,2.9387755102040813,226.63801241919478
0.8163265306122449,2.9387755102040813,227.26681334637806
1.0204081632653061,2.9387755102040813,227.87965298627353
1.2244897959183674,2.9387755102040813,228.47292994222548
1.4285714285714286,2.9387755102040813,229.04333120705698
1.6326530612244898,2.9387755102040813,229.58788957730226
1.836734693877551,2.9387755102040813,230.10403992692292
2.0408163265306123,2.9387755102040813,230.5896710310084
2.2448979591836737,2.9387755102040813,231.04316857177486
2.4489795918367347,2.9387755102040813,231.46344398099586
2.6530612244897958,2.9387755102040813,231.84994305458133
2.857142857142857,2.9387755102040813,232.2026280304328
3.0612244897959187,2.9387755102040813,232.52192727447942
3.2653061224489797,2.9387755102040813,232.80864807142717
3.4693877551020407,2.9387755102040813,233.06385039628765
3.673469387755102,2.9387755102040813,233.28868296334502
3.8775510204081636,2.9387755102040813,233.4841871651972
4.081632653061225,2.9387755102040813,233.65107939538066
4.285714285714286,2.9387755102040813,233.78952717883854
4.4897959183673475,2.9387755102040813,233.89893885000245
4.6938775510204085,2.9387755102040813,233.977789474786
4.8979591836734695,2.9387755102040813,234.02350659218948
5.1020408163265305,2.9387755102040813,234.0324375857797
5.3061224489795915,2.9387755102040813,233.99991579356598
5.510204081632653,2.9387755102040813,233.9204349143236
5.714285714285714,2.9387755102040813,233.78793139124573
5.918367346938775,2.9387755102040813,233.59616319519625
6.122448979591837,2.9387755102040813,233.3391620714591
6.326530612244898,2.9387755102040813,233.01172631621137
6.530612244897959,2.9387755102040813,232.60991394275464
6.73469387755102,2.9387755102040813,232.13149285691006
6.938775510204081,2.9387755102040813,231.57630609778957
7.142857142857143,2.9387755102040813,230.94651641937733
7.346938775510204,2.9387755102040813,230.24670493515055
7.551020408163265,2.9387755102040813,229.48381206154568
7.755102040816327,2.9387755102040813,228.6669239656718
7.959183673469388,2.9387755102040813,227.80692232119293
8.16326530612245,2.9387755102040813,226.91602763170778
8.36734693877551,2.9387755102040813,226.00727523806862
8.571428571428571,2.9387755102040813,225.09396745317446
8.775510204081632,2.9387755102040813,224.18914477363708
8.979591836734695,2.9387755102040813,223.30511416217703
9.183673469387756,2.9387755102040813,222.45306389610548
9.387755102040817,2.9387755102040813,221.6427837394358
9.591836734693878,2.9387755102040813,220.88249768886595
9.795918367346939,2.9387755102040813,220.17880567893872
10.0,2.9387755102040813,219.53672157160798
0.0,3.1020408163265305,225.51151094151194
0.20408163265306123,3.1020408163265305,226.16462962472357
0.40816326530612246,3.1020408163265305,226.81382614731584
0.6122448979591837,3.1020408163265305,227.45498564147192
0.8163265306122449,3.1020408163265305,228.08413162517695
1.0204081632653061,3.1020408163265305,228.69747946491304
1.2244897959183674,3.1020408163265305,229.2914937595931
1.4285714285714286,3.1020408163265305,229.8629488123438
1.6326530612244898,3.1020408163265305,230.4089905701869
1.836734693877551,3.1020408163265305,230.9271974190678
2.0408163265306123,3.1020408163265305,231.41563607063543
2.2448979591836737,3.1020408163265305,231.87290756488076
2.4489795918367347,3.1020408163265305,232.29817729186124
2.6530612244897958,3.1020408163265305,232.69118211200274
2.857142857142857,3.1020408163265305,233.05220737289105
3.0612244897959187,3.1020408163265305,233.38202713802002
3.2653061224489797,3.1020408163265305,233.68180248797617
3.4693877551020407,3.1020408163265305,233.95293547586587
3.673469387755102,3.1020408163265305,234.1968802314951
3.8775510204081636,3.1020408163265305,234.41491764619047
4.081632653061225,3.1020408163265305,234.60790565397923
4.285714285714286,3.1020408163265305,234.77602276571872
4.4897959183673475,3.1020408163265305,234.91852744948562
4.6938775510204085,3.1020408163265305,235.0335593319259
4.8979591836734695,3.1020408163265305,235.11800919944778
5.1020408163265305,3.1020408163265305,235.1674827553967
5.3061224489795915,3.1020408163265305,235.17637770611873
5.510204081632653,3.1020408163265305,235.1380851053481
5.714285714285714,3.1020408163265305,235.04531458009822
5.918367346938775,3.1020408163265305,234.89053017404353
6.122448979591837,3.1020408163265305,234.6664705430906
6.326530612244898,3.1020408163265305,234.3667157939512
6.530612244897959,3.1020408163265305,233.98625500752044
6.73469387755102,3.1020408163265305,233.52200477846552
6.938775510204081,3.1020408163265305,232.97323074536172
7.142857142857143,3.1020408163265305,232.34183120213743
7.346938775510204,3.1020408163265305,231.63245383650965
7.551020408163265,3.1020408163265305,230.8524321060228
7.755102040816327,3.1020408163265305,230.0115448937804
7.959183673469388,3.1020408163265305,229.12161979292352
8.16326530612245,3.1020408163265305,228.19601462332187
8.36734693877551,3.1020408163265305,227.24902192039104
8.571428571428571,3.1020408163265305,226.29524608809734
8.775510204081632,3.1020408163265305,225.3490023427827
8.979591836734695,3.1020408163265305,224.42378090324206
9.183673469387756,3.1020408163265305,223.53181015664808
9.387755102040817,3.1020408163265305,222.68374024143333
9.591836734693878,3.1020408163265305,221.88845531926728
9.795918367346939,3.1020408163265305,221.153010374639
10.0,3.1020408163265305,220.48267801269768
0.0,3.265306122448979,226.32801304695082
0.20408163265306123,3.265306122448979,226.98123686312687
0.40816326530612246,3.265306122448979,227.63059528396116
0.6122448979591837,3.265306122448979,228.27200042940032
0.8163265306122449,3.265306122448979,228.90151364789205
1.0204081632653061,3.265306122448979,229.51540235165552
1.2244897959183674,3.265306122448979,230.1102013769911
1.4285714285714286,3.265306122448979,230.68277794913735
1.6326530612244898,3.265306122448979,231.23039843827124
1.836734693877551,3.265306122448979,231.7507939664539
2.0408163265306123,3.265306122448979,232.2422206186406
2.2448979591836737,3.265306122448979,232.70350863456656
2.4489795918367347,3.265306122448979,233.13409368556285
2.6530612244897958,3.265306122448979,233.53402240453804
2.857142857142857,3.265306122448979,233.9039240164096
3.0612244897959187,3.265306122448979,234.2449405017035
3.2653061224489797,3.265306122448979,234.55860947686787
3.4693877551020407,3.265306122448979,234.84669705993244
3.673469387755102,3.265306122448979,235.11098242659264
3.8775510204081636,3.265306122448979,235.35300136051572
4.081632653061225,3.265306122448979,235.57376243363518
4.285714285714286,3.265306122448979,235.77345584883443
4.4897959183673475,3.265306122448979,235.95118057528077
4.6938775510204085,3.265306122448979,236.10471924022994
4.8979591836734695,3.265306122448979,236.2303913781033
5.1020408163265305,3.265306122448979,236.3230133410509
5.3061224489795915,3.265306122448979,236.37598706668962
5.510204081632653,3.265306122448979,236.3815300919791
5.714285714285714,3.265306122448979,236.3310463750073
5.918367346938775,3.265306122448979,236.21562286600027
6.122448979591837,3.265306122448979,236.02662201907845
6.326530612244898,3.265306122448979,235.7563274532182
6.530612244897959,3.265306122448979,235.3985906120309
6.73469387755102,3.265306122448979,234.94942206160476
6.938775510204081,3.265306122448979,234.40747292796567
7.142857142857143,3.265306122448979,233.77436004700246
7.346938775510204,3.265306122448979,233.0548019596842
7.551020408163265,3.265306122448979,232.25655042710372
7.755102040816327,3.265306122448979,231.39012157219167
7.959183673469388,3.265306122448979,230.4683497058742
8.16326530612245,3.265306122448979,229.50580306449442
8.36734693877551,3.265306122448979,228.5181121833262
8.571428571428571,3.265306122448979,227.5212672483894
8.775510204081632,3.265306122448979,226.53094012746902
8.979591836734695,3.265306122448979,225.56188034838505
9.183673469387756,3.265306122448979,224.62742326050045
9.387755102040817,3.265306122448979,223.73913467662678
9.591836734693878,3.265306122448979,222.90660135504365
9.795918367346939,3.265306122448979,222.13736257820113
10.0,3.265306122448979,221.4369663249804
0.0,3.4285714285714284,227.14452386549794
0.20408163265306123,3.4285714285714284,227.79785803198595
0.40816326530612246,3.4285714285714284,228.44738638545385
0.6122448979591837,3.4285714285714284,229.08904937291126
0.8163265306122449,3.4285714285714284,229.71894805064983
1.0204081632653061,3.4285714285714284,230.33340445945709
1.2244897959183674,3.4285714285714284,230.9290271586341
1.4285714285714286,3.4285714285714284,231.50278090690094
1.6326530612244898,3.4285714285714284,232.05205847373122
1.836734693877551,3.4285714285714284,232.5747512970119
2.0408163265306123,3.4285714285714284,233.06931423287867
2.2448979591836737,3.4285714285714284,233.53481809511914
2.4489795918367347,3.4285714285714284,233.97098224936548
2.6530612244897958,3.4285714285714284,234.37817847383448
2.857142857142857,3.4285714285714284,234.75739693609412
3.0612244897959187,3.4285714285714284,235.11016579201993
3.2653061224489797,3.4285714285714284,235.43841787995862
3.4693877551020407,3.4285714285714284,235.74430145001526
3.673469387755102,3.4285714285714284,236.02993685456102
3.8775510204081636,3.4285714285714284,236.29712741893738
4.081632653061225,3.4285714285714284,236.5470398285681
4.285714285714286,3.4285714285714284,236.77987655859332
4.4897959183673475,3.4285714285714284,236.99456916394914
4.6938775510204085,3.4285714285714284,237.18852555598446
4.8979591836734695,3.4285714285714284,237.35746566807907
5.1020408163265305,3.4285714285714284,237.49537732870203
5.3061224489795915,3.4285714285714284,237.59461729054118
5.510204081632653,3.4285714285714284,237.64617133662526
5.714285714285714,3.4285714285714284,237.64007296075368
5.918367346938775,3.4285714285714284,237.56596367981476
6.122448979591837,3.4285714285714284,237.41376145050307
6.326530612244898,3.4285714285714284,237.17438906432415
6.530612244897959,3.4285714285714284,236.84050387101098
6.73469387755102,3.4285714285714284,236.40716544533439
6.938775510204081,3.4285714285714284,235.87237990485949
7.142857142857143,3.4285714285714284,235.23746865974772
7.346938775510204,3.4285714285714284,234.5072246203967
7.551020408163265,3.4285714285714284,233.68983861025544
7.755102040816327,3.4285714285714284,232.79660057847912
7.959183673469388,3.4285714285714284,231.8414015133385
8.16326530612245,3.4285714285714284,230.84008013599768
8.36734693877551,3.4285714285714284,229.80967138141267
8.571428571428571,3.4285714285714284,228.7676199887285
8.775510204081632,3.4285714285714284,227.73102180260398
8.979591836734695,3.4285714285714284,226.71594815458238
9.183673469387756,3.4285714285714284,225.73689629052353
9.387755102040817,3.4285714285714284,224.80639313904086
9.591836734693878,3.4285714285714284,223.9347629222111
9.795918367346939,3.4285714285714284,223.1300532543037
10.0,3.4285714285714284,222.39810115367868
0.0,3.591836734693877,227.96104101730353
0.20408163265306123,3.591836734693877,228.6144893264139
0.40816326530612246,3.591836734693877,229.26419345243804
0.6122448979591837,3.591836734693877,229.9061231429395
0.8163265306122449,3.591836734693877,230.53642052665776
1.0204081632653061,3.591836734693877,231.15146415031978
1.2244897959183674,3.591836734693877,231.74793882979978
1.4285714285714286,3.591836734693877,232.32291020914496
1.6326530612244898,3.591836734693877,232.8739018009773
1.836734693877551,3.591836734693877,233.39897086843985
2.0408163265306123,3.591836734693877,233.8967778698401
2.2448979591836737,3.591836734693877,234.36664246061096
2.4489795918367347,3.591836734693877,234.8085774501539
2.6530612244897958,3.591836734693877,235.22329093597153
2.857142857142857,3.591836734693877,235.61214643247527
3.0612244897959187,3.591836734693877,235.97707154223278
3.2653061224489797,3.591836734693877,236.3204079077265
3.4693877551020407,3.591836734693877,236.64469904352768
3.673469387755102,3.591836734693877,236.9524182035966
3.8775510204081636,3.591836734693877,237.24564544931428
4.081632653061225,3.591836734693877,237.5257110133394
4.285714285714286,3.591836734693877,237.79283006481847
4.4897959183673475,3.591836734693877,238.04576099108147
4.6938775510204085,3.591836734693877,238.28152411004436
4.8979591836734695,3.591836734693877,238.4952191480931
5.1020408163265305,3.591836734693877,238.67997693688423
5.3061224489795915,3.591836734693877,238.82707312524184
5.510204081632653,3.591836734693877,238.92621941167923
5.714285714285714,3.591836734693877,238.96603172818791
5.918367346938775,3.591836734693877,238.93465648440508
6.122448979591837,3.591836734693877,238.8205174978497
6.326530612244898,3.591836734693877,238.613129966217
6.530612244897959,3.591836734693877,238.30391610900648
6.73469387755102,3.591836734693877,237.88695182780427
6.938775510204081,3.591836734693877,237.35957606528632
7.142857142857143,3.591836734693877,236.7228046532554
7.346938775510204,3.591836734693877,235.98150742732508
7.551020408163265,3.591836734693877,235.1443293621635
7.755102040816327,3.591836734693877,234.22336082654346
7.959183673469388,3.591836734693877,233.23358579996463
8.16326530612245,3.591836734693877,232.19215715002645
8.36734693877551,3.591836734693877,231.11756247511357
8.571428571428571,3.591836734693877,230.0287510548213
8.775510204081632,3.591836734693877,228.94429164722052
8.979591836734695,3.591836734693877,227.88162281282305
9.183673469387756,3.591836734693877,226.8564436238422
9.387755102040817,3.591836734693877,225.88227515449964
9.591836734693878,3.591836734693877,224.9702044344271
9.795918367346939,3.591836734693877,224.12880487909817
10.0,3.591836734693877,223.3642124795126
0.0,3.7551020408163263,228.7775616614407
0.20408163265306123,3.7551020408163263,229.43112620435687
0.40816326530612246,3.7551020408163263,230.08100932323012
0.6122448979591837,3.7551020408163263,230.72321060298717
0.8163265306122449,3.7551020408163263,231.35391399729525
1.0204081632653061,3.7551020408163263,231.96955559405447
1.2244897959183674,3.7551020408163263,232.5668978627931
1.4285714285714286,3.7551020408163263,233.1431091811849
1.6326530612244898,3.7551020408163263,233.69584620031836
1.836734693877551,3.7551020408163263,234.2233350466431
2.0408163265306123,3.7551020408163263,234.72444554743336
2.2448979591836737,3.7551020408163263,235.19875075874398
2.4489795918367347,3.7551020408163263,235.64656230986856
2.6530612244897958,3.7551020408163263,236.06893077923186
2.857142857142857,3.7551020408163263,236.46759986809948
3.0612244897959187,3.7551020408163263,236.8449039439117
3.2653061224489797,3.7551020408163263,237.20360094290305
3.4693877551020407,3.7551020408163263,237.54663688566995
3.673469387755102,3.7551020408163263,237.8768443931991
3.8775510204081636,3.7551020408163263,238.19658533293497
4.081632653061225,3.7551020408163263,238.50735648108645
4.285714285714286,3.7551020408163263,238.8093859333707
4.4897959183673475,3.7551020408163263,239.10125573694344
4.6938775510204085,3.7551020408163263,239.3795915152683
4.8979591836734695,3.7551020408163263,239.6388614250528
5.1020408163265305,3.7551020408163263,239.87132360027883
5.3061224489795915,3.7551020408163263,240.06715277922552
5.510204081632653,3.7551020408163263,240.2147632336506
5.714285714285714,3.7551020408163263,240.30132736287985
5.918367346938775,3.7551020408163263,240.31346907774727
6.122448979591837,3.7551020408163263,240.23809068278
6.326530612244898,3.7551020408163263,240.06327399362675
6.530612244897959,3.7551020408163263,239.77918347098685
6.73469387755102,3.7551020408163263,239.3788933215878
6.938775510204081,3.7551020408163263,238.85906309004287
7.142857142857143,3.7551020408163263,238.22039743135772
7.346938775510204,3.7551020408163263,237.46784451569306
7.551020408163265,3.7551020408163263,236.61051178934707
7.755102040816327,3.7551020408163263,235.6613047050332
7.959183673469388,3.7551020408163263,234.63632025794718
8.16326530612245,3.7551020408163263,233.55404953833
8.36734693877551,3.7551020408163263,232.43445942194256
8.571428571428571,3.7551020408163263,231.2980312932061
8.775510204081632,3.7551020408163263,230.1648338085469
8.979591836734695,3.7551020408163263,229.05369780616564
9.183673469387756,3.7551020408163263,227.9815462030423
9.387755102040817,3.7551020408163263,226.96291243254367
9.591836734693878,3.7551020408163263,226.00966030709677
9.795918367346939,3.7551020408163263,225.1308986764747
10.0,3.7551020408163263,224.33306798173322
0.0,3.9183673469387754,229.59408254925137
0.20408163265306123,3.9183673469387754,230.24776347188333
0.40816326530612246,3.9183673469387754,230.8978258082979
0.6122448979591837,3.9183673469387754,231.5402990182404
0.8163265306122449,3.9183673469387754,232.1714089328092
1.0204081632653061,3.9183673469387754,232.78764925330967
1.2244897959183674,3.9183673469387754,233.38586020040404
1.4285714285714286,3.9183673469387754,233.96331301435558
1.6326530612244898,3.9183673469387754,234.51779765184978
1.836734693877551,3.9183673469387754,235.04770931461945
2.0408163265306123,3.9183673469387754,235.55212746172938
2.2448979591836737,3.9183673469387754,236.03087886795376
2.4489795918367347,3.9183673469387754,236.4845743575911
2.6530612244897958,3.9183673469387754,236.91460741990954
2.857142857142857,3.9183673469387754,237.3231024202828
3.0612244897959187,3.9183673469387754,237.71280100164145
3.2653061224489797,3.9183673469387754,238.08687791655166
3.4693877551020407,3.9183673469387754,238.44868219690647
3.673469387755102,3.9183673469387754,238.8014062818375
3.8775510204081636,3.9183673469387754,239.1476941986079
4.081632653061225,3.9183673469387754,239.48920947604117
4.285714285714286,3.9183673469387754,239.82619315265208
4.4897959183673475,3.9183673469387754,240.15705071405984
4.6938775510204085,3.9183673469387754,240.47801259381006
4.8979591836734695,3.9183673469387754,240.78291458611355
5.1020408163265305,3.9183673469387754,241.06314103176769
5.3061224489795915,3.9183673469387754,241.30776437651804
5.510204081632653,3.9183673469387754,241.50389983668862
5.714285714285714,3.9183673469387754,241.63727446685235
5.918367346938775,3.9183673469387754,241.6929877678257
6.122448979591837,3.9183673469387754,241.65641862116726
6.326530612244898,3.9183673469387754,241.5142136611342
6.530612244897959,3.9183673469387754,241.25527801074327
6.73469387755102,3.9183673469387754,240.8716829244217
6.938775510204081,3.9183673469387754,240.3594076958618
7.142857142857143,3.9183673469387754,239.71884541264774
7.346938775510204,3.9183673469387754,238.9550226778217
7.551020408163265,3.9183673469387754,238.07750998985912
7.755102040816327,3.9183673469387754,237.10002890860054
7.959183673469388,3.9183673469387754,236.03979084212213
8.16326530612245,3.9183673469387754,234.91662678319636
8.36734693877551,3.9183673469387754,233.75198474191816
8.571428571428571,3.9183673469387754,232.5678801308077
8.775510204081632,3.9183673469387754,231.38588338749034
8.979591836734695,3.9183673469387754,230.2262193756016
9.183673469387756,3.9183673469387754,229.10703639319777
9.387755102040817,3.9183673469387754,228.0438815036196
9.591836734693878,3.9183673469387754,227.04939627719574
9.795918367346939,3.9183673469387754,226.13322567013728
10.0,3.9183673469387754,225.30211495573636
0.0,4.081632653061225,230.41060010243623
0.20408163265306123,4.081632653061225,231.06439540803365
0.40816326530612246,4.081632653061225,231.71463388711794
0.6122448979591837,4.081632653061225,232.35737436168466
0.8163265306122449,4.081632653061225,232.98888382176375
1.0204081632653061,4.081632653061225,233.6057125935812
1.2244897959183674,4.081632653061225,234.204777314941
1.4285714285714286,4.081632653061225,234.78345032386176
1.6326530612244898,4.081632653061225,235.33965259547492
1.836734693877551,4.081632653061225,235.8719455059376
2.0408163265306123,4.081632653061225,236.37961454941012
2.2448979591836737,4.081632653061225,236.86273586628252
2.4489795918367347,4.081632653061225,237.32221434250908
2.6530612244897958,4.081632653061225,237.7597804948107
2.857142857142857,4.081632653061225,238.1779328215379
3.0612244897959187,4.081632653061225,238.5798132534037
3.2653061224489797,4.081632653061225,238.96900620790367
3.4693877551020407,4.081632653061225,239.3492568136812
3.673469387755102,4.081632653061225,239.72411115454008
3.8775510204081636,4.081632653061225,240.09649057648906
4.081632653061225,4.081632653061225,240.4682224999579
4.285714285714286,4.081632653061225,240.83956068419678
4.4897959183673475,4.081632653061225,241.20873708259037
4.6938775510204085,4.081632653061225,241.5715937191197
4.8979591836734695,4.081632653061225,241.92134487507013
5.1020408163265305,4.081632653061225,242.24851608990102
5.3061224489795915,4.081632653061225,242.5410964290803
5.510204081632653,4.081632653061225,242.78492434165526
5.714285714285714,4.081632653061225,242.96430633551827
5.918367346938775,4.081632653061225,243.06284365607937
6.122448979591837,4.081632653061225,243.06441789960456
6.326530612244898,4.081632653061225,242.95426514265716
6.530612244897959,4.081632653061225,242.72005277728275
6.73469387755102,4.081632653061225,242.35286631346366
6.938775510204081,4.081632653061225,241.8480164651741
7.142857142857143,4.081632653061225,241.2055900982019
7.346938775510204,4.081632653061225,240.43069090278195
7.551020408163265,4.081632653061225,239.53334448488707
7.755102040816327,4.081632653061225,238.52807450936967
7.959183673469388,4.081632653061225,237.43318767697934
8.16326530612245,4.081632653061225,236.269831894041
8.36734693877551,4.081632653061225,235.0609108928623
8.571428571428571,4.081632653061225,233.8299477944318
8.775510204081632,4.081632653061225,232.59998905121014
8.979591836734695,4.081632653061225,231.3926296346912
9.183673469387756,4.081632653061225,230.22722219989657
9.387755102040817,4.081632653061225,229.12031004908636
9.591836734693878,4.081632653061225,228.08529916634131
9.795918367346939,4.081632653061225,227.13236141622374
10.0,4.081632653061225,226.26854167419384
0.0,4.244897959183673,231.22711051412958
0.20408163265306123,4.244897959183673,231.8810159264178
0.40816326530612246,4.244897959183673,232.53142396297423
0.6122448979591837,4.244897959183673,233.17442171031954
0.8163265306122449,4.244897959183673,233.80631577866438
1.0204081632653061,4.244897959183673,234.42371100219918
1.2244897959183674,4.244897959183673,235.0235975789699
1.4285714285714286,4.244897959183673,235.60344516515121
1.6326530612244898,4.244897959183673,236.1613008561187
1.836734693877551,4.244897959183673,236.69588598992476
2.0408163265306123,4.244897959183673,237.20668439308182
2.2448979591836737,4.244897959183673,237.6940122489151
2.4489795918367347,4.244897959183673,238.15905751136626
2.6530612244897958,4.244897959183673,238.6038751246386
2.857142857142857,4.244897959183673,239.0313237328776
3.0612244897959187,4.244897959183673,239.4449305895839
3.2653061224489797,4.244897959183673,239.84867446161738
3.4693877551020407,4.244897959183673,240.24668176606113
3.673469387755102,4.244897959183673,240.64283901017654
3.8775510204081636,4.244897959183673,241.04033449099296
4.081632653061225,4.244897959183673,241.4411533933621
4.285714285714286,4.244897959183673,241.84556172169735
4.4897959183673475,4.244897959183673,242.25162438475374
4.6938775510204085,4.244897959183673,242.65480951786847
4.8979591836734695,4.244897959183673,243.04773312502866
5.1020408163265305,4.244897959183673,243.4200940511503
5.3061224489795915,4.244897959183673,243.7588384842345
5.510204081632653,4.244897959183673,244.04857583874931
5.714285714285714,4.244897959183673,244.27224518388235
5.918367346938775,4.244897959183673,244.41200552279923
6.122448979591837,4.244897959183673,244.45029714336727
6.326530612244898,4.244897959183673,244.37099829898727
6.530612244897959,4.244897959183673,244.160584924036
6.73469387755102,4.244897959183673,243.80919363668855
6.938775510204081,4.244897959183673,243.3114915664481
7.142857142857143,4.244897959183673,242.66727080558854
7.346938775510204,4.244897959183673,241.88170924958737
7.551020408163265,4.244897959183673,240.9652705974526
7.755102040816327,4.244897959183673,239.93325063187956
7.959183673469388,4.244897959183673,238.8050103981284
8.16326530612245,4.244897959183673,237.60296548248672
8.36734693877551,4.244897959183673,236.35142091644124
8.571428571428571,4.244897959183673,235.0753511628786
8.775510204081632,4.244897959183673,233.79922350740938
8.979591836734695,4.244897959183673,232.54595180709538
9.183673469387756,4.244897959183673,231.33604804832797
9.387755102040817,4.244897959183673,230.18701452730707
9.591836734693878,4.244897959183673,229.11299306380639
9.795918367346939,4.244897959183673,228.12466273196
10.0,4.244897959183673,227.2293568085924
0.0,4.408163265306122,232.04360986954055
0.20408163265306123,4.408163265306122,232.69761876809588
0.40816326530612246,4.408163265306122,233.34818616708273
0.6122448979591837,4.408163265306122,233.9914257180759
0.8163265306122449,4.408163265306122,234.62368126921018
1.0204081632653061,4.408163265306122,235.2416088852209
1.2244897959183674,4.408163265306122,235.8422679014135
1.4285714285714286,4.408163265306122,236.42321944063573
1.6326530612244898,4.408163265306122,236.98262913523106
1.836734693877551,4.408163265306122,237.51936866706225
2.0408163265306123,4.408163265306122,238.03310826979458
2.2448979591836737,4.408163265306122,238.52438973654273
2.4489795918367347,4.408163265306122,238.9946670691072
2.6530612244897958,4.408163265306122,239.44630013220876
2.857142857142857,4.408163265306122,239.88248606117497
3.0612244897959187,4.408163265306122,240.30711426385534
3.2653061224489797,4.408163265306122,240.72453414529147
3.4693877551020407,4.408163265306122,241.13923048514206
3.673469387755102,4.408163265306122,241.55540974536527
3.8775510204081636,4.408163265306122,241.9765111229532
4.081632653061225,4.408163265306122,242.40466808122284
4.285714285714286,4.408163265306122,242.8401581334814
4.4897959183673475,4.408163265306122,243.28088918780546
4.6938775510204085,4.408163265306122,243.7219779718222
4.8979591836734695,4.408163265306122,244.15547818504996
5.1020408163265305,4.408163265306122,244.5703116848145
5.3061224489795915,4.408163265306122,244.95244448710991
5.510204081632653,4.408163265306122,245.28533087041916
5.714285714285714,4.408163265306122,245.55062468569233
5.918367346938775,4.408163265306122,245.72912941205686
6.122448979591837,4.408163265306122,245.8019306910379
6.326530612244898,4.408163265306122,245.751630595184
6.530612244897959,4.408163265306122,245.56358524039712
6.73469387755102,4.408163265306122,245.2270394073961
6.938775510204081,4.408163265306122,244.73605533824264
7.142857142857143,4.408163265306122,244.09014807564745
7.346938775510204,4.408163265306122,243.2945652585659
7.551020408163265,4.408163265306122,242.3601823376673
7.755102040816327,4.408163265306122,241.3030207880891
7.959183673469388,4.408163265306122,240.1434326046592
8.16326530612245,4.408163265306122,238.90502483138943
8.36734693877551,4.408163265306122,237.61341954253746
8.571428571428571,4.408163265306122,236.2949552775437
8.775510204081632,4.408163265306122,234.97543472423473
8.979591836734695,4.408163265306122,233.6790113241444
9.183673469387756,4.408163265306122,232.42728668750922
9.387755102040817,4.408163265306122,231.23866444270334
9.591836734693878,4.408163265306122,230.1279780013422
9.795918367346939,4.408163265306122,229.10638314996353
10.0,4.408163265306122,228.181484225946
0.0,4.571428571428571,232.86009428118228
0.20408163265306123,4.571428571428571,233.51419771778143
0.40816326530612246,4.571428571428571,234.16491069949
0.6122448979591837,4.571428571428571,234.80837114591685
0.8163265306122449,4.571428571428571,235.44095692324183
1.0204081632653061,4.571428571428571,236.05937089695595
1.2244897959183674,4.571428571428571,236.66073556148174
1.4285714285714286,4.571428571428571,237.24269559742388
1.6326530612244898,4.571428571428571,237.80352492447028
1.836734693877551,4.571428571428571,238.34223256840502
2.0408163265306123,4.571428571428571,238.8586590518417
2.2448979591836737,4.571428571428571,239.35355226971643
2.4489795918367347,4.571428571428571,239.82860926713244
2.6530612244897958,4.571428571428571,240.28646846354073
2.857142857142857,4.571428571428571,240.7306362168846
3.0612244897959187,4.571428571428571,241.16533277469546
3.2653061224489797,4.571428571428571,241.5952461319518
3.4693877551020407,4.571428571428571,242.02518844408712
3.673469387755102,4.571428571428571,242.45965846199772
3.8775510204081636,4.571428571428571,242.90232458788668
4.081632653061225,4.571428571428571,243.3554557422327
4.285714285714286,4.571428571428571,243.819339952089
4.4897959183673475,4.571428571428571,244.29174170034705
4.6938775510204085,4.571428571428571,244.76745669235336
4.8979591836734695,4.571428571428571,245.23802494435225
5.1020408163265305,4.571428571428571,245.69165851043786
5.3061224489795915,4.571428571428571,246.11342798785248
5.510204081632653,4.571428571428571,246.48573240108828
5.714285714285714,4.571428571428571,246.7890515127703
5.918367346938775,4.571428571428571,247.0029504870836
6.122448979591837,4.571428571428571,247.10727745241462
6.326530612244898,4.571428571428571,247.08346864892985
6.530612244897959,4.571428571428571,246.9158572022255
6.73469387755102,4.571428571428571,246.5928731707308
6.938775510204081,4.571428571428571,246.10802621231406
7.142857142857143,4.571428571428571,245.46057827597159
7.346938775510204,4.571428571428571,244.65584071357583
7.551020408163265,4.571428571428571,243.70506512422313
7.755102040816327,4.571428571428571,242.62493592650992
7.959183673469388,4.571428571428571,241.43671037966547
8.16326530612245,4.571428571428571,240.16508396277268
8.36734693877551,4.571428571428571,238.8368819111525
8.571428571428571,4.571428571428571,237.47968889218666
8.775510204081632,4.571428571428571,236.12052752671025
8.979591836734695,4.571428571428571,234.78468365666518
9.183673469387756,4.571428571428571,233.49475429882526
9.387755102040817,4.571428571428571,232.2699664775855
9.591836734693878,4.571428571428571,231.1257853960218
9.795918367346939,4.571428571428571,230.0738023328328
10.0,4.571428571428571,229.1218692479586
0.0,4.73469387755102,233.67656003237886
0.20408163265306123,4.73469387755102,234.33074683327922
0.40816326530612246,4.73469387755102,234.98158819083923
0.6122448979591837,4.73469387755102,235.62524342438806
0.8163265306122449,4.73469387755102,236.25812039745315
1.0204081632653061,4.73469387755102,236.8769632447557
1.2244897959183674,4.73469387755102,237.47895015486475
1.4285714285714286,4.73469387755102,238.06179949019318
1.6326530612244898,4.73469387755102,238.62388065895868
1.836734693877551,4.73469387755102,239.16432379776552
2.0408163265306123,4.73469387755102,239.6831195912003
2.2448979591836737,4.73469387755102,240.1811976762115
2.4489795918367347,4.73469387755102,240.6604694151685
2.6530612244897958,4.73469387755102,241.12381885901104
2.857142857142857,4.73469387755102,241.5750250403247
3.0612244897959187,4.73469387755102,242.0185999433619
3.2653061224489797,4.73469387755102,242.45953013405042
3.4693877551020407,4.73469387755102,242.90291645004734
3.673469387755102,4.73469387755102,243.35351538465738
3.8775510204081636,4.73469387755102,243.81519745482458
4.081632653061225,4.73469387755102,244.29035102809033
4.285714285714286,4.73469387755102,244.7792734026017
4.4897959183673475,4.73469387755102,245.2796025879295
4.6938775510204085,4.73469387755102,245.78585120975174
4.8979591836734695,4.73469387755102,246.289106314847
5.1020408163265305,4.73469387755102,246.77695404790805
5.3061224489795915,4.73469387755102,247.23367541972553
5.510204081632653,4.73469387755102,247.64073892452032
5.714285714285714,4.73469387755102,247.9775890057078
5.918367346938775,4.73469387755102,248.22269887278787
6.122448979591837,4.73469387755102,248.3548254064976
6.326530612244898,4.73469387755102,248.35437680794166
6.530612244897959,4.73469387755102,248.2047841227856
6.73469387755102,4.73469387755102,247.8937589817058
6.938775510204081,4.73469387755102,247.41432377000507
7.142857142857143,4.73469387755102,246.76551725689083
7.346938775510204,4.73469387755102,245.9527069767269
7.551020408163265,4.73469387755102,244.98747621889532
7.755102040816327,4.73469387755102,243.8870939901223
7.959183673469388,4.73469387755102,242.67361581805054
8.16326530612245,4.73469387755102,241.3726969713405
8.36734693877551,4.73469387755102,240.01222364106454
8.571428571428571,4.73469387755102,238.62087933884607
8.775510204081632,4.73469387755102,237.226762430889
8.979591836734695,4.73469387755102,235.85615731765125
9.183673469387756,4.73469387755102,234.5325387722792
9.387755102040817,4.73469387755102,233.27585989547703
9.591836734693878,4.73469387755102,232.10214300840232
9.795918367346939,4.73469387755102,231.02336340975486
10.0,4.73469387755102,230.04759141476296
0.0,4.897959183673469,234.49300372177007
0.20408163265306123,4.897959183673469,235.1472606765186
0.40816326530612246,4.897959183673469,235.79821006665205
0.6122448979591837,4.897959183673469,236.44202922008006
0.8163265306122449,4.897959183673469,237.07515124410156
1.0204081632653061,4.897959183673469,237.69435500287548
1.2244897959183674,4.897959183673469,238.29686555345825
1.4285714285714286,4.897959183673469,238.88046326396918
1.6326530612244898,4.897959183673469,239.44359789941805
1.836734693877551,4.897959183673469,239.98550151521567
2.0408163265306123,4.897959183673469,240.50629116227222
2.2448979591836737,4.897959183673469,241.00704941951923
2.4489795918367347,4.897959183673469,241.48986800447489
2.6530612244897958,4.897959183673469,241.95783767519362
2.857142857142857,4.897959183673469,242.41496692909402
3.0612244897959187,4.897959183673469,242.86601325663838
3.2653061224489797,4.897959183673469,243.31621448119617
3.4693877551020407,4.897959183673469,243.7709143761727
3.673469387755102,4.897959183673469,244.2350863337313
3.8775510204081636,4.897959183673469,244.7127709571317
4.081632653061225,4.897959183673469,245.20645713261433
4.285714285714286,4.897959183673469,245.71644996026194
4.4897959183673475,4.897959183673469,246.2402810181151
4.6938775510204085,4.897959183673469,246.7722247108412
4.8979591836734695,4.897959183673469,247.30298689626065
5.1020408163265305,4.897959183673469,247.81962699536695
5.3061224489795915,4.897959183673469,248.3057615555384
5.510204081632653,4.897959183673469,248.74207599864437
5.714285714285714,4.897959183673469,249.10714351235174
5.918367346938775,4.897959183673469,249.37851838976462
6.122448979591837,4.897959183673469,249.53403919021878
6.326530612244898,4.897959183673469,249.55324898555807
6.530612244897959,4.897959183673469,249.41881969101019
6.73469387755102,4.897959183673469,249.1178583562644
6.938775510204081,4.897959183673469,248.64297731045943
7.142857142857143,4.897959183673469,247.99302750954456
7.346938775510204,4.897959183673469,247.17342376732938
7.551020408163265,4.897959183673469,246.19602850166729
7.755102040816327,4.897959183673469,245.0786026697512
7.959183673469388,4.897959183673469,243.84387356879748
8.16326530612245,4.897959183673469,242.5183041625032
8.36734693877551,4.897959183673469,241.13067347169664
8.571428571428571,4.897959183673469,239.71058972218927
8.775510204081632,4.897959183673469,238.28705655589877
8.979591836734695,4.897959183673469,236.88719869367807
9.183673469387756,4.897959183673469,235.53522957002397
9.387755102040817,4.897959183673469,234.25171330314356
9.591836734693878,4.897959183673469,233.0531410476969
9.795918367346939,4.897959183673469,231.951811268061
10.0,4.897959183673469,230.95597803274364
0.0,5.061224489795918,235.30942240102732
0.20408163265306123,5.061224489795918,235.96373453373278
0.40816326530612246,5.061224489795918,236.61476889449622
0.6122448979591837,5.061224489795918,237.25871697547788
0.8163265306122449,5.061224489795918,237.89203173890652
1.0204081632653061,5.061224489795918,238.51151936461184
1.2244897959183674,5.061224489795918,239.11444177302178
1.4285714285714286,5.061224489795918,239.69862810147208
1.6326530612244898,5.061224489795918,240.26259131782905
1.836734693877551,5.061224489795918,240.8056436394856
2.0408163265306123,5.061224489795918,241.32800150798727
2.2448979591836737,5.061224489795918,241.83086779539806
2.4489795918367347,5.061224489795918,242.31647607358747
2.6530612244897958,5.061224489795918,242.78807968151673
2.857142857142857,5.061224489795918,243.24986759709128
3.0612244897959187,5.061224489795918,243.70679040825004
3.2653061224489797,5.061224489795918,244.1642835593433
3.4693877551020407,5.061224489795918,244.62788189951326
3.673469387755102,5.061224489795918,245.10272941792084
3.8775510204081636,5.061224489795918,245.59300049545374
4.081632653061225,5.061224489795918,246.10126307911065
4.285714285714286,5.061224489795918,246.6278284054142
4.4897959183673475,5.061224489795918,247.17014434104007
4.6938775510204085,5.061224489795918,247.72229792319118
4.8979591836734695,5.061224489795918,248.27469519394816
5.1020408163265305,5.061224489795918,248.81398129143432
5.3061224489795915,5.061224489795918,249.3232501440347
5.510204081632653,5.061224489795918,249.78257126538878
5.714285714285714,5.061224489795918,250.1698325762341
5.918367346938775,5.061224489795918,250.46186561631797
6.122448979591837,5.061224489795918,250.63578665959898
6.326530612244898,5.061224489795918,250.6704583296451
6.530612244897959,5.061224489795918,250.5479554644363
6.73469387755102,5.061224489795918,250.25490959386522
6.938775510204081,5.061224489795918,249.78361052646852
7.142857142857143,5.061224489795918,249.13276149783334
7.346938775510204,5.061224489795918,248.30781450837117
7.551020408163265,5.061224489795918,247.3208515182577
7.755102040816327,5.061224489795918,246.1900204174395
7.959183673469388,5.061224489795918,244.93857686862572
8.16326530612245,5.061224489795918,243.59361911017135
8.36734693877551,5.061224489795918,242.18462839839216
8.571428571428571,5.061224489795918,240.7419402725817
8.775510204081632,5.061224489795918,239.29527039923786
8.979591836734695,5.061224489795918,237.87240443462522
9.183673469387756,5.061224489795918,236.49813679098028
9.387755102040817,5.061224489795918,235.19351216880605
9.591836734693878,5.061224489795918,233.97539047337943
9.795918367346939,5.061224489795918,232.85632434788965
10.0,5.061224489795918,231.84471238792025
0.0,5.224489795918367,236.12581369802126
0.20408163265306123,5.224489795918367,236.78016461237797
0.40816326530612246,5.224489795918367,237.43125869447812
0.6122448979591837,5.224489795918367,238.07529739178028
0.8163265306122449,5.224489795918367,238.70874762148742
1.0204081632653061,5.224489795918367,239.32843476216135
1.2244897959183674,5.224489795918367,239.9316466435335
1.4285714285714286,5.224489795918367,240.51624668022782
1.6326530612244898,5.224489795918367,241.0807922620372
1.836734693877551,5.224489795918367,241.62465194794828
2.0408163265306123,5.224489795918367,242.1481120358982
2.2448979591836737,5.224489795918367,242.65245994559598
2.4489795918367347,5.224489795918367,243.1400289507901
2.6530612244897958,5.224489795918367,243.61418665991454
2.857142857142857,5.224489795918367,244.0792489010099
3.0612244897959187,5.224489795918367,244.54030197996164
3.2653061224489797,5.224489795918367,245.00292023839708
3.4693877551020407,5.224489795918367,245.47277282243155
3.673469387755102,5.224489795918367,245.95512362478246
3.8775510204081636,5.224489795918367,246.45424105151716
4.081632653061225,5.224489795918367,246.97274861723653
4.285714285714286,5.224489795918367,247.5109618714405
4.4897959183673475,5.224489795918367,248.06626984453843
4.6938775510204085,5.224489795918367,248.6326278831077
4.8979591836734695,5.224489795918367,249.2002313046909
5.1020408163265305,5.224489795918367,249.7554340700156
5.3061224489795915,5.224489795918367,250.28096278637176
5.510204081632653,5.224489795918367,250.75645407826113
5.714285714285714,5.224489795918367,251.15931422874226
5.918367346938775,5.224489795918367,251.4658667926675
6.122448979591837,5.224489795918367,251.65272038801845
6.326530612244898,5.224489795918367,251.69825938745942
6.530612244897959,5.224489795918367,251.58413897512847
6.73469387755102,5.224489795918367,251.29665646334345
6.938775510204081,5.224489795918367,250.82787497806316
7.142857142857143,5.224489795918367,250.1763939300886
7.346938775510204,5.224489795918367,249.347691456316
7.551020408163265,5.224489795918367,248.35400382154313
7.755102040816327,5.224489795918367,247.21375087017003
7.959183673469388,5.224489795918367,245.9505596249098
8.16326530612245,5.224489795918367,244.59197482488756
8.36734693877551,5.224489795918367,243.16797129039495
8.571428571428571,5.224489795918367,241.70939575069005
8.775510204081632,5.224489795918367,240.24646431647932
8.979591836734695,5.224489795918367,238.8074271803765
9.183673469387756,5.224489795918367,237.4174870929721
9.387755102040817,5.224489795918367,236.0980265305053
9.591836734693878,5.224489795918367,234.86616457344965
9.795918367346939,5.224489795918367,233.734632513763
10.0,5.224489795918367,232.71193052742385
0.0,5.387755102040816,236.94217591826586
0.20408163265306123,5.387755102040816,237.59654820332202
0.40816326530612246,5.387755102040816,238.24767519497328
0.6122448979591837,5.387755102040816,238.89176382656353
0.8163265306122449,5.387755102040816,239.52528870520962
1.0204081632653061,5.387755102040816,240.14508578896968
1.2244897959183674,5.387755102040816,240.74845718494373
1.4285714285714286,5.387755102040816,241.3332851963179
1.6326530612244898,5.387755102040816,241.8981516916683
1.836734693877551,5.387755102040816,242.44245627711925
2.0408163265306123,5.387755102040816,242.96652374509947
2.2448979591836737,5.387755102040816,243.47168810545136
2.4489795918367347,5.387755102040816,243.96033757282515
2.6530612244897958,5.387755102040816,244.43590272405535
2.857142857142857,5.387755102040816,244.90276928818017
3.0612244897959187,5.387755102040816,245.36609835870618
3.2653061224489797,5.387755102040816,245.83154081685757
3.4693877551020407,5.387755102040816,246.30483981334095
3.673469387755102,5.387755102040816,246.7913253139463
3.8775510204081636,5.387755102040816,247.29531753748722
4.081632653061225,5.387755102040816,247.81947061919277
4.285714285714286,5.387755102040816,248.36410248523677
4.4897959183673475,5.387755102040816,248.92656974419725
4.6938775510204085,5.387755102040816,249.50075517429283
4.8979591836734695,5.387755102040816,250.07673797292662
5.1020408163265305,5.387755102040816,250.6407116469929
5.3061224489795915,5.387755102040816,251.1752003908246
5.510204081632653,5.387755102040816,251.65960228457732
5.714285714285714,5.387755102040816,252.07105820399127
5.918367346938775,5.387755102040816,252.38561177791908
6.122448979591837,5.387755102040816,252.57959187959355
6.326530612244898,5.387755102040816,252.63111934064932
6.530612244897959,5.387755102040816,252.52161809421216
6.73469387755102,5.387755102040816,252.23720128139786
6.938775510204081,5.387755102040816,251.76980711431858
7.142857142857143,5.387755102040816,251.11797779093837
7.346938775510204,5.387755102040816,250.28720585071073
7.551020408163265,5.387755102040816,249.28981258827602
7.755102040816327,5.387755102040816,248.14436770903006
7.959183673469388,5.387755102040816,246.87470287429116
8.16326530612245,5.387755102040816,245.50860886824523
8.36734693877551,5.387755102040816,244.07633249051003
8.571428571428571,5.387755102040816,242.60900216250263
8.775510204081632,5.387755102040816,241.1371097656202
8.979591836734695,5.387755102040816,239.689161476076
9.183673469387756,5.387755102040816,238.29058506005268
9.387755102040817,5.387755102040816,236.9629491257228
9.591836734693878,5.387755102040816,235.723515572523
9.795918367346939,5.387755102040816,234.58511413713984
10.0,5.387755102040816,233.5563009716131
0.0,5.551020408163265,237.75850811858592
0.20408163265306123,5.551020408163265,238.41288379862303
0.40816326530612246,5.551020408163265,239.0640160183343
0.6122448979591837,5.551020408163265,239.70811258255952
0.8163265306122449,5.551020408163265,240.34164932004657
1.0204081632653061,5.551020408163265,240.96146386952807
1.2244897959183674,5.551020408163265,241.56486060622797
1.4285714285714286,5.551020408163265,242.1497248339973
1.6326530612244898,5.551020408163265,242.71464231014798
1.836734693877551,5.551020408163265,243.25901757299854
2.0408163265306123,5.551020408163265,243.78318153026967
2.2448979591836737,5.551020408163265,244.28847559318135
2.4489795918367347,5.551020408163265,244.77729670437674
2.6530612244897958,5.551020408163265,245.25308544394372
2.857142857142857,5.551020408163265,245.7202386454965
3.0612244897959187,5.551020408163265,246.18392928341385
3.2653061224489797,5.551020408163265,246.6498203981137
3.4693877551020407,5.551020408163265,247.12366689678146
3.673469387755102,5.551020408163265,247.6108092416734
3.8775510204081636,5.551020408163265,248.11557588265262
4.081632653061225,5.551020408163265,248.64062581938657
4.285714285714286,5.551020408163265,249.18627735561094
4.4897959183673475,5.551020408163265,249.74988194932365
4.6938775510204085,5.551020408163265,250.32531085042643
4.8979591836734695,5.551020408163265,250.90262480930508
5.1020408163265305,5.551020408163265,251.46799184292036
5.3061224489795915,5.551020408163265,252.00390398998312
5.510204081632653,5.551020408163265,252.48972143514098
5.714285714285714,5.551020408163265,252.90254289113457
5.918367346938775,5.551020408163265,253.21836751735776
6.122448979591837,5.551020408163265,253.41347974637839
6.326530612244898,5.551020408163265,253.46595854331287
6.530612244897959,5.551020408163265,253.35719110440877
6.73469387755102,5.551020408163265,253.07326131307204
6.938775510204081,5.551020408163265,252.60608753741627
7.142857142857143,5.551020408163265,251.95420288648947
7.346938775510204,5.551020408163265,251.12310218775673
7.551020408163265,5.551020408163265,250.12512024382505
7.755102040816327,5.551020408163265,248.97885056722998
7.959183673469388,5.551020408163265,247.7081573284816
8.16326530612245,5.551020408163265,246.34087039884858
8.36734693877551,5.551020408163265,244.907279784987
8.571428571428571,5.551020408163265,243.43855865834743
8.775510204081632,5.551020408163265,241.96524270966728
8.979591836734695,5.551020408163265,240.51587878109342
9.183673469387756,5.551020408163265,239.11593038511867
9.387755102040817,5.551020408163265,237.78699569911007
9.591836734693878,5.551020408163265,236.54635931093623
9.795918367346939,5.551020408163265,235.40686659635907
10.0,5.551020408163265,234.37708259985828
0.0,5.7142857142857135,238.57481014853727
0.20408163265306123,5.7142857142857135,239.22917115775192
0.40816326530612246,5.7142857142857135,239.8802807853069
0.6122448979591837,5.7142857142857135,240.52434307002346
0.8163265306122449,5.7142857142857135,241.15782856158225
1.0204081632653061,5.7142857142857135,241.77756763597216
1.2244897959183674,5.7142857142857135,242.38085486711228
1.4285714285714286,5.7142857142857135,242.96556259199954
1.6326530612244898,5.7142857142857135,243.53025976344748
1.836734693877551,5.7142857142857135,244.07432960615105
2.0408163265306123,5.7142857142857135,244.59807660165552
2.2448979591836737,5.7142857142857135,245.10281017740894
2.4489795918367347,5.7142857142857135,245.59088955954383
2.6530612244897958,5.7142857142857135,246.06571210082038
2.857142857142857,5.7142857142857135,246.53162664835014
3.0612244897959187,5.7142857142857135,246.99375483537943
3.2653061224489797,5.7142857142857135,247.45770715847553
3.4693877551020407,5.7142857142857135,247.92918772123548
3.673469387755102,5.7142857142857135,248.41349162725416
3.8775510204081636,5.7142857142857135,248.91491175733887
4.081632653061225,5.7142857142857135,249.43608609032893
4.285714285714286,5.7142857142857135,249.97733129839148
4.4897959183673475,5.7142857142857135,250.53602109686489
4.6938775510204085,5.7142857142857135,251.10607655327658
4.8979591836734695,5.7142857142857135,251.67763813360412
5.1020408163265305,5.7142857142857135,252.23698400514328
5.3061224489795915,5.7142857142857135,252.76674516155884
5.510204081632653,5.7142857142857135,253.24644554637598
5.714285714285714,5.7142857142857135,253.6533660724388
5.918367346938775,5.7142857142857135,253.96369806620876
6.122448979591837,5.7142857142857135,254.15391800289402
6.326530612244898,5.7142857142857135,254.20228576652147
6.530612244897959,5.7142857142857135,254.0903473053981
6.73469387755102,5.7142857142857135,253.80431293505788
6.938775510204081,5.7142857142857135,253.33618677601908
7.142857142857143,5.7142857142857135,252.68454121350675
7.346938775510204,5.7142857142857135,251.85486118774003
7.551020408163265,5.7142857142857135,250.8594231289864
7.755102040816327,5.7142857142857135,249.7167176713487
7.959183673469388,5.7142857142857135,248.45046850249253
8.16326530612245,5.7142857142857135,247.08833658562543
8.36734693877551,5.7142857142857135,245.6604252156668
8.571428571428571,5.7142857142857135,244.19771418454468
8.775510204081632,5.7142857142857135,242.73054986851676
8.979591836734695,5.7142857142857135,241.28730337893774
9.183673469387756,5.7142857142857135,239.8932837568095
9.387755102040817,5.7142857142857135,238.5699614013439
9.591836734693878,5.7142857142857135,237.3345228562787
9.795918367346939,5.7142857142857135,236.19974591581902
10.0,5.7142857142857135,235.17415719730474
0.0,5.877551020408163,239.39108265704036
0.20408163265306123,5.877551020408163,240.04541131819812
0.40816326530612246,5.877551020408163,240.69647113175256
0.6122448979591837,5.877551020408163,241.34045783273834
0.8163265306122449,5.877551020408163,241.97383033089073
1.0204081632653061,5.877551020408163,242.59340298839678
1.2244897959183674,5.877551020408163,243.19644876803753
1.4285714285714286,5.877551020408163,243.78081141587484
1.6326530612244898,5.877551020408163,244.34502283207087
1.836734693877551,5.877551020408163,244.88841924638814
2.0408163265306123,5.877551020408163,245.41124687264852
2.2448979591836737,5.877551020408163,245.91474461649557
2.4489795918367347,5.877551020408163,246.40118854200063
2.6530612244897958,5.877551020408163,246.8738806889271
2.857142857142857,5.877551020408163,247.33706409776786
3.0612244897959187,5.877551020408163,247.7957471984446
3.2653061224489797,5.877551020408163,248.2554246322975
3.4693877551020407,5.877551020408163,248.72168848484324
3.673469387755102,5.877551020408163,249.19973384724977
3.8775510204081636,5.877551020408163,249.69377517323937
4.081632653061225,5.877551020408163,250.20640409231092
4.285714285714286,5.877551020408163,250.73793367914595
4.4897959183673475,5.877551020408163,251.28578672483962
4.6938775510204085,5.877551020408163,251.84399414102634
4.8979591836734695,5.877551020408163,252.40287216055066
5.1020408163265305,5.877551020408163,252.94894182388813
5.3061224489795915,5.877551020408163,253.46514050989583
5.510204081632653,5.877551020408163,253.9313532380715
5.714285714285714,5.877551020408163,254.32526265874404
5.918367346938775,5.877551020408163,254.62348381226386
6.122448979591837,5.877551020408163,254.8029166133752
6.326530612244898,5.877551020408163,254.84221985865588
6.530612244897959,5.877551020408163,254.72328953272915
6.73469387755102,5.877551020408163,254.4326147244346
6.938775510204081,5.877551020408163,253.96238863187443
7.142857142857143,5.877551020408163,253.31127024128165
7.346938775510204,5.877551020408163,252.48472269224368
7.551020408163265,5.877551020408163,251.49489370842247
7.755102040816327,5.877551020408163,250.36004708473675
7.959183673469388,5.877551020408163,249.10359675477667
8.16326530612245,5.877551020408163,247.75283125221583
8.36734693877551,5.877551020408163,246.33744218667795
8.571428571428571,5.877551020408163,244.8879829628303
8.775510204081632,5.877551020408163,243.43438253278296
8.979591836734695,5.877551020408163,242.00462453474918
9.183673469387756,5.877551020408163,240.62367741174512
9.387755102040817,5.877551020408163,239.31272982178885
9.591836734693878,5.877551020408163,238.08875212870493
9.795918367346939,5.877551020408163,236.9643731144635
10.0,5.877551020408163,235.94803466745958
0.0,6.040816326530612,240.20732706381926
0.20408163265306123,6.040816326530612,240.86160654980645
0.40816326530612246,6.040816326530612,241.51259063664938
0.6122448979591837,6.040816326530612,242.15646243605488
0.8163265306122449,6.040816326530612,242.7896631628378
1.0204081632653061,6.040816326530612,243.4089828351745
1.2244897959183674,6.040816326530612,244.01166156282486
1.4285714285714286,6.040816326530612,244.59549962821666
1.6326530612244898,6.040816326530612,245.1589726044671
1.836734693877551,6.040816326530612,245.70134528014447
2.0408163265306123,6.040816326530612,246.22277529109985
2.2448979591836737,6.040816326530612,246.72439433648285
2.4489795918367347,6.040816326530612,247.20835205828763
2.6530612244897958,6.040816326530612,247.67780560247817
2.857142857142857,6.040816326530612,248.13683716345537
3.0612244897959187,6.040816326530612,248.5902830806562
3.2653061224489797,6.040816326530612,249.04346187354201
3.4693877551020407,6.040816326530612,249.5017953389403
3.673469387755102,6.040816326530612,249.97032653019565
3.8775510204081636,6.040816326530612,250.4531506770135
4.081632653061225,6.040816326530612,250.9527889491204
4.285714285714286,6.040816326530612,251.46954895233873
4.4897959183673475,6.040816326530612,252.00092808220492
4.6938775510204085,6.040816326530612,252.54112423419156
4.8979591836734695,6.040816326530612,253.08072084005698
5.1020408163265305,6.040816326530612,253.60660815349058
5.3061224489795915,6.040816326530612,254.10218931684605
5.510204081632653,6.040816326530612,254.54789825345821
5.714285714285714,6.040816326530612,254.92202833068913
5.918367346938775,6.040816326530612,255.2018387142176
6.122448979591837,6.040816326530612,255.36487302704776
6.326530612244898,6.040816326530612,255.39039648835654
6.530612244897959,6.040816326530612,255.2608372042365
6.73469387755102,6.040816326530612,254.96310805172863
6.938775510204081,6.040816326530612,254.48968966265892
7.142857142857143,6.040816326530612,253.83937267318743
7.346938775510204,6.040816326530612,253.01758708181424
7.551020408163265,6.040816326530612,252.0362849537943
7.755102040816327,6.040816326530612,250.9133852455415
7.959183673469388,6.040816326530612,249.67183100580905
8.16326530612245,6.040816326530612,248.33834460487094
8.36734693877551,6.040816326530612,246.9419918127617
8.571428571428571,6.040816326530612,245.51267784478907
8.775510204081632,6.040816326530612,244.0796970893324
8.979591836734695,6.040816326530612,242.67044415207397
9.183673469387756,6.040816326530612,241.30936970261004
9.387755102040817,6.040816326530612,240.01723409900512
9.591836734693878,6.040816326530612,238.8106790706888
9.795918367346939,6.040816326530612,237.70210687282326
10.0,6.040816326530612,236.69983058976644
0.0,6.204081632653061,241.02354549740073
0.20408163265306123,6.204081632653061,241.67776025565047
0.40816326530612246,6.204081632653061,242.32864466579386
0.6122448979591837,6.204081632653061,242.97236522384657
0.8163265306122449,6.204081632653061,243.60533985335357
1.0204081632653061,6.204081632653061,244.22432652923226
1.2244897959183674,6.204081632653061,244.8265221178392
1.4285714285714286,6.204081632653061,245.4096696917814
1.6326530612244898,6.204081632653061,245.9721706826503
1.836734693877551,6.204081632653061,246.5131958432068
2.0408163265306123,6.204081632653061,247.03278621689228
2.2448979591836737,6.204081632653061,247.5319323903047
2.4489795918367347,6.204081632653061,248.01261760001603
2.6530612244897958,6.204081632653061,248.4778082728182
2.857142857142857,6.204081632653061,248.9313748864372
3.0612244897959187,6.204081632653061,249.37792726299264
3.2653061224489797,6.204081632653061,249.8225520982307
3.4693877551020407,6.204081632653061,250.27044704330848
3.673469387755102,6.204081632653061,250.72645502894395
3.8775510204081636,6.204081632653061,251.1945143540015
4.081632653061225,6.204081632653061,251.67705344421546
4.285714285714286,6.204081632653061,252.17437270692005
4.4897959183673475,6.204081632653061,252.68406773714216
4.6938775510204085,6.204081632653061,253.20055622595257
4.8979591836734695,6.204081632653061,253.71477331067453
5.1020408163265305,6.204081632653061,254.21409522879162
5.3061224489795915,6.204081632653061,254.6825381925662
5.510204081632653,6.204081632653061,255.10125863026875
5.714285714285714,6.204081632653061,255.44935377697226
5.918367346938775,6.204081632653061,255.70493064035904
6.122448979591837,6.204081632653061,255.84638013646284
6.326530612244898,6.204081632653061,255.85376569954212
6.530612244897959,6.204081632653061,255.71021585051983
6.73469387755102,6.204081632653061,255.40320128557894
6.938775510204081,6.204081632653061,254.925580976557
7.142857142857143,6.204081632653061,254.27631884629147
7.346938775510204,6.204081632653061,253.46080127070678
7.551020408163265,6.204081632653061,252.49072277602218
7.755102040816327,6.204081632653061,251.38354841852387
7.959183673469388,6.204081632653061,250.16160143599652
8.16326530612245,6.204081632653061,248.85085897555638
8.36734693877551,6.204081632653061,247.47956303418022
8.571428571428571,6.204081632653061,246.07676563581526
8.775510204081632,6.204081632653061,244.67092591246876
8.979591836734695,6.204081632653061,243.28866314474365
9.183673469387756,6.204081632653061,241.9537464732939
9.387755102040817,6.204081632653061,240.68637249836416
9.591836734693878,6.204081632653061,239.50275037821874
9.795918367346939,6.204081632653061,238.4149841978745
10.0,6.204081632653061,237.431217500968
0.0,6.367346938775509,241.83974070345286
0.20408163265306123,6.367346938775509,242.49387682548485
0.40816326530612246,6.367346938775509,243.14464014073195
0.6122448979591837,6.367346938775509,243.78817695919452
0.8163265306122449,6.367346938775509,244.42087690839722
1.0204081632653061,6.367346938775509,245.03945903464978
1.2244897959183674,6.367346938775509,245.64106766890743
1.4285714285714286,6.367346938775509,246.22337638090067
1.6326530612244898,6.367346938775509,246.7846965294117
1.836734693877551,6.367346938775509,247.32408462529332
2.0408163265306123,6.367346938775509,247.84144006658914
2.2448979591836737,6.367346938775509,248.3375820055511
2.4489795918367347,6.367346938775509,248.81429151668715
2.6530612244897958,6.367346938775509,249.27430332651738
2.857142857142857,6.367346938775509,249.7212307031203
3.0612244897959187,6.367346938775509,250.15940827801248
3.2653061224489797,6.367346938775509,250.59364110971836
3.4693877551020407,6.367346938775509,251.02885454005087
3.673469387755102,6.367346938775509,251.46964837541873
3.8775510204081636,6.367346938775509,251.91977026306986
4.081632653061225,6.367346938775509,252.38153595622654
4.285714285714286,6.367346938775509,252.8552371169478
4.4897959183673475,6.367346938775509,253.33858864052982
4.6938775510204085,6.367346938775509,253.82627524258666
4.8979591836734695,6.367346938775509,254.30965933932487
5.1020408163265305,6.367346938775509,254.7767075785988
5.3061224489795915,6.367346938775509,255.2121809769963
5.510204081632653,6.367346938775509,255.59811371717402
5.714285714285714,6.367346938775509,255.91457963432777
5.918367346938775,6.367346938775509,256.140715759605
6.122448979591837,6.367346938775509,256.25594236556856
6.326530612244898,6.367346938775509,256.2412926193526
6.530612244897959,6.367346938775509,256.0807459595128
6.73469387755102,6.367346938775509,255.7624507636903
6.938775510204081,6.367346938775509,255.2797256401739
7.142857142857143,6.367346938775509,254.63174503374162
7.346938775510204,6.367346938775509,253.82384232426867
7.551020408163265,6.367346938775509,252.86739915980985
7.755102040816327,6.367346938775509,251.7793291639783
7.959183673469388,6.367346938775509,250.58120258067677
8.16326530612245,6.367346938775509,249.29809120279774
8.36734693877551,6.367346938775509,247.95723624465356
8.571428571428571,6.367346938775509,246.58665320791746
8.775510204081632,6.367346938775509,245.21378649112168
8.979591836734695,6.367346938775509,243.86431345052324
9.183673469387756,6.367346938775509,242.56117525316816
9.387755102040817,6.367346938775509,241.32388360308153
9.591836734693878,6.367346938775509,240.16812213791331
9.795918367346939,6.367346938775509,239.10563270272897
10.0,6.367346938775509,238.14435287009897
0.0,6.530612244897958,242.65591592897198
0.20408163265306123,6.530612244897958,243.3099614505843
0.40816326530612246,6.530612244897958,243.96058524680657
0.6122448979591837,6.530612244897958,244.60391037039818
0.8163265306122449,6.530612244897958,245.23629384773145
1.0204081632653061,6.530612244897958,245.85440987366874
1.2244897959183674,6.530612244897958,246.45534225070196
1.4285714285714286,6.530612244897958,247.0366844710867
1.6326530612244898,6.530612244897958,247.59664411655973
1.836734693877551,6.530612244897958,248.13414607459353
2.0408163265306123,6.530612244897958,248.6489265470246
2.2448979591836737,6.530612244897958,249.14160716867417
2.4489795918367347,6.530612244897958,249.6137360937958
2.6530612244897958,6.530612244897958,250.06778109632168
2.857142857142857,6.530612244897958,250.50705910121144
3.0612244897959187,6.530612244897958,250.9355876801737
3.2653061224489797,6.530612244897958,251.35784740447752
3.4693877551020407,6.530612244897958,251.778449875759
3.673469387755102,6.530612244897958,252.2017147856774
3.8775510204081636,6.530612244897958,252.63117012294475
4.081632653061225,6.530612244897958,253.0690018255766
4.285714285714286,6.530612244897958,253.51549147979625
4.4897959183673475,6.530612244897958,253.96849143225214
4.6938775510204085,6.530612244897958,254.42299404987168
4.8979591836734695,6.530612244897958,254.87085403660413
5.1020408163265305,6.530612244897958,255.3007182793702
5.3061224489795915,6.530612244897958,255.69820591823265
5.510204081632653,6.530612244897958,256.0463624372305
5.714285714285714,6.530612244897958,256.3263868576823
5.918367346938775,6.530612244897958,256.5186029483586
6.122448979591837,6.530612244897958,256.60361695103836
6.326530612244898,6.530612244897958,256.5635793069051
6.530612244897959,6.530612244897958,256.38344983603355
6.73469387755102,6.530612244897958,256.05215770418323
6.938775510204081,6.530612244897958,255.56355108803444
7.142857142857143,6.530612244897958,254.91704698441964
7.346938775510204,6.530612244897958,254.11791771401704
7.551020408163265,6.530612244897958,253.17718444349265
7.755102040816327,6.530612244897958,252.1111254653995
7.959183673469388,6.530612244897958,250.94044346459924
8.16326530612245,6.530612244897958,249.6891671335537
8.36734693877551,6.530612244897958,248.38338463862934
8.571428571428571,6.530612244897958,247.04991725629796
8.775510204081632,6.530612244897958,245.71504026377238
8.979591836734695,6.530612244897958,244.4033457827518
9.183673469387756,6.530612244897958,243.13682103363433
9.387755102040817,6.530612244897958,241.93418861986686
9.591836734693878,6.530612244897958,240.8105267025195
9.795918367346939,6.530612244897958,239.77715977327333
10.0,6.530612244897958,238.8417880959173
0.0,6.693877551020408,243.47207478913222
0.20408163265306123,6.693877551020408,244.12601991086376
0.40816326530612246,6.693877551020408,244.77648909749914
0.6122448979591837,6.693877551020408,245.41957962902273
0.8163265306122449,6.693877551020408,246.05161240447092
1.0204081632653061,6.693877551020408,246.66921191606684
1.2244897959183674,6.693877551020408,247.2693948910005
1.4285714285714286,6.693877551020408,247.84966608276702
1.6326530612244898,6.693877551020408,248.40811807139545
1.836734693877551,6.693877551020408,248.94352988441912
2.0408163265306123,6.693877551020408,249.45545687594992
2.2448979591836737,6.693877551020408,249.94430179963217
2.4489795918367347,6.693877551020408,250.41135469650237
2.6530612244897958,6.693877551020408,250.8587875139601
2.857142857142857,6.693877551020408,251.28958878098283
3.0612244897959187,6.693877551020408,251.7074247158633
3.2653061224489797,6.693877551020408,252.11641630564478
3.4693877551020407,6.693877551020408,252.52082747723446
3.673469387755102,6.693877551020408,252.9246675099606
3.8775510204081636,6.693877551020408,253.33122097544182
4.081632653061225,6.693877551020408,253.7425299555025
4.285714285714286,6.693877551020408,254.15886487071467
4.4897959183673475,6.693877551020408,254.57823038599884
4.6938775510204085,6.693877551020408,254.99595979556844
4.8979591836734695,6.693877551020408,255.40445333760832
5.1020408163265305,6.693877551020408,255.7931117136619
5.3061224489795915,6.693877551020408,256.14850500303606
5.510204081632653,6.693877551020408,256.45479937484635
5.714285714285714,6.693877551020408,256.69444073815174
5.918367346938775,6.693877551020408,256.84906795845615
6.122448979591837,6.693877551020408,256.9006015227519
6.326530612244898,6.693877551020408,256.8324299921101
6.530612244897959,6.693877551020408,256.630599607485
6.73469387755102,6.693877551020408,256.28490477382934
6.938775510204081,6.693877551020408,255.78978051503208
7.142857142857143,6.693877551020408,255.14491261473077
7.346938775510204,6.693877551020408,254.35550573016334
7.551020408163265,6.693877551020408,253.4321815564635
7.755102040816327,6.693877551020408,252.3905143368771
7.959183673469388,6.693877551020408,251.2502453608921
8.16326530612245,6.693877551020408,250.03424739741874
8.36734693877551,6.693877551020408,248.76733084968774
8.571428571428571,6.693877551020408,247.47499359999347
8.775510204081632,6.693877551020408,246.18221535052234
8.979591836734695,6.693877551020408,244.91238560801162
9.183673469387756,6.693877551020408,243.6864344660814
9.387755102040817,6.693877551020408,242.522210077439
9.591836734693878,6.693877551020408,241.4341196374275
9.795918367346939,6.693877551020408,240.43302514285003
10.0,6.693877551020408,239.5263638810826
0.0,6.857142857142857,244.28822112440358
0.20408163265306123,6.857142857142857,244.9420583464395
0.40816326530612246,6.857142857142857,245.59236137423835
0.6122448979591837,6.857142857142857,246.23519978979783
0.8163265306122449,6.857142857142857,246.86685566612658
1.0204081632653061,6.857142857142857,247.48390008004907
1.2244897959183674,6.857142857142857,248.083277672966
1.4285714285714286,6.857142857142857,248.66239783087627
1.6326530612244898,6.857142857142857,249.21922954153814
1.836734693877551,6.857142857142857,249.7523950768899
2.0408163265306123,6.857142857142857,250.26125543409523
2.2448979591836737,6.857142857142857,250.74597813532
2.4489795918367347,6.857142857142857,251.2075758274711
2.6530612244897958,6.857142857142857,251.64790253333896
2.857142857142857,6.857142857142857,252.06959385492308
3.0612244897959187,6.857142857142857,252.4759384111969
3.2653061224489797,6.857142857142857,252.87067074423757
3.4693877551020407,6.857142857142857,253.25768113511583
3.673469387755102,6.857142857142857,253.64064526320166
3.8775510204081636,6.857142857142857,254.02258609989968
4.081632653061225,6.857142857142857,254.40539112486627
4.285714285714286,6.857142857142857,254.78931875895415
4.4897959183673475,6.857142857142857,255.17253736344563
4.6938775510204085,6.857142857142857,255.5507466269175
4.8979591836734695,6.857142857142857,255.91693307289202
5.1020408163265305,6.857142857142857,256.2613075270655
5.3061224489795915,6.857142857142857,256.5714620426181
5.510204081632653,6.857142857142857,256.83276718828927
5.714285714285714,6.857142857142857,257.0290089026946
5.918367346938775,6.857142857142857,257.14323938506055
6.122448979591837,6.857142857142857,257.1587915409746
6.326530612244898,6.857142857142857,257.06038453825744
6.530612244897959,6.857142857142857,256.8352321937742
6.73469387755102,6.857142857142857,256.474058784554
6.938775510204081,6.857142857142857,255.97193001885242
7.142857142857143,6.857142857142857,255.32882054533587
7.346938775510204,6.857142857142857,254.54986230338085
7.551020408163265,6.857142857142857,253.64524767628893
7.755102040816327,6.857142857142857,252.62979426591002
7.959183673469388,6.857142857142857,251.52221015066232
8.16326530612245,6.857142857142857,250.34412582906234
8.36734693877551,6.857142857142857,249.1189784930146
8.571428571428571,6.857142857142857,247.87084377383195
8.775510204081632,6.857142857142857,246.62330901994554
8.979591836734695,6.857142857142857,245.39847128846654
9.183673469387756,6.857142857142857,244.21612457945866
9.387755102040817,6.857142857142857,243.0931772739091
9.591836734693878,6.857142857142857,242.04331548066995
9.795918367346939,6.857142857142857,241.07690415355788
10.0,6.857142857142857,240.20109795934525
0.0,7.020408163265306,245.1043588557793
0.20408163265306123,7.020408163265306,245.75808302616772
0.40816326530612246,7.020408163265306,246.4082119614439
0.6122448979591837,7.020408163265306,247.05078622310623
0.8163265306122449,7.020408163265306,247.68204720428585
1.0204081632653061,7.020408163265306,248.29851001595142
1.2244897959183674,7.020408163265306,248.8970437717906
1.4285714285714286,7.020408163265306,249.47495793673673
1.6326530612244898,7.020408163265306,250.03009200504243
1.836734693877551,7.020408163265306,250.56090400834714
2.0408163265306123,7.020408163265306,251.06655130678774
2.2448979591836737,7.020408163265306,251.54695495931244
2.4489795918367347,7.020408163265306,252.0028369737936
2.6530612244897958,7.020408163265306,252.43571826827448
2.857142857142857,7.020408163265306,252.8478646663592
3.0612244897959187,7.020408163265306,253.24216915823934
3.2653061224489797,7.020408163265306,253.6219613892051
3.4693877551020407,7.020408163265306,253.99074015379753
3.673469387755102,7.020408163265306,254.35183160282992
3.8775510204081636,7.020408163265306,254.70798461670958
4.081632653061225,7.020408163265306,255.06092469104195
4.285714285714286,7.020408163265306,255.41089767400263
4.4897959183673475,7.020408163265306,255.75624343934467
4.6938775510204085,7.020408163265306,256.0930455644608
4.8979591836734695,7.020408163265306,256.4149048519306
5.1020408163265305,7.020408163265306,256.7128809330899
5.3061224489795915,7.020408163265306,256.975636631795
5.510204081632653,7.020408163265306,257.1898044236048
5.714285714285714,7.020408163265306,257.34057425989135
5.918367346938775,7.020408163265306,257.4124791569015
6.122448979591837,7.020408163265306,257.3903318784205
6.326530612244898,7.020408163265306,257.2602457323019
6.530612244897959,7.020408163265306,257.0106578602732
6.73469387755102,7.020408163265306,256.633266810603
6.938775510204081,7.020408163265306,256.12379908958013
7.142857142857143,7.020408163265306,255.48253200351283
7.346938775510204,7.020408163265306,254.71452130181257
7.551020408163265,7.020408163265306,253.82950955733787
7.755102040816327,7.020408163265306,252.84152160272927
7.959183673469388,7.020408163265306,251.768182971983
8.16326530612245,7.020408163265306,250.629822577788
8.36734693877551,7.020408163265306,249.4484388331728
8.571428571428571,7.020408163265306,248.2466172093932
8.775510204081632,7.020408163265306,247.04648621957023
8.979591836734695,7.020408163265306,245.86878875981705
9.183673469387756,7.020408163265306,244.7321284908965
9.387755102040817,7.020408163265306,243.65242915022841
9.591836734693878,7.020408163265306,242.64262133002208
9.795918367346939,7.020408163265306,241.7125492084965
10.0,7.020408163265306,240.86907133736386
0.0,7.183673469387754,245.920491845642
0.20408163265306123,7.183673469387754,246.57410012519844
0.40816326530612246,7.183673469387754,247.224050595784
0.6122448979591837,7.183673469387754,247.86635406957566
0.8163265306122449,7.183673469387754,248.49721023819058
1.0204081632653061,7.183673469387754,249.11307684121246
1.2244897959183674,7.183673469387754,249.71074556780937
1.4285714285714286,7.183673469387754,250.28742345242657
1.6326530612244898,7.183673469387754,250.84081724370517
1.836734693877551,7.183673469387754,251.36921660824694
2.0408163265306123,7.183673469387754,251.87157015501202
2.2448979591836737,7.183673469387754,252.34754629004198
2.4489795918367347,7.183673469387754,252.797569083052
2.6530612244897958,7.183673469387754,253.2228179817299
2.857142857142857,7.183673469387754,253.62517974465192
3.0612244897959187,7.183673469387754,254.00714179738793
3.2653061224489797,7.183673469387754,254.37161871984392
3.4693877551020407,7.183673469387754,254.72170798821995
3.673469387755102,7.183673469387754,255.06037744669567
3.8775510204081636,7.183673469387754,255.3900950011469
4.081632653061225,7.183673469387754,255.71242009505286
4.285714285714286,7.183673469387754,256.02758568816125
4.4897959183673475,7.183673469387754,256.33410747406816
4.6938775510204085,7.183673469387754,256.6284625599844
4.8979591836734695,7.183673469387754,256.90488145458016
5.1020408163265305,7.183673469387754,257.1552939117762
5.3061224489795915,7.183673469387754,257.3694604174907
5.510204081632653,7.183673469387754,257.53530704569
5.714285714285714,7.183673469387754,257.6394630209456
5.918367346938775,7.183673469387754,257.66797936583396
6.122448979591837,7.183673469387754,257.6071858675676
6.326530612244898,7.183673469387754,257.4446249865317
6.530612244897959,7.183673469387754,257.16998791195545
6.73469387755102,7.183673469387754,256.7759719312407
6.938775510204081,7.183673469387754,256.25898094402316
7.142857142857143,7.183673469387754,255.6196025152113
7.346938775510204,7.183673469387754,254.86281429081305
7.551020408163265,7.183673469387754,253.99789773668294
7.755102040816327,7.183673469387754,253.03806500660858
7.959183673469388,7.183673469387754,251.9998319030921
8.16326530612245,7.183673469387754,250.90219306490624
8.36734693877551,7.183673469387754,249.76567199264255
8.571428571428571,7.183673469387754,248.6113265735491
8.775510204081632,7.183673469387754,247.45978984817734
8.979591836734695,7.183673469387754,246.3304165431786
9.183673469387756,7.183673469387754,245.24059008577706
9.387755102040817,7.183673469387754,244.20522484143962
9.591836734693878,7.183673469387754,243.23647691165195
9.795918367346939,7.183673469387754,242.3436566202522
10.0,7.183673469387754,241.53331896724464
0.0,7.346938775510203,246.73662377099052
0.20408163265306123,7.346938775510203,247.3901155222914
0.40816326530612246,7.346938775510203,248.03988654659364
0.6122448979591837,7.346938775510203,248.6819177431252
0.8163265306122449,7.346938775510203,249.3123668726225
1.0204081632653061,7.346938775510203,249.92763398772968
1.2244897959183674,7.346938775510203,250.5244329272443
1.4285714285714286,7.346938775510203,251.0998677317348
1.6326530612244898,7.346938775510203,251.65151167410224
1.836734693877551,7.346938775510203,252.17748512986822
2.0408163265306123,7.346938775510203,252.67652680864146
2.2448979591836737,7.346938775510203,253.14805107391354
2.4489795918367347,7.346938775510203,253.5921824185209
2.6530612244897958,7.346938775510203,254.00975694163824
2.857142857142857,7.346938775510203,254.40228025187787
3.0612244897959187,7.346938775510203,254.77183197949847
3.2653061224489797,7.346938775510203,255.12090935607617
3.4693877551020407,7.346938775510203,255.45220633213611
3.673469387755102,7.346938775510203,255.7683304744637
3.8775510204081636,7.346938775510203,256.071467168985
4.081632653061225,7.346938775510203,256.36300889373206
4.285714285714286,7.346938775510203,256.64317564913557
4.4897959183673475,7.346938775510203,256.9106599156803
4.6938775510204085,7.346938775510203,257.1623344948905
4.8979591836734695,7.346938775510203,257.3930630650411
5.1020408163265305,7.346938775510203,257.5956502884919
5.3061224489795915,7.346938775510203,257.7609603505918
5.510204081632653,7.346938775510203,257.87822003877375
5.714285714285714,7.346938775510203,257.9355057671093
5.918367346938775,7.346938775510203,257.92039491385384
6.122448979591837,7.346938775510203,257.82074263358976
6.326530612244898,7.346938775510203,257.62552839986944
6.530612244897959,7.346938775510203,257.32570434694395
6.73469387755102,7.346938775510203,256.914971994621
6.938775510204081,7.346938775510203,256.39041636168673
7.142857142857143,7.346938775510203,255.75293697813632
7.346938775510204,7.346938775510203,255.00743295698933
7.551020408163265,7.346938775510203,254.1627221209123
7.755102040816327,7.346938775510203,253.23119947493788
7.959183673469388,7.346938775510203,252.22826498632102
8.16326530612245,7.346938775510203,251.17157168113562
8.36734693877551,7.346938775510203,250.08016003521212
8.571428571428571,7.346938775510203,248.97355194976257
8.775510204081632,7.346938775510203,247.87087676736007
8.979591836734695,7.346938775510203,246.7900934099745
9.183673469387756,7.346938775510203,245.74735835975426
9.387755102040817,7.346938775510203,244.75657105845863
9.591836734693878,7.346938775510203,243.82910885699016
9.795918367346939,7.346938775510203,242.97374528849656
10.0,7.346938775510203,242.1967301316769
0.0,7.5102040816326525,247.55275801453976
0.20408163265306123,7.5102040816326525,248.20613462570736
0.40816326530612246,7.5102040816326525,248.85572834134828
0.6122448979591837,7.5102040816326525,249.49749050407448
0.8163265306122449,7.5102040816326525,250.12753744323558
1.0204081632653061,7.5102040816326525,250.74221221172172
1.2244897959183674,7.5102040816326525,251.3381517253388
1.4285714285714286,7.5102040816326525,251.91235825767455
1.6326530612244898,7.5102040816326525,252.4622731958963
1.836734693877551,7.5102040816326525,252.98584964109543
2.0408163265306123,7.5102040816326525,253.4816189039181
2.2448979591836737,7.5102040816326525,253.94874433154288
2.4489795918367347,7.5102040816326525,254.3870544085841
2.6530612244897958,7.5102040816326525,254.79704597578146
2.857142857142857,7.5102040816326525,255.17984803216504
3.0612244897959187,7.5102040816326525,255.53713727047167
3.2653061224489797,7.5102040816326525,255.8709985455359
3.4693877551020407,7.5102040816326525,256.183727089136
3.673469387755102,7.5102040816326525,256.47757448240395
3.8775510204081636,7.5102040816326525,256.7544469567848
4.081632653061225,7.5102040816326525,257.01557201380996
4.285714285714286,7.5102040816326525,257.2611568489685
4.4897959183673475,7.5102040816326525,257.4900686236914
4.6938775510204085,7.5102040816326525,257.69957112017795
4.8979591836734695,7.5102040816326525,257.8851536437868
5.1020408163265305,7.5102040816326525,258.0404853431251
5.3061224489795915,7.5102040816326525,258.1575209553482
5.510204081632653,7.5102040816326525,258.22677248683664
5.714285714285714,7.5102040816326525,258.23774630177326
5.918367346938775,7.5102040816326525,258.17952795165047
6.122448979591837,7.5102040816326525,258.04147978775194
6.326530612244898,7.5102040816326525,257.8140011786318
6.530612244897959,7.5102040816326525,257.489290182779
6.73469387755102,7.5102040816326525,257.06204058966614
6.938775510204081,7.5102040816326525,256.53001042351843
7.142857142857143,7.5102040816326525,255.89440746318886
7.346938775510204,7.5102040816326525,255.16005322421904
7.551020408163265,7.5102040816326525,254.33530740915486
7.755102040816327,7.5102040816326525,253.43175760841402
7.959183673469388,7.5102040816326525,252.46370124619406
8.16326530612245,7.5102040816326525,251.44746571759393
8.36734693877551,7.5102040816326525,250.400626139953
8.571428571428571,7.5102040816326525,249.34118672560908
8.775510204081632,7.5102040816326525,248.28679103169293
8.979591836734695,7.5102040816326525,247.25401880276928
9.183673469387756,7.5102040816326525,246.25781419167672
9.387755102040817,7.5102040816326525,245.311073806566
9.591836734693878,7.5102040816326525,244.42440552448502
9.795918367346939,7.5102040816326525,243.60605248231516
10.0,7.5102040816326525,242.86196287334513
0.0,7.673469387755102,248.36889757771579
0.20408163265306123,7.673469387755102,249.02216223410494
0.40816326530612246,7.673469387755102,249.67158354633347
0.6122448979591837,7.673469387755102,250.31308411808172
0.8163265306122449,7.673469387755102,250.94273999351304
1.0204081632653061,7.673469387755102,251.5568388026633
1.2244897959183674,7.673469387755102,252.15194266642325
1.4285714285714286,7.673469387755102,252.72495490678634
1.6326530612244898,7.673469387755102,253.2731886738084
1.836734693877551,7.673469387755102,253.79443442180224
2.0408163265306123,7.673469387755102,254.28702180014932
2.2448979591836737,7.673469387755102,254.74987008408812
2.4489795918367347,7.673469387755102,255.18251993908632
2.6530612244897958,7.673469387755102,255.58513833304232
2.857142857142857,7.673469387755102,255.95848807431818
3.0612244897959187,7.673469387755102,256.30385406540626
3.2653061224489797,7.673469387755102,256.62292019281296
3.4693877551020407,7.673469387755102,256.91759400013467
3.673469387755102,7.673469387755102,257.18978093120234
3.8775510204081636,7.673469387755102,257.44111578579657
4.081632653061225,7.673469387755102,257.672665653027
4.285714285714286,7.673469387755102,257.88462527769053
4.4897959183673475,7.673469387755102,258.0760316696111
4.6938775510204085,7.673469387755102,258.2445287751722
4.8979591836734695,7.673469387755102,258.3862142188263
5.1020408163265305,7.673469387755102,258.4955977193925
5.3061224489795915,7.673469387755102,258.56569439568773
5.510204081632653,7.673469387755102,258.58826591742354
5.714285714285714,7.673469387755102,258.55420903928604
5.918367346938775,7.673469387755102,258.45407576235147
6.122448979591837,7.673469387755102,258.2786939379677
6.326530612244898,7.673469387755102,258.0198435482575
6.530612244897959,7.673469387755102,257.6709341074201
6.73469387755102,7.673469387755102,257.22762422342623
6.938775510204081,7.673469387755102,256.68832630722665
7.142857142857143,7.673469387755102,256.05454785881926
7.346938775510204,7.673469387755102,255.33103494300397
7.551020408163265,7.673469387755102,254.52570181611156
7.755102040816327,7.673469387755102,253.64935099109155
7.959183673469388,7.673469387755102,252.7152078509675
8.16326530612245,7.673469387755102,251.73831083347963
8.36734693877551,7.673469387755102,250.73481023665832
8.571428571428571,7.673469387755102,249.72123457087037
8.775510204081632,7.673469387755102,248.7137827120983
8.979591836734695,7.673469387755102,247.7276933824816
9.183673469387756,7.673469387755102,246.77673194467184
9.387755102040817,7.673469387755102,245.87281991662985
9.591836734693878,7.673469387755102,245.02581698906383
9.795918367346939,7.673469387755102,244.24345057601556
10.0,7.673469387755102,243.5313756287319
0.0,7.836734693877551,249.18504501792938
0.20408163265306123,7.836734693877551,249.83820243625448
0.40816326530612246,7.836734693877551,250.48745860851807
0.6122448979591837,7.836734693877551,251.12870861025544
0.8163265306122449,7.836734693877551,251.75798989768003
1.0204081632653061,7.836734693877551,252.37153701296768
1.2244897959183674,7.836734693877551,252.9658404332436
1.4285714285714286,7.836734693877551,253.5377086977903
1.6326530612244898,7.836734693877551,254.08433212224978
1.836734693877551,7.836734693877551,254.60334536655168
2.0408163265306123,7.836734693877551,255.09288491490904
2.2448979591836737,7.836734693877551,255.55163625350107
2.4489795918367347,7.836734693877551,255.9788643546225
2.6530612244897958,7.836734693877551,256.37442021104886
2.857142857142857,7.836734693877551,256.7387158682817
3.0612244897959187,7.836734693877551,257.07266094490035
3.2653061224489797,7.836734693877551,257.3775552520923
3.4693877551020407,7.836734693877551,257.6549349787813
3.673469387755102,7.836734693877551,257.90637401444593
3.8775510204081636,7.836734693877551,258.13324716276276
4.081632653061225,7.836734693877551,258.33646785868035
4.285714285714286,7.836734693877551,258.51621892085774
4.4897959183673475,7.836734693877551,258.6717000517086
4.6938775510204085,7.836734693877551,258.8009193452815
4.8979591836734695,7.836734693877551,258.90055711631516
5.1020408163265305,7.836734693877551,258.96592824017085
5.3061224489795915,7.836734693877551,258.99106354288335
5.510204081632653,7.836734693877551,258.9689217085141
5.714285714285714,7.836734693877551,258.89173130436075
5.918367346938775,7.836734693877551,258.7514489987824
6.122448979591837,7.836734693877551,258.5403064008935
6.326530612244898,7.836734693877551,258.2514059404012
6.530612244897959,7.836734693877551,257.8793175479415
6.73469387755102,7.836734693877551,257.42062400166645
6.938775510204081,7.836734693877551,256.87436452959156
7.142857142857143,7.836734693877551,256.24233372544836
7.346938775510204,7.836734693877551,255.52920538207488
7.551020408163265,7.836734693877551,254.74246707647276
7.755102040816327,7.836734693877551,253.89216931985493
7.959183673469388,7.836734693877551,252.99051061973591
8.16326530612245,7.836734693877551,252.05129476095664
8.36734693877551,7.836734693877551,251.08930725063394
8.571428571428571,7.836734693877551,250.11966306927295
8.775510204081632,7.836734693877551,249.15717727689332
8.979591836734695,7.836734693877551,248.21580407119748
9.183673469387756,7.836734693877551,247.30817968770796
9.387755102040817,7.836734693877551,246.44529163526406
9.591836734693878,7.836734693877551,245.6362829397228
9.795918367346939,7.836734693877551,244.88838701996414
10.0,7.836734693877551,244.20697793963618
0.0,8.0,250.00120241086492
0.20408163265306123,8.0,250.65425855074548
0.40816326530612246,8.0,251.30335876048846
0.6122448979591837,8.0,251.94437211732583
0.8163265306122449,8.0,252.5732996339975
1.0204081632653061,8.0,253.1863257151099
1.2244897959183674,8.0,253.7798731755342
1.4285714285714286,8.0,254.35066103927093
1.6326530612244898,8.0,254.8957636139153
1.836734693877551,8.0,255.4126684230891
2.0408163265306123,8.0,255.8993295207465
2.2448979591836737,8.0,256.3542115965382
2.4489795918367347,8.0,256.7763192508846
2.6530612244897958,8.0,257.1652050613556
2.857142857142857,8.0,257.52094980379366
3.0612244897959187,8.0,257.8441086687932
3.2653061224489797,8.0,258.13561873672165
3.4693877551020407,8.0,258.39666547939566
3.673469387755102,8.0,258.62850965765466
3.8775510204081636,8.0,258.83228052802497
4.081632653061225,8.0,259.0087464104296
4.285714285714286,8.0,259.15807886016944
4.4897959183673475,8.0,259.2796312308137
4.6938775510204085,8.0,259.37175552703053
4.8979591836734695,8.0,259.4316823715711
5.1020408163265305,8.0,259.45548705078386
5.3061224489795915,8.0,259.4381596512798
5.510204081632653,8.0,259.37378934891467
5.714285714285714,8.0,259.2558625097994
5.918367346938775,8.0,259.07766240697117
6.122448979591837,8.0,258.8327463952522
6.326530612244898,8.0,258.515465858585
6.530612244897959,8.0,258.1214866553694
6.73469387755102,8.0,257.6482643743518
6.938775510204081,8.0,257.09543022604845
7.142857142857143,8.0,256.4650499430538
7.346938775510204,8.0,255.761729062667
7.551020408163265,8.0,254.9925521947235
7.755102040816327,8.0,254.16685964024325
7.959183673469388,8.0,253.29588009853705
8.16326530612245,8.0,252.39225131581696
8.36734693877551,8.0,251.469469854812
8.571428571428571,8.0,250.54131572129654
8.775510204081632,8.0,249.62129706314613
8.979591836734695,8.0,248.72215493944415
9.183673469387756,8.0,247.85545920839343
9.387755102040817,8.0,247.03131527608528
9.591836734693878,8.0,246.25818933126652
9.795918367346939,8.0,245.54284825081047
10.0,8.0,244.89040082073893
